xi,model,dose,dose_mode,seed,position,n_train,n_est,sd_shift,y0_over_max,local_q50,local_q90,local_q99,global_q50,global_q90,global_q99,xi_without,xi_with,seconds,reason
0.3,LimiX-2,1.0,max,7000,centre,2000,1,1.0657860587309425,1.0,0.014769751341353169,0.003568505702229125,0.022042890071482267,-0.004624394139939807,-0.005828428233496449,0.011872295007602111,0.30499963425281246,0.3170490349024168,136.0,
0.3,LimiX-2,3.0,max,7000,centre,2000,1,1.510872745441988,3.0,0.053247695729604354,0.015941298548524843,0.009286009998473965,0.06055697522856235,0.01589643268973589,0.010192620204820296,0.30499963425281246,0.30313968433311783,10.4,
0.3,LimiX-2,10.0,max,7000,centre,2000,1,3.934118911478225,10.0,0.1078082955165856,0.05773239529698518,-0.0030311976127426433,0.08905638533751842,0.0442345565202064,0.0030761506018012925,0.30499963425281246,0.27835730041827594,10.0,
0.3,LimiX-2,100.0,max,7000,centre,2000,1,38.1745230829525,100.00000000000001,0.6665894804289185,0.2585704725972413,0.027897062752260074,0.6655765767182863,0.2636592906939114,0.04262590163806337,0.30499963425281246,0.16775546983627446,10.6,
0.3,LimiX-2,1.0,max,8000,centre,2000,1,1.0601567573936492,1.0,0.012696054761811355,0.01925049922707656,0.053927624833401744,0.0008994271609907456,0.0053884394639886705,0.029846256019043203,0.23784987226140875,0.25028501620468924,20.0,
0.3,LimiX-2,3.0,max,8000,centre,2000,1,1.4722753445544101,3.0,0.025723886857743752,0.02416366479857632,0.07260654640754857,0.021215155675627775,0.01724394368270253,0.05024411696685239,0.23784987226140875,0.25453441739423327,10.8,
0.3,LimiX-2,10.0,max,8000,centre,2000,1,3.7641014465240175,10.0,0.1416979401372203,0.07081591162554902,0.08303015298117142,0.11049606563099154,0.0503638962826103,0.048845098780170876,0.23784987226140875,0.23421137964988337,8.1,
0.3,LimiX-2,100.0,max,8000,centre,2000,1,36.40420400356314,100.0,0.5939328914249694,0.34317475340874126,0.2304662866012987,0.5162361994307556,0.26037025167644834,0.16037897121534056,0.23784987226140875,0.15726268788155012,7.2,
0.3,LimiX-2,1.0,max,9000,centre,2000,1,1.064981916957451,1.0,0.01802371917811569,0.021196727478750472,0.025540923061598025,0.010145375848023858,0.008078319855750752,0.013175727167433104,0.29418102485624525,0.29298452831227106,10.6,
0.3,LimiX-2,3.0,max,9000,centre,2000,1,1.5033853746873012,3.0,0.023988747829431348,0.02148191156237767,0.048804052202845755,0.0203582109059936,0.014241524808133288,0.028025625343328784,0.29418102485624525,0.3131471685846144,10.1,
0.3,LimiX-2,10.0,max,9000,centre,2000,1,3.898459750051869,10.0,0.13383468190892087,0.07656335932320596,0.07450925718698566,0.10845429403204983,0.06729656771228155,0.046147974822291535,0.29418102485624525,0.2846397223374797,10.2,
0.3,LimiX-2,100.0,max,9000,centre,2000,1,37.792233079621965,100.0,0.6078556633398728,0.32362198643022033,0.15329691781890367,0.5866219879885293,0.344212525376835,0.13690219993243566,0.29418102485624525,0.14449532895692502,11.5,
0.3,LimiX-2,1.0,max,10000,centre,2000,1,1.0704296233011468,1.0,0.011640220336024678,0.0013291328367846128,0.004075955327504173,0.016264027757293662,0.003971261777678187,0.003559035745863944,0.32558272153728435,0.32707432263585406,21.7,
0.3,LimiX-2,3.0,max,10000,centre,2000,1,1.539289669388078,3.0,0.02727272494800175,0.015264504296278153,0.03139304714610536,0.021361379325809154,0.0030169757251699795,-0.00283374362306905,0.32558272153728435,0.3225601856968646,11.8,
0.3,LimiX-2,10.0,max,10000,centre,2000,1,4.0533639058963296,10.0,0.10456274955973077,0.04509603968258031,0.016961209390692372,0.10623250614529128,0.04814227313689713,0.020785811755112217,0.32558272153728435,0.31139798691416704,11.7,
0.3,LimiX-2,100.0,max,10000,centre,2000,1,39.39702083537863,100.0,0.6196109731784372,0.3753599991463743,0.12320697788659116,0.5935305894029769,0.38227137460221283,0.12408992379119324,0.32558272153728435,0.17214298997053554,11.9,
0.3,LimiX-2,1.0,max,11000,centre,2000,1,1.0422467964842481,1.0,0.0019472496816267146,0.008541813524386682,0.020787990075437964,0.004597883512377785,0.006597634506643725,0.017801770661830363,0.25302949185826495,0.2607601486955839,20.6,
0.3,LimiX-2,3.0,max,11000,centre,2000,1,1.3512851708403242,3.0,0.03992149504735301,0.01624858943340961,0.021955290407135196,0.01280257765150513,-0.006157472488568332,0.004650965282322954,0.25302949185826495,0.25056213190241733,9.7,
0.3,LimiX-2,10.0,max,11000,centre,2000,1,3.2191167466519923,10.0,0.13509602340947824,0.07569471725682368,0.09912540451820293,0.11171206427951907,0.064592667384397,0.07072294044551936,0.25302949185826495,0.26360239656358625,11.0,
0.3,LimiX-2,100.0,max,11000,centre,2000,1,30.729757461288457,100.0,0.4870744850814319,0.12882136119466137,0.08789461777227534,0.47728852398325183,0.11461688435475462,0.07253072704991285,0.25302949185826495,0.21861178486730248,9.8,
0.7,LimiX-2,1.0,max,7000,centre,2000,1,1.1386688351155791,1.0,0.006300391167272879,0.01024212167238497,-0.04536204763809866,0.004934718170512296,-0.0005501493083901704,-0.05726656523680945,0.6406354872527982,0.6055814348484712,20.3,
0.7,LimiX-2,3.0,max,7000,centre,2000,1,1.9274553655103395,3.0,0.08830619797187661,0.07361850861033128,0.04575913037754992,0.07672233633690598,0.043316883670080186,-0.0048586463922559945,0.6406354872527982,0.6160088126367875,10.1,
0.7,LimiX-2,10.0,max,7000,centre,2000,1,5.597927440281326,10.0,0.3415722128154844,0.11094264335464679,0.1037701215547843,0.3240591695182905,0.09807615520872573,0.06128103422322313,0.6406354872527982,0.6285214967760397,10.8,
0.7,LimiX-2,100.0,max,7000,centre,2000,1,55.14591115252058,100.0,1.5947797514136255,1.915467797871694,0.45637124302593923,1.5461354740415754,1.8970315901519907,0.33475720229969663,0.6406354872527982,0.1514460981895096,9.4,
0.7,LimiX-2,1.0,max,8000,centre,2000,1,1.3867505334459929,1.0,0.1130708605959985,0.07645123180124128,0.1170124101657192,0.09316612806203797,0.05967127625683809,0.057755898369786035,0.5339414925158776,0.5538758705659063,20.2,
0.7,LimiX-2,3.0,max,8000,centre,2000,1,3.05581371208375,3.0,0.3000713387997924,0.12875245719102196,0.12845747303053243,0.2807084762816602,0.1205883784550455,0.07260649896681175,0.5339414925158776,0.535966686980721,11.2,
0.7,LimiX-2,10.0,max,8000,centre,2000,1,9.682555422892834,10.0,0.7015695787123011,0.9353838516408636,0.26195937573564404,0.6988361998842307,0.8848336424146309,0.2614156540475292,0.5339414925158776,0.2558314624809455,10.6,
0.7,LimiX-2,100.0,max,8000,centre,2000,1,96.33373789244148,100.0,0.4099666440001112,12.035269670453555,4.79477981245549,0.5645706030403049,11.425436321583494,4.29561274089554,0.5339414925158776,-0.06205337604201045,10.2,
0.7,LimiX-2,1.0,max,9000,centre,2000,1,1.3921974037272025,1.0,0.094284204659273,0.05226330717000464,0.12063817547772433,0.08363098204784888,0.05153057195630437,0.07726490922615253,0.6258676599266498,0.6397891130621035,20.6,
0.7,LimiX-2,3.0,max,9000,centre,2000,1,3.0772398469666746,3.0,0.4017699026453658,0.20373415641552117,0.05257778727212213,0.38753451331248046,0.227643849821424,0.014861489072392545,0.6258676599266498,0.5184617347222508,11.1,
0.7,LimiX-2,10.0,max,9000,centre,2000,1,9.756699063683437,10.0,0.8837883705422764,1.3631918565807895,0.22302758374406792,0.8514182112178889,1.4298461400508526,0.15574612019123463,0.6258676599266498,0.15507735564719283,9.5,
0.7,LimiX-2,100.0,max,9000,centre,2000,1,97.07519548519522,100.0,0.7656353762240938,16.00892858085775,5.454336798235195,0.4957867152836052,16.790322707943496,5.374921330089487,0.6258676599266498,-0.06263844828952445,10.0,
0.7,LimiX-2,1.0,max,10000,centre,2000,1,1.2251810944647898,1.0,0.013517612809663751,0.009119733079934682,0.04775535034943235,0.012659838750294188,0.008325069736295734,-0.004963077648530871,0.6486561740514699,0.6376719180029872,20.5,
0.7,LimiX-2,3.0,max,10000,centre,2000,1,2.355685973016287,3.0,0.19523355451635127,0.07498349656811143,0.08192139894537419,0.1826710082906357,0.07464691329063791,0.060478423768483495,0.6486561740514699,0.6421941173840392,11.3,
0.7,LimiX-2,10.0,max,10000,centre,2000,1,7.189667180693489,10.0,0.5899874429490193,0.24648102366815022,0.1811743471941168,0.5562067023179507,0.2501154958581219,0.07319777780303578,0.6486561740514699,0.6001959491508956,10.1,
0.7,LimiX-2,100.0,max,10000,centre,2000,1,71.24286753860055,100.0,1.7254698659938872,4.980714399324441,1.071652844422379,1.563747192663297,5.030123080575304,1.08282041530682,0.6486561740514699,-0.004753547226430334,10.3,
0.7,LimiX-2,1.0,max,11000,centre,2000,1,1.1163306015698398,1.0,0.026229378653853504,0.039720970987994514,0.063996885636085,0.021740561770956863,0.021592557215467312,0.014744645281838104,0.5740827532223488,0.5764153879123955,20.8,
0.7,LimiX-2,3.0,max,11000,centre,2000,1,1.8050896469877702,3.0,0.12244438515653865,0.11364999041071382,0.1476558303917337,0.10146418775643325,0.07342623437810888,0.06020661079537766,0.5740827532223488,0.5752696413462022,10.7,
0.7,LimiX-2,10.0,max,11000,centre,2000,1,5.123360006244052,10.0,0.36391352625253237,0.15929323309959206,0.19427540979110175,0.35066880223814983,0.14030085268932896,0.12567353634405848,0.5740827532223488,0.5818126850634289,10.6,
0.7,LimiX-2,100.0,max,11000,centre,2000,1,50.31667438881354,100.0,1.5858905016689584,1.3902920043954943,0.3753908830966401,1.564484335531853,1.4032032488969208,0.30822388048177723,0.5740827532223488,0.19737577902058517,11.6,
