xi,model,dose,seed,position,n_train,n_est,local_q50,local_q90,local_q99,global_q50,global_q90,global_q99,xi_without,xi_with,seconds,reason
0.3,EXAONE,1.0,7000,centre,2000,4,0.0040217325820117,-0.0046876523687081,0.0594394485984984,0.0028669087666273,-0.0123943995830377,0.0294122117436047,0.3092328573423606,0.3315722927353252,529.1,
0.3,EXAONE,5.0,7000,centre,2000,4,-0.0064578748276825,-0.0690331338200962,0.0696614371196669,-0.0080475246661909,-0.0676810835929,0.0381893104437414,0.3092328573423606,0.3823293596782789,142.5,
0.3,EXAONE,10.0,7000,centre,2000,4,0.0390136585434986,-0.1029298320866666,0.0013096991104035,0.032841196245933,-0.098850914191441,-0.0280449765259083,0.3092328573423606,0.3694952669500388,139.6,
0.3,EXAONE,100.0,7000,centre,2000,4,0.1982310824382634,-0.0996582352092446,-0.0023676498703972,0.1668942241524915,-0.1067693985061646,-0.0454970082795678,0.3092328573423606,0.3548196433312371,145.6,
0.3,EXAONE,1.0,8000,centre,2000,4,0.0021756595797969,0.0043984830401742,0.0550656235238655,0.0007739491481712,-0.0035888466209488,0.0297496172033768,0.3023002322626905,0.3245838680521981,954.2,
0.3,EXAONE,5.0,8000,centre,2000,4,-0.0003715498353739,-0.0460492134571254,0.063876279785689,-0.0063707901502864,-0.0520287866324305,0.020973039462958,0.3023002322626905,0.3623814787686192,172.3,
0.3,EXAONE,10.0,8000,centre,2000,4,0.0242018029681772,-0.074631252493251,0.008406827593482,0.0162492513705269,-0.0825618946199082,-0.0273167669987283,0.3023002322626905,0.354896545752573,172.5,
0.3,EXAONE,100.0,8000,centre,2000,4,0.1904464825285427,-0.0383464806922535,0.030974720832214,0.1403104662785447,-0.078991894848201,-0.0186926489338412,0.3023002322626905,0.3483361196837502,11566.9,
0.3,EXAONE,1.0,9000,centre,2000,4,0.0082820573071546,0.0070649252660579,0.0612842348705765,0.0028805727815067,-0.0015548247049416,0.0350454231676043,0.3565486301463727,0.3809041076389597,276.1,
0.3,EXAONE,5.0,9000,centre,2000,4,-0.0007800863064414,-0.0465415815663993,0.0820074784031472,-0.0018914877217205,-0.0571845399999542,0.0236356697790751,0.3565486301463727,0.4177550229341695,146.5,
0.3,EXAONE,10.0,9000,centre,2000,4,0.02157180563244,-0.0783108103252162,0.0253181558370121,0.0251248275889802,-0.08731772873708,-0.0322468129006672,0.3565486301463727,0.4030564179384248,147.6,
0.3,EXAONE,100.0,9000,centre,2000,4,0.2108038406903999,-0.0662495365018169,-0.0227177959628945,0.1729668573762026,-0.0793751797207261,-0.0758898588318643,0.3565486301463727,0.3541936998645199,153.0,
0.7,EXAONE,1.0,7000,centre,2000,4,0.0164349161039435,-0.0033401727524565,0.0860451609813693,0.0119252120146171,-0.0126107419532458,0.0265284010166171,0.68909544982255,0.709101987523664,314.6,
0.7,EXAONE,5.0,7000,centre,2000,4,0.0432290693464067,-0.0837298498894387,0.0858107431744369,0.0379419259990506,-0.0832669442910015,0.0436044071982774,0.68909544982255,0.756944848795731,153.9,
0.7,EXAONE,10.0,7000,centre,2000,4,0.071250920750452,-0.110491300786002,0.1011595342316808,0.0655390035056475,-0.1110970021033339,0.0598315584126889,0.68909544982255,0.7770905774112237,154.8,
0.7,EXAONE,100.0,7000,centre,2000,4,0.6159853518971475,0.3391795113170459,-0.0059540998449462,0.6666177565956433,0.3050037298789199,-0.0123500554736816,0.68909544982255,0.5314027335082558,121.4,
0.7,EXAONE,1.0,8000,centre,2000,4,0.0361846573944824,0.0094743804921196,0.0480309630896855,0.0375341431042472,0.0122175908148919,0.0292216515550169,0.6949438179877913,0.703566608095847,241.5,
0.7,EXAONE,5.0,8000,centre,2000,4,0.1321337384832345,0.0793674020749077,0.2300659393435831,0.120641111551388,0.0579795414236426,0.106884486393626,0.6949438179877913,0.7261306443454555,117.1,
0.7,EXAONE,10.0,8000,centre,2000,4,0.2710737927814918,0.2469329391441646,0.2394980829702516,0.2322141205534162,0.2151952720310493,0.1471035319290433,0.6949438179877913,0.6618355474692512,116.2,
0.7,EXAONE,100.0,8000,centre,2000,4,2.5603526945775985,3.374126257954217,1.8065307345645727,2.338438639192384,2.862814710455138,1.477395392119528,0.6949438179877913,0.4432836255364679,118.0,
0.7,EXAONE,1.0,9000,centre,2000,4,0.0432223120584529,0.0164881081345418,0.0821963758952601,0.0254763064667278,0.0176910277662566,0.0505329393691621,0.7747878278430844,0.7935747339435841,239.4,
0.7,EXAONE,5.0,9000,centre,2000,4,0.1925359899113725,0.15228394248128,0.2160757172152725,0.1589158161908568,0.1511547141160396,0.0440126121204238,0.7747878278430844,0.7229630868403576,120.2,
0.7,EXAONE,10.0,9000,centre,2000,4,0.4272413063396605,0.3881700602144141,0.170479802260965,0.3570732592224788,0.3346236359130735,0.0176788128085611,0.7747878278430844,0.6156762181618909,112.6,
0.7,EXAONE,100.0,9000,centre,2000,4,3.1472872882306424,4.0944139079406,1.6313953986025918,2.835670117147411,4.057906888694053,1.6714242938715196,0.7747878278430844,0.4190723859749212,110.3,
0.3,EXAONE,1.0,10000,centre,2000,4,-0.0100923075060261,-0.0068074498942605,0.0706506098561391,-0.0042498897618415,-0.0112046312104228,0.0293997034065129,0.3502802563273521,0.3693942898178279,182.6,
0.3,EXAONE,5.0,10000,centre,2000,4,-0.0154671951134205,-0.0638870650184851,0.0739611116086298,-0.0030332700953975,-0.059154274717348,-0.0041839349501313,0.3502802563273521,0.3939783320196277,108.5,
0.3,EXAONE,10.0,10000,centre,2000,4,0.0202807986270416,-0.097391302966391,0.0253470862596627,0.0329742896782841,-0.0842001408949024,-0.0458981556856649,0.3502802563273521,0.3791565045424721,115.5,
0.3,EXAONE,100.0,10000,centre,2000,4,0.1795644681368884,-0.0630148057893228,0.0737856149884854,0.169710585000522,-0.0536416236917889,-0.0497650315442836,0.3502802563273521,0.359248703877932,109.1,
0.3,EXAONE,1.0,11000,centre,2000,4,0.0090686860964571,0.0165994602063885,0.0715895893756067,0.0044620259025388,0.0046696360255589,0.0411050926662429,0.292179425055326,0.3123453625542671,215.9,
0.3,EXAONE,5.0,11000,centre,2000,4,-0.0206758160791668,-0.0461838116526597,0.0889549786555963,-0.0215473741748086,-0.0502405856188956,0.04910619656137,0.292179425055326,0.3478542859874774,108.6,
0.3,EXAONE,10.0,11000,centre,2000,4,0.0127703037065328,-0.0836888606270153,0.048182301254356,0.0114218036122166,-0.0880285879111832,-0.004679562118516,0.292179425055326,0.3468005381664371,107.2,
0.3,EXAONE,100.0,11000,centre,2000,4,0.2133086254317074,-0.1061964862133477,0.0071992045031669,0.1914242112019091,-0.12828747861316,-0.0751597059374382,0.292179425055326,0.3284834342194465,107.5,
0.7,EXAONE,1.0,10000,centre,2000,4,0.013272331154102,-0.0030315228766481,0.076486823138546,0.0138429288003101,-0.0044938647893932,0.0161398254416658,0.7299908574601572,0.7404166081633252,216.6,
0.7,EXAONE,5.0,10000,centre,2000,4,0.0328550468959076,-0.070415256413868,0.1472176600519941,0.0296168497062159,-0.0558408749429804,0.0842435861477762,0.7299908574601572,0.8006616410099884,109.5,
0.7,EXAONE,10.0,10000,centre,2000,4,0.084690350419077,-0.0113060664739668,0.2203773495753355,0.0766239776878777,-0.0121364886802898,0.0928758055656389,0.7299908574601572,0.7980390702886514,117.7,
0.7,EXAONE,100.0,10000,centre,2000,4,1.2316482727936977,1.0707387466117628,0.2075522396724274,1.3152563205795622,1.0070504985806674,0.1841500865142498,0.7299908574601572,0.4797716938378693,117.0,
0.7,EXAONE,1.0,11000,centre,2000,4,0.0206176544829817,0.0122084617587028,0.0880045261815333,0.0144299793657862,-0.0024069010432105,0.0391475067489275,0.6398824737008136,0.6604366961689683,218.1,
0.7,EXAONE,5.0,11000,centre,2000,4,0.0577352670941037,-0.0581565099307842,0.1386095540567606,0.044985352573578,-0.0746084281193098,0.0720722109721064,0.6398824737008136,0.7175818024127963,116.2,
0.7,EXAONE,10.0,11000,centre,2000,4,0.0988084053515043,-0.1041287121071521,0.1232121755301999,0.0829249080338995,-0.1162287059070519,0.0603599145875412,0.6398824737008136,0.7348348459713359,107.5,
0.7,EXAONE,100.0,11000,centre,2000,4,0.598787549521163,0.1483410681611353,0.0762757211248183,0.6418529026842894,0.1132653659492208,0.0142980903482546,0.6398824737008136,0.5819602077966565,107.6,
0.9,EXAONE,1.0,7000,centre,2000,4,0.0085565015774793,-0.0131141143222524,0.0938796634542878,0.0037928979773626,-0.0140953242379728,0.0326606996633947,0.8779405115624199,0.9027279497526756,223.1,
0.9,EXAONE,5.0,7000,centre,2000,4,-0.0075540624230459,-0.1000630148206366,0.1502820207805817,-0.0011530241738781,-0.0960623407248568,0.084321366262167,0.8779405115624199,0.9687315193250038,107.7,
0.9,EXAONE,10.0,7000,centre,2000,4,0.0354053882358025,-0.0609789271245044,0.224813819391226,0.0389533167893062,-0.06357216890476,0.1225476997654148,0.8779405115624199,0.9703718771622106,107.4,
0.9,EXAONE,100.0,7000,centre,2000,4,1.1871872665361227,0.9225730483726018,0.0210193977117119,1.360142503344608,0.8996765404663247,0.0018968985923621,0.8779405115624199,0.5575724439637426,107.9,
0.9,EXAONE,1.0,8000,centre,2000,4,0.0799667425468853,0.1374114082127113,0.1421171581834527,0.0881488952270192,0.1362062993143773,0.0884303932598381,0.8669272654333118,0.8494736735683093,214.2,
0.9,EXAONE,5.0,8000,centre,2000,4,0.4311983012085101,0.6726008227016458,0.091564925125305,0.4780930691862801,0.6068216122987332,0.0844431198310058,0.8669272654333118,0.6384896182909466,107.2,
0.9,EXAONE,10.0,8000,centre,2000,4,0.8720005125067297,1.4123030097206506,0.2288812758570684,1.0057643431357084,1.2859880844914038,0.1703269447771555,0.8669272654333118,0.5334217952197264,117.0,
0.9,EXAONE,100.0,8000,centre,2000,4,6.699152518129985,16.14926341086359,6.7122705942097225,6.989054993456551,14.330160800978508,5.977131149366055,0.8669272654333118,0.4559101703777893,115.5,
0.9,EXAONE,1.0,9000,centre,2000,4,0.2282113260736909,0.1602234251495642,0.1021484805669854,0.1965816186954832,0.153196543499007,0.0102038841178354,0.8841936377890993,0.8068136529785008,213.7,
0.9,EXAONE,5.0,9000,centre,2000,4,0.5739891192560629,0.7555365939342787,0.0098316052284723,0.5882466085017856,0.7555037790772536,-0.0042644708247839,0.8841936377890993,0.5944071846241963,107.2,
0.9,EXAONE,10.0,9000,centre,2000,4,1.2657878039296746,1.8325103825226536,0.3344306335687738,1.2714172021625687,1.815947568417292,0.3545792963297145,0.8841936377890993,0.5136725801892814,114.6,
0.9,EXAONE,100.0,9000,centre,2000,4,15.433469818909852,21.58151410516444,7.59648720707613,12.808142885087936,21.46200863236153,8.32339099084659,0.8841936377890993,0.4207216455926753,107.5,
0.9,EXAONE,1.0,10000,centre,2000,4,0.0302988255803697,0.01197863800021,0.1135106399139976,0.027662418405162,0.0105140376043692,0.0209650629734712,0.9376312170590932,0.9478988201605688,228.7,
0.9,EXAONE,5.0,10000,centre,2000,4,0.1109516989018562,0.1744905634118792,0.3170731863158417,0.1135180558975826,0.1529079569465043,0.1216363860257017,0.9376312170590932,0.9651590641027574,108.1,
0.9,EXAONE,10.0,10000,centre,2000,4,0.3207950436492067,0.43368270843123,0.3089734323944433,0.3615243197210895,0.3882758254250626,0.0637242756597568,0.9376312170590932,0.8424240701569367,106.9,
0.9,EXAONE,100.0,10000,centre,2000,4,3.514486526025676,3.9040923014369295,0.7300873351991743,3.6789377852137606,3.7746444124013463,0.8279265965164215,0.9376312170590932,0.4779100031104915,107.3,
0.9,EXAONE,1.0,11000,centre,2000,4,0.0336069888195668,0.0151048946738962,0.1038743421559918,0.0224296120394345,-0.0017941849018369,0.0391345204108798,0.8268979391035967,0.8460563501534486,214.0,
0.9,EXAONE,5.0,11000,centre,2000,4,0.0184955537407026,-0.0986123295564901,0.1926102463391306,0.0243915409080537,-0.1095402471817152,0.122186037358525,0.8268979391035967,0.937320734549105,107.9,
0.9,EXAONE,10.0,11000,centre,2000,4,0.0589659773576854,-0.100598912989777,0.2268823179548087,0.0733297203428894,-0.1076475719970643,0.135175458871054,0.8268979391035967,0.9394301881672058,106.7,
0.9,EXAONE,100.0,11000,centre,2000,4,1.280307981613996,0.6899974736450409,0.1073148335551046,1.458534151860471,0.6270436656268474,0.0430417235286619,0.8268979391035967,0.5768503331804775,108.6,
