dataset,n_rows,n_subsamples,leverage_median,leverage_p90,sd_shift_median,sd_shift_max,p_sd_1.5,p_sd_2.0,p_sd_4.0,p_sd_10.0,p_leverage_3,p_leverage_5,p_leverage_10,p_leverage_100,hill_xi,n_fit,seconds,reason
1000-Cameras-Dataset,1038.0,200.0,1.0,1.600120024004801,1.1037208361399315,1.1714095842871703,0.0,0.0,0.0,0.0,0.0,0.0,0.0,0.0,0.2517286237428923,2000,0.1,
1027_ESL,488.0,200.0,1.0,1.125,1.012699264836859,1.0159860403917025,0.0,0.0,0.0,0.0,0.0,0.0,0.0,0.0,0.0737990452706156,2000,1.1,
1028_SWD,1000.0,200.0,1.0,1.0,1.001200769525223,1.001534383658648,0.0,0.0,0.0,0.0,0.0,0.0,0.0,0.0,0.0,2000,1.0,
1029_LEV,1000.0,200.0,1.0,1.0,1.004436176607331,1.0053414222997803,0.0,0.0,0.0,0.0,0.0,0.0,0.0,0.0,0.0863046217355342,2000,1.2,
1030_ERA,1000.0,200.0,1.0,1.0,1.005144695685467,1.006047522325302,0.0,0.0,0.0,0.0,0.0,0.0,0.0,0.0,0.0866313288041651,2000,1.2,
1193_BNG_lowbwt,31104.0,200.0,1.0150555260841505,1.0404287806438832,1.0012222352023454,1.0015504577790642,0.0,0.0,0.0,0.0,0.0,0.0,0.0,0.0,0.0537362105908091,2000,1.7,
1199_BNG_echoMonths,17496.0,200.0,1.0309561953971236,1.1326524604034702,1.001615628330199,1.002676688352955,0.0,0.0,0.0,0.0,0.0,0.0,0.0,0.0,0.1120688449865444,2000,1.1,
1201_BNG_breastTumor,116640.0,200.0,1.017473025142897,1.0592433660944272,1.0018687409169211,1.0030788947084728,0.0,0.0,0.0,0.0,0.0,0.0,0.0,0.0,0.1030052937115792,2000,2.0,
1203_BNG_pwLinear,177147.0,200.0,1.0391358953101553,1.1384878356435677,1.0017473182865706,1.0029116314836812,0.0,0.0,0.0,0.0,0.0,0.0,0.0,0.0,0.1348845879783846,2000,2.5,
215_2dplanes,40768.0,200.0,1.02978325942134,1.088183695743117,1.0013127133489816,1.0017290904480984,0.0,0.0,0.0,0.0,0.0,0.0,0.0,0.0,0.1433184448015929,2000,1.3,
218_house_8L,22784.0,200.0,1.0,1.0,1.018189569541164,1.0243970490061896,0.0,0.0,0.0,0.0,0.0,0.0,0.0,0.0,0.4610884574346552,2000,1.2,
225_puma8NH,8192.0,200.0,1.029583218711226,1.096799223746782,1.0005441473582146,1.000706244845107,0.0,0.0,0.0,0.0,0.0,0.0,0.0,0.0,0.0546418230173204,2000,1.0,
227_cpu_small,8192.0,200.0,1.0,1.0,0.9999163355928906,0.9999485892445876,0.0,0.0,0.0,0.0,0.0,0.0,0.0,0.0,0.0064575814697089,2000,0.9,
294_satellite_image,6435.0,200.0,1.0,1.0,1.000313279172397,1.0003658560119886,0.0,0.0,0.0,0.0,0.0,0.0,0.0,0.0,0.0,2000,0.9,
344_mv,40768.0,200.0,1.002058239011574,1.0064297376487008,1.000045499958544,1.0000690897819322,0.0,0.0,0.0,0.0,0.0,0.0,0.0,0.0,0.0708886042457602,2000,1.5,
503_wind,6574.0,200.0,1.0281655308623945,1.066436707359649,1.0034608277564274,1.0041208260670431,0.0,0.0,0.0,0.0,0.0,0.0,0.0,0.0,0.1371013645924095,2000,1.5,
529_pollen,3848.0,200.0,1.0356319617141565,1.0721698973773155,1.0027553057287686,1.0030855659293407,0.0,0.0,0.0,0.0,0.0,0.0,0.0,0.0,0.2276890301104197,2000,1.0,
547_no2,500.0,200.0,1.106215977395096,1.1528646306790709,1.0208543343897625,1.0311378378830656,0.0,0.0,0.0,0.0,0.0,0.0,0.0,0.0,0.0713941613950211,2000,0.3,
564_fried,40768.0,200.0,1.020507720326599,1.05683740640478,1.0018658271497434,1.0023934124678044,0.0,0.0,0.0,0.0,0.0,0.0,0.0,0.0,0.0887185006081244,2000,1.4,
595_fri_c0_1000_10,1000.0,200.0,1.1194320376321734,1.2129288835668357,1.0054545857834052,1.0079746408350714,0.0,0.0,0.0,0.0,0.0,0.0,0.0,0.0,0.1514407697719862,2000,0.9,
AIRFOIL,1503.0,200.0,1.005914753349791,1.0084329938200962,1.0028512222577914,1.0033236247225026,0.0,0.0,0.0,0.0,0.0,0.0,0.0,0.0,0.0153713164598067,2000,9.5,
Ailerons,13750.0,200.0,1.0,1.0,1.0004261268769274,1.0010144426043182,0.0,0.0,0.0,0.0,0.0,0.0,0.0,0.0,,2000,0.3,
Airlines_DepDelay_10M,10000000.0,200.0,1.2269005847953216,2.4817131062951496,1.0488521294989224,1.6131108674163326,0.03,0.0,0.0,0.0,0.065,0.0,0.0,0.0,0.5135985834428233,2000,138.5,
Allstate_Claims_Severity,188318.0,200.0,1.174575496351212,1.804640871535524,1.0241132015417949,1.4069938984936292,0.0,0.0,0.0,0.0,0.035,0.0,0.0,0.0,0.3598216051774955,2000,4.4,
Another-Dataset-on-used-Fiat-500-(1538-rows),1538.0,200.0,1.000901713255185,1.009090909090909,1.0004391755026885,1.0005545151470534,0.0,0.0,0.0,0.0,0.0,0.0,0.0,0.0,0.0099153034758998,2000,0.1,
BIAS_CORRECTION,7725.0,200.0,1.0105263157894735,1.0347222222222223,1.00150071467139,1.0017681260489313,0.0,0.0,0.0,0.0,0.0,0.0,0.0,0.0,0.0323839006916709,2000,1.5,
BNG(mv),78732.0,200.0,1.0450419478671384,1.1329206427268734,1.0000796307927549,1.0001256046411946,0.0,0.0,0.0,0.0,0.0,0.0,0.0,0.0,0.1210832154333946,2000,0.7,
BNG(stock),59049.0,200.0,1.0069699652999344,1.0193786555866056,1.0010544678916675,1.0013793112576586,0.0,0.0,0.0,0.0,0.0,0.0,0.0,0.0,0.0260380018970368,2000,0.6,
Bike_Sharing_Demand,17379.0,200.0,1.0224380100909625,1.069977426636569,1.0042469929695417,1.0051071246866972,0.0,0.0,0.0,0.0,0.0,0.0,0.0,0.0,0.2547789655416009,2000,0.2,
Brazilian_houses,10692.0,200.0,3.3665831051913706,34.95630461922597,1.4498924250348426,6.026744460733337,0.425,0.29,0.185,0.0,0.535,0.38,0.215,0.0,0.3024722947072199,2000,0.2,
Buzzinsocialmedia_Twitter,583250.0,200.0,1.3798708414477336,2.6755888687691862,1.1372201396186468,1.6881197044769436,0.06,0.0,0.0,0.0,0.075,0.0,0.0,0.0,0.7112106234756883,2000,10.8,
CPS1988,28155.0,200.0,1.4793375619168918,2.971874288086427,1.0462086393797467,1.4385303418025577,0.0,0.0,0.0,0.0,0.1,0.02,0.0,0.0,0.3015644428649882,2000,0.3,
CookbookReviews,18182.0,200.0,1.0,1.0,0.9998029087620406,0.9998098373176376,0.0,0.0,0.0,0.0,0.0,0.0,0.0,0.0,0.0,2000,0.4,
Ele2,1056.0,200.0,1.0023199264623956,1.0334135433168912,1.0116623307880837,1.014913206074223,0.0,0.0,0.0,0.0,0.0,0.0,0.0,0.0,0.271169565962946,2000,0.1,
Energy_Efficiency,768.0,200.0,1.0051474029012637,1.0084230229293405,1.004231313216063,1.0051798931770637,0.0,0.0,0.0,0.0,0.0,0.0,0.0,0.0,0.0778996484714985,2000,0.1,
Goodreads-Computer-Books,1234.0,200.0,1.0,1.0,1.0030971472417742,1.0047970041342271,0.0,0.0,0.0,0.0,0.0,0.0,0.0,0.0,0.041856372593634,2000,0.1,
IEEE80211aa-GATS,4046.0,200.0,1.0,1.0,0.9998487558265208,0.9998564813439847,0.0,0.0,0.0,0.0,0.0,0.0,0.0,0.0,1.847158479766639e-05,2000,0.1,
Infrared_Thermography_Temperature,1020.0,200.0,1.0076335877862597,1.011494252873563,1.0397308305578017,1.0602612204271014,0.0,0.0,0.0,0.0,0.0,0.0,0.0,0.0,0.0128047307076246,2000,0.1,
Job_Profitability,14480.0,200.0,2.4364814854120147,11.524694039504524,1.0027811700382143,2.574591424097465,0.025,0.01,0.0,0.0,0.395,0.245,0.135,0.0,0.1478344292958359,2000,0.2,
Laser,993.0,200.0,1.0759493670886076,1.0974774560987184,1.0151223755688772,1.0189512436630002,0.0,0.0,0.0,0.0,0.0,0.0,0.0,0.0,0.2056609340945186,2000,0.1,
MIP-2016-regression,1090.0,200.0,1.0,1.0037680512626956,1.0029335223734166,1.004072746872593,0.0,0.0,0.0,0.0,0.0,0.0,0.0,0.0,0.0015205663290198,2000,0.1,
Mercedes_Benz_Greener_Manufacturing,4209.0,200.0,1.071784520280073,1.6029482841952634,1.0078646092746526,1.04588256703043,0.0,0.0,0.0,0.0,0.0,0.0,0.0,0.0,0.0740564231625543,2000,0.3,
MiamiHousing2016,13932.0,200.0,1.0151153846153846,1.04,1.0122736098753706,1.016483133472939,0.0,0.0,0.0,0.0,0.0,0.0,0.0,0.0,0.4537751496781545,2000,0.2,
Moneyball,1232.0,200.0,1.0161127895266868,1.0423553719008265,1.0069839727564875,1.0086153697738724,0.0,0.0,0.0,0.0,0.0,0.0,0.0,0.0,0.0546897175151974,2000,0.1,
Mortgage,,,,,,,,,,,,,,,,2000,3.1,RuntimeError: ne mogu da ucitam (OpenMLError: No active dataset mortgage found.)
NASA_PHM2008,45918.0,200.0,1.0279075804776738,1.0784597446287942,1.0026488396874806,1.003262988552352,0.0,0.0,0.0,0.0,0.0,0.0,0.0,0.0,0.1341375491385445,2000,0.7,
OnlineNewsPopularity,39644.0,200.0,1.5469660123265507,3.4615171650055347,1.215721324770881,3.336572600027776,0.26,0.11,0.0,0.0,0.135,0.06,0.0,0.0,0.7407824363377759,2000,1.3,
PRODUCTIVITY,1197.0,200.0,1.018131643428523,1.0573943663181404,1.0031019794226854,1.0037233958272578,0.0,0.0,0.0,0.0,0.0,0.0,0.0,0.0,0.0459007422045233,2000,1.8,
Parkinsons_Telemonitoring,5875.0,200.0,1.05961828081557,1.139145325756986,1.0072744375252525,1.0082656527690366,0.0,0.0,0.0,0.0,0.0,0.0,0.0,0.0,0.1958321823397893,2000,1.2,
QSAR-TID-10980,5766.0,200.0,1.009187423438138,1.0192803381791935,1.0016400891101798,1.001896387189284,0.0,0.0,0.0,0.0,0.0,0.0,0.0,0.0,0.05934196073129,2000,2.8,
QSAR-TID-11,5742.0,200.0,1.0,1.013638039071139,1.0021233681023816,1.002386187235025,0.0,0.0,0.0,0.0,0.0,0.0,0.0,0.0,0.0860688169848414,2000,2.9,
QsarFishToxicity,908.0,200.0,1.0491251682368774,1.1171548117154813,1.014481591278603,1.0171262788783813,0.0,0.0,0.0,0.0,0.0,0.0,0.0,0.0,0.1278680923381374,2000,8.1,
SAT11-HAND-runtime-regression,4440.0,200.0,1.0,1.0,0.9999071874499624,0.9999213452345848,0.0,0.0,0.0,0.0,0.0,0.0,0.0,0.0,0.002553508822952,2000,0.2,
SGEMM_GPU_kernel_performance,241600.0,200.0,1.0151695202107045,1.0450415471188097,1.0163615822600651,1.0227276184872718,0.0,0.0,0.0,0.0,0.0,0.0,0.0,0.0,0.6044124443398646,2000,2.0,
Santander_transaction_value,4459.0,200.0,1.0,1.0,1.0040668014956091,1.0046612714386227,0.0,0.0,0.0,0.0,0.0,0.0,0.0,0.0,0.2475694317249484,2000,6.4,
Student_Performance,395.0,200.0,1.0526315789473684,1.052923976608187,1.0079310429734225,1.01137860038652,0.0,0.0,0.0,0.0,0.0,0.0,0.0,0.0,0.0817011141349347,2000,0.9,
Treasury,1049.0,200.0,1.0442017680707227,1.1131367292225205,1.0127260804829818,1.0161233118787765,0.0,0.0,0.0,0.0,0.0,0.0,0.0,0.0,0.2030843471808509,2000,0.0,
Wizmir,,,,,,,,,,,,,,,,2000,3.6,RuntimeError: ne mogu da ucitam (OpenMLError: No active dataset wizmir found.)
Yolanda,,,,,,,,,,,,,,,,2000,12.5,RuntimeError: ne mogu da ucitam (ValueError: md5 checksum of local file for https://openml.org/data/v1/downloa
abalone,4177.0,200.0,1.0740740740740742,1.16,1.00816473545812,1.0094101763892724,0.0,0.0,0.0,0.0,0.0,0.0,0.0,0.0,0.1776735916870241,2000,0.1,
analcatdata_supreme,4052.0,200.0,1.0,1.0,0.9998087036938266,0.9998136441208644,0.0,0.0,0.0,0.0,0.0,0.0,0.0,0.0,0.0,2000,0.1,
avocado_sales,18249.0,200.0,1.0206195306871997,1.0726072607260726,1.003751671038148,1.0052092295344797,0.0,0.0,0.0,0.0,0.0,0.0,0.0,0.0,0.1188809140166638,2000,0.2,
bank32nh,8192.0,200.0,1.0666057875812172,1.224288763455877,1.006559740592658,1.009715378412824,0.0,0.0,0.0,0.0,0.0,0.0,0.0,0.0,0.3049326238717907,2000,0.2,
bank8FM,8192.0,200.0,1.035710272789696,1.0885980278682006,1.0034512533486897,1.0045572826482132,0.0,0.0,0.0,0.0,0.0,0.0,0.0,0.0,0.2186897966551723,2000,0.1,
black_friday,166821.0,200.0,1.003353618473702,1.013114044912621,1.0011860020033605,1.0013151146104522,0.0,0.0,0.0,0.0,0.0,0.0,0.0,0.0,0.0267818740988041,2000,1.2,
boston,506.0,200.0,1.0,1.0,1.0163023106334337,1.0269611528208915,0.0,0.0,0.0,0.0,0.0,0.0,0.0,0.0,0.2060598314257264,2000,0.1,
california,20634.0,200.0,0.999433019050878,0.9999127247338104,1.0013067090130594,1.0014849510379065,0.0,0.0,0.0,0.0,0.0,0.0,0.0,0.0,,2000,0.2,
colleges,7063.0,200.0,1.0,1.0,1.00084903803143,1.000944424798349,0.0,0.0,0.0,0.0,0.0,0.0,0.0,0.0,0.0895496598456993,2000,0.3,
concrete_compressive_strength,1030.0,200.0,1.0153667525412238,1.0326695974484958,1.0065277961100012,1.0080042762106698,0.0,0.0,0.0,0.0,0.0,0.0,0.0,0.0,0.1408417044970366,2000,0.1,
cpu_act,8192.0,200.0,1.0,1.0,0.9999163355928906,0.9999485892445876,0.0,0.0,0.0,0.0,0.0,0.0,0.0,0.0,0.0064575814697089,2000,0.1,
dataset_sales,10738.0,200.0,1.1428571428571428,1.74729609929078,1.013567411412252,1.040557611654536,0.0,0.0,0.0,0.0,0.0,0.0,0.0,0.0,0.3885302944699587,2000,0.2,
debutanizer,2394.0,200.0,1.0000261406833175,1.0000971396698843,1.0085828822103888,1.0100518161114598,0.0,0.0,0.0,0.0,0.0,0.0,0.0,0.0,0.2934590176689997,2000,0.1,
diamonds,53940.0,200.0,1.0030851667521252,1.010588558325947,1.0032532825203209,1.0038872589820915,0.0,0.0,0.0,0.0,0.0,0.0,0.0,0.0,0.3020780481630936,2000,0.4,
elevators,16599.0,200.0,1.072463768115942,1.182154882154882,1.0127481723542646,1.019521674323989,0.0,0.0,0.0,0.0,0.0,0.0,0.0,0.0,0.2215703247654786,2000,0.3,
fifa,18063.0,200.0,1.0099306188150086,1.030455741799758,1.0025422191424682,1.003008443672111,0.0,0.0,0.0,0.0,0.0,0.0,0.0,0.0,0.0618821108597676,2000,0.2,
house_16H,22784.0,200.0,1.0,1.0,1.018189569541164,1.0243970490061896,0.0,0.0,0.0,0.0,0.0,0.0,0.0,0.0,0.4610884574346552,2000,0.3,
house_prices_nominal,1460.0,200.0,1.192,1.2951745740934206,1.0344752593458588,1.0475019552551166,0.0,0.0,0.0,0.0,0.0,0.0,0.0,0.0,0.2285714608853573,2000,0.2,
house_sales,21613.0,200.0,1.1966172662659589,2.085027306843933,1.0609826321859974,1.3341594128551029,0.0,0.0,0.0,0.0,0.015,0.0,0.0,0.0,0.9132571630813628,2000,0.3,
houses,20640.0,200.0,1.0,1.0,1.001378217244182,1.0015760070714437,0.0,0.0,0.0,0.0,0.0,0.0,0.0,0.0,0.198941934156021,2000,0.3,
isolet,7797.0,200.0,1.0,1.0,1.0004476781829552,1.0004985299408204,0.0,0.0,0.0,0.0,0.0,0.0,0.0,0.0,0.0465460984058245,2000,1.5,
kin8nm,8192.0,200.0,1.0097959060227006,1.0377568312631678,1.001683339891075,1.0018497525484371,0.0,0.0,0.0,0.0,0.0,0.0,0.0,0.0,0.0933421395400751,2000,0.2,
mauna-loa-atmospheric-co2,2225.0,200.0,1.0002675227394329,1.0021441972661485,1.0013214659169738,1.0014855279698678,0.0,0.0,0.0,0.0,0.0,0.0,0.0,0.0,0.0107876451761649,2000,0.1,
medical_charges,163065.0,200.0,1.1204281824634772,1.410491063243822,1.01975910991271,1.094442704126217,0.0,0.0,0.0,0.0,0.0,0.0,0.0,0.0,0.4138275931346464,2000,1.8,
nyc-taxi-green-dec-2016,581835.0,200.0,1.410081291701867,2.9597999999999995,1.0929951631842392,2.6374929947441617,0.035,0.01,0.0,0.0,0.1,0.015,0.0,0.0,0.3713391922400877,2000,5.4,
particulate-matter-ukair-2017,394299.0,200.0,1.1923363026783025,1.9450771414016448,1.0233792265738166,1.5888048096875032,0.01,0.0,0.0,0.0,0.035,0.005,0.0,0.0,0.3312540539584374,2000,2.5,
pol,15000.0,200.0,1.0,1.0,1.000475028811091,1.0005805166442938,0.0,0.0,0.0,0.0,0.0,0.0,0.0,0.0,0.0,2000,0.2,
puma32H,8192.0,200.0,1.029906207214553,1.0656017669252231,1.0018350670657796,1.002057483399711,0.0,0.0,0.0,0.0,0.0,0.0,0.0,0.0,0.186488395534685,2000,0.2,
quake,2178.0,200.0,1.0147058823529411,1.0298507462686568,1.0104042568990033,1.0121080682135046,0.0,0.0,0.0,0.0,0.0,0.0,0.0,0.0,0.0314912653651839,2000,0.1,
sensory,576.0,200.0,1.0,1.0294117647058822,1.0133377397653076,1.0160328738586764,0.0,0.0,0.0,0.0,0.0,0.0,0.0,0.0,0.0283571682243283,2000,0.0,
socmob,1156.0,200.0,1.203138622493461,1.4005412719891746,1.0702147179862016,1.1170208872985492,0.0,0.0,0.0,0.0,0.0,0.0,0.0,0.0,0.6547649423826737,2000,0.1,
space_ga,3107.0,200.0,0.9761021089669052,2.2475030904665365,1.0026880151844073,1.0038443114222848,0.0,0.0,0.0,0.0,0.0,0.0,0.0,0.0,,2000,0.1,
stock_fardamento02,6277.0,200.0,1.2097560975609756,1.906178489702517,1.22449849854116,1.734103897606079,0.035,0.0,0.0,0.0,0.01,0.0,0.0,0.0,0.7436872235448858,2000,0.1,
sulfur,10081.0,200.0,1.110322508597366,1.3700076176333094,1.0630353693948011,1.1068194426223097,0.0,0.0,0.0,0.0,0.0,0.0,0.0,0.0,0.3865215759862712,2000,0.1,
superconduct,21263.0,200.0,1.007462686567164,1.2937062937062938,1.0019338715332458,1.0048252970385307,0.0,0.0,0.0,0.0,0.0,0.0,0.0,0.0,0.1162627211263275,2000,0.7,
tecator,,,,,,,,,,,,,,,,2000,0.1,RuntimeError: premalo redova (240)
topo_2_1,8885.0,200.0,1.0000450040503646,1.0001810327669307,1.0017570861940626,1.0021566729948572,0.0,0.0,0.0,0.0,0.0,0.0,0.0,0.0,0.0238342695751078,2000,0.6,
us_crime,1994.0,200.0,1.0,1.0,1.004899443026257,1.0058314472582186,0.0,0.0,0.0,0.0,0.0,0.0,0.0,0.0,0.2725150804490517,2000,0.2,
visualizing_soil,8641.0,200.0,1.0,1.0,1.000623200371159,1.0006942015454077,0.0,0.0,0.0,0.0,0.0,0.0,0.0,0.0,0.0672136081114876,2000,0.1,
weather_izmir,1461.0,200.0,1.010112359550562,1.023081454716833,1.0018587436945066,1.002239912048732,0.0,0.0,0.0,0.0,0.0,0.0,0.0,0.0,0.0316073658343334,2000,0.0,
wine_quality,6497.0,200.0,1.0,1.125,1.0030758286103851,1.0033342279119908,0.0,0.0,0.0,0.0,0.0,0.0,0.0,0.0,0.0416458103512132,2000,0.1,
year,515345.0,200.0,1.0,1.0,1.0000320232293491,1.0000915576283909,0.0,0.0,0.0,0.0,0.0,0.0,0.0,0.0,0.0004814049907441,2000,14.8,
yprop_4_1,8885.0,200.0,1.0000450040503646,1.0001810327669307,1.0017570861940626,1.0021566729948572,0.0,0.0,0.0,0.0,0.0,0.0,0.0,0.0,0.0238342695751078,2000,0.6,
freMTPL2sev,26639.0,200.0,1.5858131248859806,6.33383447227441,1.3701220497251967,19.8993181270906,0.395,0.23,0.11,0.06,0.24,0.14,0.07,0.0,0.7946578397470868,2000,0.2,
