n_est,dataset,model,bin,repeat,sd_shift,leverage,d_q50,d_q90,d_q99,seconds,reason
1,freMTPL2sev,GBM,0.0-1.2,0,1.1711834459758927,1.2490505637089646,0.0,0.0081469774210701,0.000521043408306,8.4,
1,freMTPL2sev,XGBoost,0.0-1.2,0,1.1711834459758927,1.2490505637089646,-0.0002071762428386,0.0038682695012539,0.0502883195877075,10.9,
1,freMTPL2sev,TabICLv2,0.0-1.2,0,1.1711834459758927,1.2490505637089646,-0.0028519080951809,0.0065064937807619,0.0729839652776718,27.9,
1,freMTPL2sev,TabPFN-V3,0.0-1.2,0,1.1711834459758927,1.2490505637089646,0.0083178225904703,0.0296125821769237,0.0447646789252758,23.5,
1,freMTPL2sev,GBM,0.0-1.2,1,1.158817311051947,1.0031433424657534,0.0,-0.0073778334125749,0.0549027974247225,7.8,
1,freMTPL2sev,XGBoost,0.0-1.2,1,1.158817311051947,1.0031433424657534,-6.694291369058192e-05,-0.0011533666402101,0.0471487864851951,12.6,
1,freMTPL2sev,TabICLv2,0.0-1.2,1,1.158817311051947,1.0031433424657534,-0.0038220782298594,-0.0143178347498178,0.0563295520842075,12.0,
1,freMTPL2sev,TabPFN-V3,0.0-1.2,1,1.158817311051947,1.0031433424657534,-0.0145537564530968,-0.0172031782567501,0.0482696741819381,17.2,
1,freMTPL2sev,GBM,0.0-1.2,2,1.145640649243038,1.0031433424657534,0.0,0.0006452467985758,0.0299870684437237,6.9,
1,freMTPL2sev,XGBoost,0.0-1.2,2,1.145640649243038,1.0031433424657534,-1.708993295324035e-05,0.000432400702266,0.0182066354900598,5.4,
1,freMTPL2sev,TabICLv2,0.0-1.2,2,1.145640649243038,1.0031433424657534,-0.0041802087798714,-0.0088028274476528,0.0553785040974617,8.3,
1,freMTPL2sev,TabPFN-V3,0.0-1.2,2,1.145640649243038,1.0031433424657534,-0.0144080463796854,-0.0009854708332568,0.0124962236732244,15.8,
1,freMTPL2sev,GBM,0.0-1.2,3,1.137733206215535,1.1418872748622186,0.0,0.0006628055602076,-0.0062316378819085,6.9,
1,freMTPL2sev,XGBoost,0.0-1.2,3,1.137733206215535,1.1418872748622186,-0.0001603284472366,0.0057042390108108,0.0322976186871528,5.5,
1,freMTPL2sev,TabICLv2,0.0-1.2,3,1.137733206215535,1.1418872748622186,-0.0041964864358305,0.0058244350366294,0.0399716906249523,9.6,
1,freMTPL2sev,TabPFN-V3,0.0-1.2,3,1.137733206215535,1.1418872748622186,-0.0161670241504907,0.0223360210657119,0.0944917351007461,16.4,
1,freMTPL2sev,GBM,0.0-1.2,4,1.1043208561324032,1.159581680258983,0.0,0.0004809703141189,-0.0119157205462169,3.9,
1,freMTPL2sev,XGBoost,0.0-1.2,4,1.1043208561324032,1.159581680258983,7.426233787555248e-05,0.0035720150917768,0.0188122112303972,3.8,
1,freMTPL2sev,TabICLv2,0.0-1.2,4,1.1043208561324032,1.159581680258983,-0.0015086912317201,0.0161147955805063,0.0954937636852264,7.0,
1,freMTPL2sev,TabPFN-V3,0.0-1.2,4,1.1043208561324032,1.159581680258983,-0.0028678588569164,-0.0234477892518043,0.0136121530085802,12.9,
1,freMTPL2sev,GBM,1.2-2.0,0,1.2115786724589686,1.018993757297311,0.0,-0.0187662943090702,0.0059097587075317,5.1,
1,freMTPL2sev,XGBoost,1.2-2.0,0,1.2115786724589686,1.018993757297311,5.516540477401577e-05,0.0023429756984114,0.0263577196747064,3.0,
1,freMTPL2sev,TabICLv2,1.2-2.0,0,1.2115786724589686,1.018993757297311,-0.0057123964652419,0.0040171006694436,0.0503964573144912,7.3,
1,freMTPL2sev,TabPFN-V3,1.2-2.0,0,1.2115786724589686,1.018993757297311,-0.0192208141088485,0.0142915891483426,-0.1688940525054931,11.8,
1,freMTPL2sev,GBM,1.2-2.0,1,1.3777807983141823,1.4468831395588675,0.0,-0.0089890311053322,0.136512469743123,4.5,
1,freMTPL2sev,XGBoost,1.2-2.0,1,1.3777807983141823,1.4468831395588675,-5.67662063986063e-05,0.002831133082509,0.0302858985960483,2.7,
1,freMTPL2sev,TabICLv2,1.2-2.0,1,1.3777807983141823,1.4468831395588675,-0.0099408123642206,-0.0110241007059812,-0.0168267246335744,6.9,
1,freMTPL2sev,TabPFN-V3,1.2-2.0,1,1.3777807983141823,1.4468831395588675,-0.0193684753030538,0.0189074724912643,-0.0522901564836502,11.3,
1,freMTPL2sev,GBM,1.2-2.0,2,1.2364995338465024,1.0984634689605943,0.0,0.0019695994932005,-0.0006573169041959,4.8,
1,freMTPL2sev,XGBoost,1.2-2.0,2,1.2364995338465024,1.0984634689605943,0.0001351018436253,-0.0010889208642765,-0.0158847086131572,3.2,
1,freMTPL2sev,TabICLv2,1.2-2.0,2,1.2364995338465024,1.0984634689605943,-0.0041271410882472,0.0206302106380462,0.0617995113134384,6.5,
1,freMTPL2sev,TabPFN-V3,1.2-2.0,2,1.2364995338465024,1.0984634689605943,-0.0129483016207814,-0.0179685540497303,-0.0063426988199353,11.2,
1,freMTPL2sev,GBM,1.2-2.0,3,1.3099967527257363,1.3722176748954216,0.0,0.0005462737238643,0.0140696307964061,4.5,
1,freMTPL2sev,XGBoost,1.2-2.0,3,1.3099967527257363,1.3722176748954216,1.863620855147019e-05,0.0013364194892346,0.0351604036986827,4.1,
1,freMTPL2sev,TabICLv2,1.2-2.0,3,1.3099967527257363,1.3722176748954216,-0.0047426423989236,-0.0095229046419262,0.0657626986503601,6.4,
1,freMTPL2sev,TabPFN-V3,1.2-2.0,3,1.3099967527257363,1.3722176748954216,-0.0261171385645866,-0.1459360420703888,-0.0067288298159837,11.3,
1,freMTPL2sev,GBM,1.2-2.0,4,1.4317563982018406,1.4531781237621382,0.0,2.8667136578287603e-10,0.0348051997243534,4.6,
1,freMTPL2sev,XGBoost,1.2-2.0,4,1.4317563982018406,1.4531781237621382,-0.0001641399721847,-0.0043245153501629,0.044322695583105,3.6,
1,freMTPL2sev,TabICLv2,1.2-2.0,4,1.4317563982018406,1.4531781237621382,-0.0062435781583189,0.0365073606371879,0.1140342727303505,5.5,
1,freMTPL2sev,TabPFN-V3,1.2-2.0,4,1.4317563982018406,1.4531781237621382,0.0079294834285974,0.0879124552011489,-0.027686133980751,9.6,
1,freMTPL2sev,GBM,2.0-4.0,0,3.5665370988326326,6.690915753371776,0.0,-0.0023894802966867,-0.016641216664636,3.6,
1,freMTPL2sev,XGBoost,2.0-4.0,0,3.5665370988326326,6.690915753371776,-0.0001378062006551,0.0016285702586174,0.0758254304528236,2.1,
1,freMTPL2sev,TabICLv2,2.0-4.0,0,3.5665370988326326,6.690915753371776,-0.0583232641220092,-0.0377884767949581,-0.0953039973974227,5.3,
1,freMTPL2sev,TabPFN-V3,2.0-4.0,0,3.5665370988326326,6.690915753371776,-0.0428618639707565,0.4036762714385986,-0.0687046945095062,9.3,
1,freMTPL2sev,GBM,2.0-4.0,1,3.5290218922341503,6.205046384556836,0.0,0.0012642625105102,0.0060904634500357,3.6,
1,freMTPL2sev,XGBoost,2.0-4.0,1,3.5290218922341503,6.205046384556836,-3.4204913390567526e-05,0.0008652282413095,0.0047025871463119,2.4,
1,freMTPL2sev,TabICLv2,2.0-4.0,1,3.5290218922341503,6.205046384556836,-0.0762065351009368,-0.0458848141133785,-0.2347625792026519,5.4,
1,freMTPL2sev,TabPFN-V3,2.0-4.0,1,3.5290218922341503,6.205046384556836,-0.0541063100099563,0.4097363352775574,-0.0138200763612985,9.7,
1,freMTPL2sev,GBM,2.0-4.0,2,2.158371198611621,3.936543675493833,0.0,0.0092081543901483,0.0001670893777483,4.7,
1,freMTPL2sev,XGBoost,2.0-4.0,2,2.158371198611621,3.936543675493833,-0.000100380522781,0.0048779998905956,0.0214648507535457,3.4,
1,freMTPL2sev,TabICLv2,2.0-4.0,2,2.158371198611621,3.936543675493833,-0.020184114575386,0.02180459164083,0.2677658200263977,6.4,
1,freMTPL2sev,TabPFN-V3,2.0-4.0,2,2.158371198611621,3.936543675493833,-0.0435099527239799,0.117517240345478,-0.0171337835490703,12.0,
1,freMTPL2sev,GBM,2.0-4.0,3,3.945316626703835,6.453429166666667,0.0,-0.001342959443003,0.1136926825647306,3.8,
1,freMTPL2sev,XGBoost,2.0-4.0,3,3.945316626703835,6.453429166666667,-0.0002016561629716,-0.0021621896885335,0.0524147227406501,3.5,
1,freMTPL2sev,TabICLv2,2.0-4.0,3,3.945316626703835,6.453429166666667,-0.0355483815073967,-0.0382310040295124,-0.1686693876981735,6.5,
1,freMTPL2sev,TabPFN-V3,2.0-4.0,3,3.945316626703835,6.453429166666667,-0.0879094302654266,-0.0652426332235336,-0.1120815277099609,11.8,
1,freMTPL2sev,GBM,2.0-4.0,4,3.1463367073769244,3.854999128854817,0.0,-0.0010394834551053,0.0077770539750998,4.2,
1,freMTPL2sev,XGBoost,2.0-4.0,4,3.1463367073769244,3.854999128854817,-0.0001425245573045,0.0031159601639956,0.0130162667483091,3.3,
1,freMTPL2sev,TabICLv2,2.0-4.0,4,3.1463367073769244,3.854999128854817,-0.0398720949888229,-0.0242382884025573,-0.1554962545633316,6.9,
1,freMTPL2sev,TabPFN-V3,2.0-4.0,4,3.1463367073769244,3.854999128854817,-0.0915793180465698,-0.0779969096183776,-0.0099632646888494,11.0,
1,freMTPL2sev,GBM,4.0-inf,0,9.597107122529316,14.731623644914205,0.0,-0.0007016549834995,-0.003602492127094,4.2,
1,freMTPL2sev,XGBoost,4.0-inf,0,9.597107122529316,14.731623644914205,-0.000279915111605,-0.0015027576591819,0.0223968978971242,2.6,
1,freMTPL2sev,TabICLv2,4.0-inf,0,9.597107122529316,14.731623644914205,-0.1534208953380584,-0.0846699625253677,-0.5267471075057983,7.1,
1,freMTPL2sev,TabPFN-V3,4.0-inf,0,9.597107122529316,14.731623644914205,0.0383920446038246,0.4263350069522857,0.1828732043504715,11.8,
1,freMTPL2sev,GBM,4.0-inf,1,4.681899385147922,5.26257753145453,0.0,0.001314437832338,0.0164262762748871,6.0,
1,freMTPL2sev,XGBoost,4.0-inf,1,4.681899385147922,5.26257753145453,-0.0001957627391675,0.001697301864624,0.1091907322406768,3.1,
1,freMTPL2sev,TabICLv2,4.0-inf,1,4.681899385147922,5.26257753145453,-0.1476950198411941,-0.0907323658466339,-0.2443299144506454,7.3,
1,freMTPL2sev,TabPFN-V3,4.0-inf,1,4.681899385147922,5.26257753145453,0.1020209938287735,0.0703818053007125,0.1309481561183929,11.7,
1,freMTPL2sev,GBM,4.0-inf,2,11.558916147740725,19.867210186611548,0.0,0.0043674940251103,8.760702783632891e-12,4.6,
1,freMTPL2sev,XGBoost,4.0-inf,2,11.558916147740725,19.867210186611548,-0.0002483204298187,-0.002994853304699,0.0262010116130113,2.9,
1,freMTPL2sev,TabICLv2,4.0-inf,2,11.558916147740725,19.867210186611548,-0.1654904782772064,-0.1111585721373558,-0.2829616069793701,5.5,
1,freMTPL2sev,TabPFN-V3,4.0-inf,2,11.558916147740725,19.867210186611548,0.0116293560713529,0.3423090577125549,0.0385584607720375,9.8,
1,freMTPL2sev,GBM,4.0-inf,3,15.809858921916236,22.284783017853744,0.0,-0.0058392971217197,0.051319373342273,3.5,
1,freMTPL2sev,XGBoost,4.0-inf,3,15.809858921916236,22.284783017853744,3.22104970109649e-05,-0.0005410979501903,0.0196185000240802,2.2,
1,freMTPL2sev,TabICLv2,4.0-inf,3,15.809858921916236,22.284783017853744,-0.1866735517978668,-0.0813595429062843,-0.3106095194816589,5.5,
1,freMTPL2sev,TabPFN-V3,4.0-inf,3,15.809858921916236,22.284783017853744,0.0253051184117794,0.3779330849647522,-0.3869714736938476,9.4,
1,freMTPL2sev,GBM,4.0-inf,4,6.840024840725377,12.149354573542627,0.0,0.00587162989447,-0.0097211118205594,3.6,
1,freMTPL2sev,XGBoost,4.0-inf,4,6.840024840725377,12.149354573542627,-0.0001109605655074,7.258576079038903e-05,0.0071957474574446,2.2,
1,freMTPL2sev,TabICLv2,4.0-inf,4,6.840024840725377,12.149354573542627,-0.0707791298627853,-0.0312232822179794,-0.2692676782608032,5.3,
1,freMTPL2sev,TabPFN-V3,4.0-inf,4,6.840024840725377,12.149354573542627,-0.0248958319425582,0.1287173628807068,-0.061751838773489,9.6,
1,Brazilian_houses,GBM,0.0-1.2,0,1.00648348957889,1.0233477011494252,-0.0002409837773337,-0.0038339685312747,-0.0801625494661921,6.2,
1,Brazilian_houses,XGBoost,0.0-1.2,0,1.00648348957889,1.0233477011494252,0.0015535081038251,0.0015951490495353,0.0028075505979359,2.3,
1,Brazilian_houses,TabICLv2,0.0-1.2,0,1.00648348957889,1.0233477011494252,2.713873072934802e-06,5.367291123548057e-06,5.48839443581528e-06,6.7,
1,Brazilian_houses,TabPFN-V3,0.0-1.2,0,1.00648348957889,1.0233477011494252,-0.0001045706449076,-6.301600660663098e-05,1.111031451728195e-05,11.8,
1,Brazilian_houses,GBM,0.0-1.2,1,1.0060340806183508,1.0630597014925374,0.0022434533303865,-0.0021125965010275,0.4496237353840171,5.8,
1,Brazilian_houses,XGBoost,0.0-1.2,1,1.0060340806183508,1.0630597014925374,-0.0005864903214387,0.001985021866858,0.0186429973691701,2.5,
1,Brazilian_houses,TabICLv2,0.0-1.2,1,1.0060340806183508,1.0630597014925374,1.753996457409812e-06,7.525557975895936e-06,1.5953559341141954e-05,6.7,
1,Brazilian_houses,TabPFN-V3,0.0-1.2,1,1.0060340806183508,1.0630597014925374,-5.712377605959773e-05,-7.167657895479351e-05,3.089636493314174e-06,11.9,
1,Brazilian_houses,GBM,0.0-1.2,2,1.007007539602435,1.1067240031274432,0.0006951666273772,0.0029906987689349,-0.0565977619956636,5.8,
1,Brazilian_houses,XGBoost,0.0-1.2,2,1.007007539602435,1.1067240031274432,-0.0001356465800199,0.0007966182893142,0.0028587735723704,2.3,
1,Brazilian_houses,TabICLv2,0.0-1.2,2,1.007007539602435,1.1067240031274432,-2.000607128138654e-05,-9.659114766691346e-06,6.513773769256659e-07,6.8,
1,Brazilian_houses,TabPFN-V3,0.0-1.2,2,1.007007539602435,1.1067240031274432,-0.0001672178914304,2.7704743843059987e-05,2.8343724807200488e-06,11.9,
1,Brazilian_houses,GBM,0.0-1.2,3,1.0087970182405153,1.1558908045977012,0.0013807193884381,-0.0020268484815931,-0.201617669860447,5.8,
1,Brazilian_houses,XGBoost,0.0-1.2,3,1.0087970182405153,1.1558908045977012,-0.0004366363864392,2.911322735599242e-05,0.0086642149835824,2.2,
1,Brazilian_houses,TabICLv2,0.0-1.2,3,1.0087970182405153,1.1558908045977012,6.146130908746272e-05,5.625591438729316e-05,4.910794086754322e-05,6.6,
1,Brazilian_houses,TabPFN-V3,0.0-1.2,3,1.0087970182405153,1.1558908045977012,0.0001184008287964,0.0001521499361842,0.0001037310285028,11.7,
1,Brazilian_houses,GBM,0.0-1.2,4,1.008564180604543,1.0377297645920671,-0.0003606054250566,0.0073975517239631,0.0837917065501176,5.6,
1,Brazilian_houses,XGBoost,0.0-1.2,4,1.008564180604543,1.0377297645920671,-0.000935987336561,0.0002409930166322,0.0010795672424137,2.3,
1,Brazilian_houses,TabICLv2,0.0-1.2,4,1.008564180604543,1.0377297645920671,-3.582159843062982e-05,1.0500136340851896e-05,3.959007517551072e-05,6.6,
1,Brazilian_houses,TabPFN-V3,0.0-1.2,4,1.008564180604543,1.0377297645920671,-0.0002193619729951,-0.0001604860008228,-0.0001805795473046,11.9,
1,Brazilian_houses,GBM,1.2-2.0,0,1.463624639667052,6.931960049937578,0.0002347400830416,0.0013436927596816,0.1413452580836833,5.5,
1,Brazilian_houses,XGBoost,1.2-2.0,0,1.463624639667052,6.931960049937578,-0.0008929552859626,0.001285309670493,0.0087090646848082,2.3,
1,Brazilian_houses,TabICLv2,1.2-2.0,0,1.463624639667052,6.931960049937578,0.0001021479693008,0.0008757951436564,0.0011472913902252,6.6,
1,Brazilian_houses,TabPFN-V3,1.2-2.0,0,1.463624639667052,6.931960049937578,0.0001316447451245,0.0034818798303604,0.0065530333667993,11.7,
1,Brazilian_houses,GBM,1.2-2.0,1,1.4581780978702377,7.032932235592147,0.0002779793796449,0.0009821300895022,-0.0177613980797204,5.0,
1,Brazilian_houses,XGBoost,1.2-2.0,1,1.4581780978702377,7.032932235592147,0.000450148130767,-0.0007910668500699,0.0154683291912078,2.2,
1,Brazilian_houses,TabICLv2,1.2-2.0,1,1.4581780978702377,7.032932235592147,0.0002198425936512,0.0011696415022015,0.0016479137120768,6.9,
1,Brazilian_houses,TabPFN-V3,1.2-2.0,1,1.4581780978702377,7.032932235592147,-0.0003832080110441,0.0028073070570826,0.0062380852177739,11.9,
1,Brazilian_houses,GBM,1.2-2.0,2,1.4775746755290646,4.2844019841998895,0.0021127923436093,-0.002652341824376,-0.0569833732035444,5.5,
1,Brazilian_houses,XGBoost,1.2-2.0,2,1.4775746755290646,4.2844019841998895,0.0008992522489279,0.0006588185206055,0.0023521836847066,2.7,
1,Brazilian_houses,TabICLv2,1.2-2.0,2,1.4775746755290646,4.2844019841998895,0.0003506285720504,0.0013251835480332,0.0017043082043528,5.7,
1,Brazilian_houses,TabPFN-V3,1.2-2.0,2,1.4775746755290646,4.2844019841998895,0.0003807411412708,0.0039163921028375,0.007067512255162,9.6,
1,Brazilian_houses,GBM,1.2-2.0,3,1.2670629875650474,1.04997748761819,0.0003949896884913,-0.0042350707512599,0.1456260723938371,4.5,
1,Brazilian_houses,XGBoost,1.2-2.0,3,1.2670629875650474,1.04997748761819,0.0001056431210599,-0.002002993132919,-0.0018552914261817,2.3,
1,Brazilian_houses,TabICLv2,1.2-2.0,3,1.2670629875650474,1.04997748761819,4.121409438084811e-05,0.0006387584144249,0.001032296102494,5.5,
1,Brazilian_houses,TabPFN-V3,1.2-2.0,3,1.2670629875650474,1.04997748761819,0.0005157722625881,0.0032432712614536,0.0059685558080673,9.2,
1,Brazilian_houses,GBM,1.2-2.0,4,1.496878914273411,7.246737103791174,0.000706838142626,0.0045370917075049,-0.0711749128517629,4.4,
1,Brazilian_houses,XGBoost,1.2-2.0,4,1.496878914273411,7.246737103791174,0.001166169764474,0.0007947147241793,0.0072753485292196,2.5,
1,Brazilian_houses,TabICLv2,1.2-2.0,4,1.496878914273411,7.246737103791174,0.0002249740355182,0.0011926323641091,0.0017952932976186,5.5,
1,Brazilian_houses,TabPFN-V3,1.2-2.0,4,1.496878914273411,7.246737103791174,-2.2425705537898463e-05,0.0037062091287225,0.007280399557203,9.8,
1,Brazilian_houses,GBM,2.0-4.0,0,3.13608385501566,3.534237929946355,-0.0003567418798076,0.0007958133610642,0.1157669902639895,4.4,
1,Brazilian_houses,XGBoost,2.0-4.0,0,3.13608385501566,3.534237929946355,0.0009847688488662,0.0001899194176075,0.0158334113657474,2.5,
1,Brazilian_houses,TabICLv2,2.0-4.0,0,3.13608385501566,3.534237929946355,0.0012431191280484,0.0042010592296719,0.0075086778961122,5.6,
1,Brazilian_houses,TabPFN-V3,2.0-4.0,0,3.13608385501566,3.534237929946355,0.0068401405587792,0.0379924997687339,0.0637829899787902,9.5,
1,Brazilian_houses,GBM,2.0-4.0,1,2.7518407553245416,3.534237929946355,0.0016107479469909,0.0018677811292513,0.0906542062441203,4.3,
1,Brazilian_houses,XGBoost,2.0-4.0,1,2.7518407553245416,3.534237929946355,-0.0004394120769575,-0.0001307551574427,0.012669707648456,2.3,
1,Brazilian_houses,TabICLv2,2.0-4.0,1,2.7518407553245416,3.534237929946355,0.0007781457388773,0.003791784401983,0.0066830604337155,5.6,
1,Brazilian_houses,TabPFN-V3,2.0-4.0,1,2.7518407553245416,3.534237929946355,0.0043662246316671,0.03319988027215,0.0579172372817993,9.7,
1,Brazilian_houses,GBM,2.0-4.0,2,3.9260050112900102,5.042773525438991,0.0006243164778513,-0.0066242515184285,0.5214285498483622,4.3,
1,Brazilian_houses,XGBoost,2.0-4.0,2,3.9260050112900102,5.042773525438991,-0.0002084145962726,-0.0013822426553815,-0.002736545400694,2.3,
1,Brazilian_houses,TabICLv2,2.0-4.0,2,3.9260050112900102,5.042773525438991,0.0007836136501282,0.0044536394998431,0.0074524860829114,5.4,
1,Brazilian_houses,TabPFN-V3,2.0-4.0,2,3.9260050112900102,5.042773525438991,0.0060046142898499,0.0410603731870651,0.0696374475955963,10.6,
1,Brazilian_houses,GBM,2.0-4.0,3,3.946834340073517,5.042773525438991,-0.0012790587720276,-0.0076715754380694,0.3814701696016468,4.8,
1,Brazilian_houses,XGBoost,2.0-4.0,3,3.946834340073517,5.042773525438991,1.4667772120446898e-05,-0.0008679123129695,0.0008609148790128,2.5,
1,Brazilian_houses,TabICLv2,2.0-4.0,3,3.946834340073517,5.042773525438991,0.0008219628361985,0.0042036771774291,0.0073664826340973,6.0,
1,Brazilian_houses,TabPFN-V3,2.0-4.0,3,3.946834340073517,5.042773525438991,0.0049290647730231,0.0372275114059448,0.0648664385080337,9.6,
1,Brazilian_houses,GBM,2.0-4.0,4,3.8863664176231207,5.042773525438991,2.7982722283769013e-06,-0.0004042589256626,0.155528611430415,4.5,
1,Brazilian_houses,XGBoost,2.0-4.0,4,3.8863664176231207,5.042773525438991,-0.0009757756488397,0.000378314522095,-0.00657953415066,2.2,
1,Brazilian_houses,TabICLv2,2.0-4.0,4,3.8863664176231207,5.042773525438991,0.0016113894525915,0.0050265416502952,0.0077925119549036,5.5,
1,Brazilian_houses,TabPFN-V3,2.0-4.0,4,3.8863664176231207,5.042773525438991,0.0063106757588684,0.0399891063570976,0.068531185388565,10.7,
1,Brazilian_houses,GBM,4.0-inf,0,5.545938610349767,34.19847328244275,-0.0008950431027042,-0.0024425781727206,-0.0425275257890297,5.1,
1,Brazilian_houses,XGBoost,4.0-inf,0,5.545938610349767,34.19847328244275,-0.000286552880425,-0.0033868921454995,0.0088826594874262,5.5,
1,Brazilian_houses,TabICLv2,4.0-inf,0,5.545938610349767,34.19847328244275,0.0013761783484369,0.0065634902566671,0.0112238200381398,12.1,
1,Brazilian_houses,TabPFN-V3,4.0-inf,0,5.545938610349767,34.19847328244275,0.0074639655649662,0.0462069362401962,0.0783768966794014,18.9,
1,Brazilian_houses,GBM,4.0-inf,1,5.554790435507238,34.19847328244275,-0.0003039155545949,0.0068199007363435,-0.2010747085146925,8.2,
1,Brazilian_houses,XGBoost,4.0-inf,1,5.554790435507238,34.19847328244275,-0.0004852147831115,-0.0001059498317772,0.002601386513561,13.8,
1,Brazilian_houses,TabICLv2,4.0-inf,1,5.554790435507238,34.19847328244275,0.0016094052698463,0.0060930629260838,0.0100944191217422,13.9,
1,Brazilian_houses,TabPFN-V3,4.0-inf,1,5.554790435507238,34.19847328244275,0.005508592352271,0.0437435135245323,0.0770663470029831,28.3,
1,Brazilian_houses,GBM,4.0-inf,2,5.879748357119442,34.19847328244275,-0.0011671884140605,0.0019032116866403,-0.1081784031774741,10.3,
1,Brazilian_houses,XGBoost,4.0-inf,2,5.879748357119442,34.19847328244275,0.0004548760771285,0.0004510383005253,0.0063506332226097,18.4,
1,Brazilian_houses,TabICLv2,4.0-inf,2,5.879748357119442,34.19847328244275,0.0017824389506131,0.0065309037454426,0.010732190683484,13.5,
1,Brazilian_houses,TabPFN-V3,4.0-inf,2,5.879748357119442,34.19847328244275,0.0065969480201601,0.0433998331427574,0.0745864510536193,29.1,
1,Brazilian_houses,GBM,4.0-inf,3,5.497840963328707,20.57688774572846,0.0009805664952849,-0.0010521007461692,-0.0637290811405699,10.3,
1,Brazilian_houses,XGBoost,4.0-inf,3,5.497840963328707,20.57688774572846,0.001152514712885,-0.0007179866079241,0.0055974796414375,7.2,
1,Brazilian_houses,TabICLv2,4.0-inf,3,5.497840963328707,20.57688774572846,0.0015415106900036,0.006423398386687,0.0104904640465974,14.6,
1,Brazilian_houses,TabPFN-V3,4.0-inf,3,5.497840963328707,20.57688774572846,0.0046249506995081,0.0406366400420665,0.0707160830497741,28.2,
1,Brazilian_houses,GBM,4.0-inf,4,5.57858431059916,34.19847328244275,0.0005427398413309,0.0058820855738498,-0.1361124157600436,8.8,
1,Brazilian_houses,XGBoost,4.0-inf,4,5.57858431059916,34.19847328244275,-0.001983844442293,0.0033010151237249,0.0031302620191127,7.8,
1,Brazilian_houses,TabICLv2,4.0-inf,4,5.57858431059916,34.19847328244275,0.0016952862497419,0.0068095861934125,0.010764205828309,9.5,
1,Brazilian_houses,TabPFN-V3,4.0-inf,4,5.57858431059916,34.19847328244275,0.0073788790032267,0.0446710735559463,0.0756991505622863,17.3,
1,OnlineNewsPopularity,GBM,0.0-1.2,0,1.0460695667811202,1.1358609794628751,0.012838102818576,0.0124686492278321,0.0252877727999888,32.3,
1,OnlineNewsPopularity,XGBoost,0.0-1.2,0,1.0460695667811202,1.1358609794628751,-0.0052943220362067,0.0095215942710638,0.0029254821129143,18.9,
1,OnlineNewsPopularity,TabICLv2,0.0-1.2,0,1.0460695667811202,1.1358609794628751,0.0044242339208722,0.0153929144144058,0.0366206914186477,22.8,
1,OnlineNewsPopularity,TabPFN-V3,0.0-1.2,0,1.0460695667811202,1.1358609794628751,-0.0001100797089748,0.0072107268497347,0.0147463474422693,50.1,
1,OnlineNewsPopularity,GBM,0.0-1.2,1,1.159788611140842,1.045246568378241,-0.0014304282739918,-0.0237375278588311,-0.0722891565602349,36.2,
1,OnlineNewsPopularity,XGBoost,0.0-1.2,1,1.159788611140842,1.045246568378241,-0.0038749589584767,0.0138950068503618,0.0647358670830726,5.3,
1,OnlineNewsPopularity,TabICLv2,0.0-1.2,1,1.159788611140842,1.045246568378241,0.0051099895499646,0.0160775613039731,0.0127853713929653,23.6,
1,OnlineNewsPopularity,TabPFN-V3,0.0-1.2,1,1.159788611140842,1.045246568378241,-0.0005187294445931,0.0054479683749377,0.018770407885313,53.8,
1,OnlineNewsPopularity,GBM,0.0-1.2,2,1.066214450039796,1.1053698074974672,-0.0168059859541753,0.0198242047812916,-0.0262696746519301,47.9,
1,OnlineNewsPopularity,XGBoost,0.0-1.2,2,1.066214450039796,1.1053698074974672,-0.0017954636132344,0.0163626484572887,0.0287707764655351,18.6,
1,OnlineNewsPopularity,TabICLv2,0.0-1.2,2,1.066214450039796,1.1053698074974672,0.0033211326226592,0.0093284389004111,0.0352514162659645,19.2,
1,OnlineNewsPopularity,TabPFN-V3,0.0-1.2,2,1.066214450039796,1.1053698074974672,0.0008131160866469,-0.0003828314656857,0.0079885218292474,69.5,
1,OnlineNewsPopularity,GBM,0.0-1.2,3,1.1581572058561018,1.0912145943350935,-0.0038581819895043,-0.0424051659406173,-0.0502200961777245,47.0,
1,OnlineNewsPopularity,XGBoost,0.0-1.2,3,1.1581572058561018,1.0912145943350935,0.0024173017591238,0.0024862843565642,0.0621142350137233,17.7,
1,OnlineNewsPopularity,TabICLv2,0.0-1.2,3,1.1581572058561018,1.0912145943350935,-0.0027074699755758,0.0228110030293464,-0.0088641252368688,30.0,
1,OnlineNewsPopularity,TabPFN-V3,0.0-1.2,3,1.1581572058561018,1.0912145943350935,0.0062994179315865,0.0004968430148437,0.0099737746641039,57.1,
1,OnlineNewsPopularity,GBM,0.0-1.2,4,1.1470690210961294,1.6238455079764904,-0.0096754282804404,-0.0090721018442877,-0.3387542086512812,43.5,
1,OnlineNewsPopularity,XGBoost,0.0-1.2,4,1.1470690210961294,1.6238455079764904,-0.0002677274751476,0.0062652043998241,0.0134407877922058,6.6,
1,OnlineNewsPopularity,TabICLv2,0.0-1.2,4,1.1470690210961294,1.6238455079764904,-0.0009221833315677,0.0195033363997936,0.0522437840700149,20.0,
1,OnlineNewsPopularity,TabPFN-V3,0.0-1.2,4,1.1470690210961294,1.6238455079764904,0.004143320955336,0.0004400307661853,-0.0094034560024738,34.8,
1,OnlineNewsPopularity,GBM,1.2-2.0,0,1.5475372200473163,3.1017964071856285,-0.0026334451900486,-0.0590389285457935,-0.0593053632213662,23.7,
1,OnlineNewsPopularity,XGBoost,1.2-2.0,0,1.5475372200473163,3.1017964071856285,0.0119470823556184,0.0031933567952364,0.0267283804714679,4.2,
1,OnlineNewsPopularity,TabICLv2,1.2-2.0,0,1.5475372200473163,3.1017964071856285,-0.0017239786684513,0.0301335733383893,0.0211462005972862,15.4,
1,OnlineNewsPopularity,TabPFN-V3,1.2-2.0,0,1.5475372200473163,3.1017964071856285,-0.00090762169566,0.0044444939121603,0.0353267043828964,23.9,
1,OnlineNewsPopularity,GBM,1.2-2.0,1,1.2501906845254973,1.902283105022831,-0.0087996077106732,0.0026278405330647,0.1391304346761506,31.1,
1,OnlineNewsPopularity,XGBoost,1.2-2.0,1,1.2501906845254973,1.902283105022831,-0.0110064540058374,0.0220201052725315,-0.0026622167788445,8.2,
1,OnlineNewsPopularity,TabICLv2,1.2-2.0,1,1.2501906845254973,1.902283105022831,-0.0006554804276674,0.0071023227646946,0.0342982970178127,20.8,
1,OnlineNewsPopularity,TabPFN-V3,1.2-2.0,1,1.2501906845254973,1.902283105022831,-0.0068330960348248,-0.0093687251210212,-0.0041974447667598,50.9,
1,OnlineNewsPopularity,GBM,1.2-2.0,2,1.3475142630528472,1.4407056517477947,0.000811682512168,0.0038504156189711,-0.0702292563373178,39.3,
1,OnlineNewsPopularity,XGBoost,1.2-2.0,2,1.3475142630528472,1.4407056517477947,-0.0022938456386327,0.0055093169212341,0.0800248384475708,20.3,
1,OnlineNewsPopularity,TabICLv2,1.2-2.0,2,1.3475142630528472,1.4407056517477947,-0.0040349438786506,0.0221083089709281,0.0219078958034515,28.0,
1,OnlineNewsPopularity,TabPFN-V3,1.2-2.0,2,1.3475142630528472,1.4407056517477947,0.0118134878575801,-0.0034733721986413,-0.0135440826416015,56.8,
1,OnlineNewsPopularity,GBM,1.2-2.0,3,1.3861769295582835,1.4011337868480729,-0.0007428588083565,1.2430890779553067e-05,0.2278949135093481,35.0,
1,OnlineNewsPopularity,XGBoost,1.2-2.0,3,1.3861769295582835,1.4011337868480729,-0.0044008018448948,-0.0106265693902969,0.0403351783752441,40.1,
1,OnlineNewsPopularity,TabICLv2,1.2-2.0,3,1.3861769295582835,1.4011337868480729,-0.018175933510065,0.0312632992863655,0.0844859331846237,24.7,
1,OnlineNewsPopularity,TabPFN-V3,1.2-2.0,3,1.3861769295582835,1.4011337868480729,0.0072689419612288,-0.0028710043989121,-0.0007340036099776,41.7,
1,OnlineNewsPopularity,GBM,1.2-2.0,4,1.4090658431199845,2.013437057991513,-0.0051381198484033,0.0009501987127268,-0.0180888772108055,31.7,
1,OnlineNewsPopularity,XGBoost,1.2-2.0,4,1.4090658431199845,2.013437057991513,-0.0115553680807352,-0.0061945607885718,0.1033221632242202,9.0,
1,OnlineNewsPopularity,TabICLv2,1.2-2.0,4,1.4090658431199845,2.013437057991513,-0.0106491465121507,0.0311999749392271,-0.0140220401808619,21.3,
1,OnlineNewsPopularity,TabPFN-V3,1.2-2.0,4,1.4090658431199845,2.013437057991513,-0.0019911066628992,-0.0049314675852656,-0.0420583337545394,35.3,
1,OnlineNewsPopularity,GBM,2.0-4.0,0,2.4342782267174634,5.218440594059406,0.004097035399623,0.0223282517947363,-0.0814479631847754,29.7,
1,OnlineNewsPopularity,XGBoost,2.0-4.0,0,2.4342782267174634,5.218440594059406,-0.0015350086614489,0.0003278892836533,0.1205617636442184,6.6,
1,OnlineNewsPopularity,TabICLv2,2.0-4.0,0,2.4342782267174634,5.218440594059406,-0.0493310280144214,0.0862423330545425,-0.10091482847929,14.5,
1,OnlineNewsPopularity,TabPFN-V3,2.0-4.0,0,2.4342782267174634,5.218440594059406,0.0016028140671551,-0.0177197437733411,-0.0600607097148895,21.5,
1,OnlineNewsPopularity,GBM,2.0-4.0,1,2.147465093438468,4.176211453744493,-0.002322554025977,-0.0149042221352358,0.1527885924364119,19.2,
1,OnlineNewsPopularity,XGBoost,2.0-4.0,1,2.147465093438468,4.176211453744493,-0.0027597974985837,0.0064550815150141,0.1403645575046539,3.7,
1,OnlineNewsPopularity,TabICLv2,2.0-4.0,1,2.147465093438468,4.176211453744493,-0.0233785007148981,0.0299668256193399,0.0059765116311609,12.5,
1,OnlineNewsPopularity,TabPFN-V3,2.0-4.0,1,2.147465093438468,4.176211453744493,-0.0046649491414427,-0.0056744795292615,0.0238653533160686,21.5,
1,OnlineNewsPopularity,GBM,2.0-4.0,2,2.0780491443835896,4.108873505349276,0.0108823050761298,0.0056495676383035,0.1199177298774666,19.1,
1,OnlineNewsPopularity,XGBoost,2.0-4.0,2,2.0780491443835896,4.108873505349276,0.0051233591511845,-0.0011217563878744,0.1291396021842956,4.7,
1,OnlineNewsPopularity,TabICLv2,2.0-4.0,2,2.0780491443835896,4.108873505349276,-0.0258816219866275,0.047114610671997,0.0228244662284851,18.5,
1,OnlineNewsPopularity,TabPFN-V3,2.0-4.0,2,2.0780491443835896,4.108873505349276,0.0057371081784367,0.0184643641114234,0.0130408555269241,31.9,
1,OnlineNewsPopularity,GBM,2.0-4.0,3,2.232513492995527,4.707281903388608,0.0079738650287658,0.0031423204934143,-0.0828275575379576,31.2,
1,OnlineNewsPopularity,XGBoost,2.0-4.0,3,2.232513492995527,4.707281903388608,-0.0027564840856939,0.0078027588315308,0.1048801988363266,7.4,
1,OnlineNewsPopularity,TabICLv2,2.0-4.0,3,2.232513492995527,4.707281903388608,-0.0202738232910633,0.0645682662725448,-0.0478229373693466,12.7,
1,OnlineNewsPopularity,TabPFN-V3,2.0-4.0,3,2.232513492995527,4.707281903388608,0.0012404602020978,-0.0237207263708114,0.0035268247593194,25.2,
1,OnlineNewsPopularity,GBM,2.0-4.0,4,2.4544700797791115,4.287239450940518,0.0009684593315952,0.0814389689503884,0.0289473683206529,32.6,
1,OnlineNewsPopularity,XGBoost,2.0-4.0,4,2.4544700797791115,4.287239450940518,0.0052825869061052,0.023303909227252,0.0502123162150383,6.6,
1,OnlineNewsPopularity,TabICLv2,2.0-4.0,4,2.4544700797791115,4.287239450940518,-0.0246951431035995,0.031017318367958,-0.0378479175269603,25.3,
1,OnlineNewsPopularity,TabPFN-V3,2.0-4.0,4,2.4544700797791115,4.287239450940518,0.019851230084896,0.0130354445427656,0.0393023118376731,45.6,
