dataset,model,seed,n_est,feature,shape_share,scale_share,ref_xi_t1,ref_xi_t3,mod_xi_t1,mod_xi_t3,shape_share_control,ref_range,seconds,reason,shape_share_residual,mod_xi_r_t1,mod_xi_r_t3
CPS1988,EXAONE,7000,1,0,-0.3749074996060147,0.91710480971666,0.37610446182250756,0.28426865509084964,-0.20882290637151396,-0.17439297369544687,,-0.09183580673165792,389.9,,-0.5186214070853202,0.01166207710419894,0.0592900924121869
CPS1988,EXAONE,8000,1,0,,1.0370824518952921,0.2989933045011468,0.312111054277595,-0.09286324701822594,-0.1827873417412378,,0.013117749776448195,363.8,,,0.1162166400531287,0.07022920169559636
CPS1988,EXAONE,9000,1,0,0.02001377385378009,0.949932067402883,0.3112937309737339,0.2567537413526625,-0.14178600824940923,-0.14287755926767287,,-0.05453998962107143,412.9,,-0.5546495765935449,0.07784456727280271,0.10809514942354631
218_house_8L,EXAONE,7000,1,6,0.26292929313122554,1.1029163380747282,0.46072670283377115,0.28670236138324556,-0.1974244557914261,-0.2431805528766398,,-0.1740243414505256,471.6,,0.13100334243532402,0.05796261061464604,0.035164840219521085
218_house_8L,EXAONE,8000,1,2,0.2757849762588483,1.0332715740556209,0.5845685510424655,0.2662002238288308,-0.1314905324126344,-0.21929173397481588,1.2539869886115271,-0.3183683272136347,491.8,,0.3441928555425735,0.15037971458300461,0.04079961092503127
218_house_8L,EXAONE,9000,1,2,0.29253329484221474,1.0738785390852095,0.5088340741401677,0.2551091698389979,-0.20671346924020315,-0.28093645147894997,,-0.2537249043011698,490.5,,0.31097149731248436,0.07466071613382819,-0.004240497262173388
houses,EXAONE,7000,1,0,2.6445453145590494,1.0281331844595487,0.23096583311887248,0.15560005328886517,-0.49702843474730646,-0.6963366546748412,0.950675353743798,-0.0753657798300073,525.1,,1.6052018415721352,0.05028885874535311,-0.0706884298292947
houses,EXAONE,8000,1,5,,1.0384456524778591,0.21817500412220792,0.1920984775847111,-0.537838215323692,-0.6154218318086723,,-0.026076526537496814,546.1,,,-0.005256933060557742,-0.0299454770080481
houses,EXAONE,9000,1,0,1.9837471499633086,1.0005495085312917,0.27695050250360637,0.150277811891306,-0.4469642119010357,-0.6982508008813705,,-0.12667269061230035,530.7,,1.1192262522735676,0.07550777526945976,-0.0662676255099543
diamonds,EXAONE,7000,1,5,,1.0092749757034734,0.1669912279817363,0.2197717721001592,-0.8322153337346853,,,0.052780544118422895,579.6,,-2.16018218290438,0.04176282889770447,-0.07225276211091124
diamonds,EXAONE,8000,1,4,,1.056363446250017,0.15476527316905628,0.14611882648668806,-0.8645354803509037,,,-0.00864644668236822,541.4,,,-0.056080182111836026,-0.060844602350653004
diamonds,EXAONE,9000,1,8,,0.9997396318484244,0.27178130317709626,0.1334987752527536,-0.7448544896527594,,,-0.13828252792434265,554.5,,2.1131212711261425,0.12914357866714588,-0.16306417251487734
particulate-matter-ukair-2017,EXAONE,7000,1,6,-0.3011979349366505,0.9793996769476452,0.17700672911890186,0.23538237021394226,-0.3240917452885269,-0.34167436783695615,,0.0583756410950404,519.0,,-0.15653909472712363,0.025721680102785367,0.016583610091652268
particulate-matter-ukair-2017,EXAONE,8000,1,7,1.0245799064935839,0.5968380371012518,0.23112209277258272,0.1713179016350327,-0.2577104674655664,-0.31898464002920185,1.0245799064935839,-0.05980419113755003,521.4,,0.4887846380712007,0.07643966756009919,0.04720829763979089
particulate-matter-ukair-2017,EXAONE,9000,1,6,-0.2767208930852925,0.9084231560281213,0.16468624582259872,0.22167733504551335,-0.30919388895799366,-0.3249645140656622,0.050300633097087856,0.056991089222914626,500.1,,-0.1947012156277664,0.04743041012909859,0.03633417577744662
house_16H,EXAONE,7000,1,3,0.06237281872658983,1.1200986692101706,0.34217977713381365,0.45252909247814865,-0.2533922888346454,-0.24650949099206987,0.06237281872658983,0.11034931534433501,683.7,,0.02014820096076916,0.05459626349581537,0.05681960367725632
house_16H,EXAONE,8000,1,15,-0.481975157036224,0.9945969615188575,0.37204800467520727,0.48025570755028285,-0.24118281543195064,-0.29333624001769426,,0.10820770287507558,403.2,,-0.17185232015357457,0.013468806863698321,-0.005126937933872041
house_16H,EXAONE,9000,1,3,0.1820947026540654,1.0779887847557643,0.34685951003390814,0.4164336091797005,-0.31960545192600653,-0.306936377029629,,0.06957409914579238,452.4,,0.24863217528282672,-0.007903525704137389,0.009394833909824027
OnlineNewsPopularity,EXAONE,7000,1,21,0.3249070959616478,0.8753086161767624,0.8082661937271867,0.6915287946931881,0.5628393088420937,0.5249104995318411,,-0.1167373990339986,1074.1,,0.44594792645081877,0.6413269258016936,0.5892681247632201
OnlineNewsPopularity,EXAONE,8000,1,57,,0.7388251611060107,0.703980846089564,0.7092411746633764,0.6167917952844076,0.6065298479833549,-0.13140081644573123,0.005260328573812423,1056.1,,,0.718730362199343,0.7003197986603301
OnlineNewsPopularity,EXAONE,9000,1,24,0.3595788728652242,,0.6755462815104445,0.7741377412624082,0.5284431107397608,0.563894516711509,,0.0985914597519637,1177.6,,0.17963447271664387,0.6130828197082219,0.6307932445951301
Buzzinsocialmedia_Twitter,EXAONE,7000,1,57,0.7771003579486623,0.9720932284843792,0.8690438670050838,0.4206775858420231,0.27567064567488825,-0.07275495190903679,0.7500567882069358,-0.44836628116306076,1444.0,,0.2759951508794538,0.3836304662607848,0.2598835468419262
Buzzinsocialmedia_Twitter,EXAONE,8000,1,8,1.3906964686518775,0.9454251877337753,0.779030390143886,0.42308470899628636,0.27238053067562285,-0.22263187112823113,,-0.3559456811475996,1304.7,,0.7249087602649724,0.38136990837061097,0.12334176592823334
Buzzinsocialmedia_Twitter,EXAONE,9000,1,8,1.4645470101182854,0.9637680379823018,0.7622914781854803,0.48998686688770476,0.3199073103621268,-0.0788955939554522,,-0.2723046112977755,1261.0,,0.4851800463205993,0.4195047295262754,0.2873879656035079
superconduct,EXAONE,7000,1,0,3.396004187860722,1.0029599243760379,0.39346196959563673,0.202179325402561,-0.1810875785936375,-0.8306842393383951,2.6682363996069105,-0.19128264419307572,1313.8,,2.2036863607354413,0.1474443875704801,-0.2740825664832112
superconduct,EXAONE,8000,1,20,2.8215274175554677,1.0454827322116724,0.37869328452969775,0.14097020228232715,-0.2147748169888615,-0.8855170113356111,,-0.2377230822473706,1334.1,,1.6408735923703381,0.12179454009834961,-0.2682789878582427
superconduct,EXAONE,9000,1,20,,1.0307971539644947,0.4696378549126301,0.17102357267708712,-0.2186275667728477,,,-0.298614282235543,1523.2,,1.3809930317103893,0.1654525305635533,-0.24693171237293107
Allstate_Claims_Severity,EXAONE,7000,1,119,,0.7142496445106712,0.29831032493497955,0.280920212551348,-0.09942126080169265,-0.0942977059603555,,-0.01739011238363153,2392.4,,,0.04565000128100013,0.05263632939410269
Allstate_Claims_Severity,EXAONE,8000,1,105,,0.3732557932286764,0.3132415318807089,0.2809645256713741,-0.08664121462554555,-0.14550787134769852,,-0.032277006209334824,2382.1,,,0.050321655244346584,0.016035395090667624
Allstate_Claims_Severity,EXAONE,9000,1,120,,,0.257315156178895,0.28784610725219073,-0.11299709779623514,-0.10528293384917503,,0.03053095107329573,2368.6,,,0.03898226700956178,0.03950537554013553
