arm,d,seed,k_share,n_fit,n_test,n_boot,n_features,slope_shape,slope_shape_corrected,r_shape,var_share_shape,slope_scale,slope_scale_corrected,r_scale,var_share_scale,instrument_slope,instrument_r,true_grad_median,seconds,reason
oracle,6,7000,0.1,3000,6000,100,6,0.9158007613181296,1.0535907969499714,0.9652650353761209,0.13078135840852884,0.992105676856815,1.003943760611111,0.99523280213711,0.011791580583248909,1.02927496493511,0.9641663083032584,0.0035142457389259474,0.2,
oracle,6,8000,0.1,3000,6000,100,6,1.3262212881440845,1.7041059603891415,0.9623458001815791,0.22174951618546376,1.0073400796581218,1.0187954462675952,0.9955915095872129,0.011244030046895835,0.6528466491499617,0.9575114919786267,0.0076608189495704915,0.2,
oracle,6,9000,0.1,3000,6000,100,6,1.2981089412521125,1.656618160605278,0.872255112264143,0.21641029168856693,1.0100130356886845,1.0236230969309401,0.9920952978590137,0.013295969271367098,0.6125135218849178,0.8844707316773904,0.009924523761716486,0.2,
oracle,6,10000,0.1,3000,6000,100,6,1.0274658362769302,1.2730066335285264,0.8264868686091158,0.19288257483074145,0.9601968063676399,0.9719352567987141,0.9953532627259774,0.012077399547926046,0.7195170335055583,0.831332992740297,-0.0011286902950700672,0.2,
oracle,6,11000,0.1,3000,6000,100,6,1.6181029747401972,2.2502883010207646,0.9923848844138922,0.28093525882607956,1.01416715785206,1.029971484717269,0.9950486921194212,0.015344431471855281,0.580606080710811,0.9889205764517636,-0.0019623157722007956,0.2,
oracle,6,12000,0.1,3000,6000,100,6,1.059777757507357,1.313984308732265,0.9264129292221146,0.19346239489736908,0.981961779065564,0.9948552470745111,0.9959207580524015,0.012960144751572571,0.8233064489900921,0.9351009977256793,0.0011720804366550652,0.2,
oracle,6,13000,0.1,3000,6000,100,6,1.1578319001018575,1.4053831719603669,0.9619871591105557,0.17614503773600793,1.0119287957030474,1.027391464190349,0.9971416259715892,0.015050415568214917,0.7495293338985932,0.9612728942419683,0.002708743029853633,0.3,
oracle,6,14000,0.1,3000,6000,100,6,1.8367797360951021,2.6046742755405146,0.956136729831351,0.29481403746196294,0.9180429459584128,0.9273776589622434,0.9973129206894836,0.010065708305154047,0.49587153031005327,0.9487820617658655,-0.0027290501922004884,0.3,
oracle,6,15000,0.1,3000,6000,100,6,1.5430242535671048,2.5933127340480486,0.9054944612895364,0.4049987749998393,0.909260184100346,0.9187252642680623,0.9979129717725005,0.010302405447897537,0.5561241890114965,0.9181203825366443,0.008423504171229557,0.2,
oracle,6,16000,0.1,3000,6000,100,6,0.9738568176233368,1.127850477749947,0.8705709333037575,0.13653730096725808,1.0301283617406443,1.0432727824545198,0.9941758389223393,0.012599217515241408,0.8192212913649176,0.8693985468287614,-0.0004996123121077112,0.2,
oracle,7,7000,0.1,3000,6000,100,7,1.2760753434887924,1.7010864229580744,0.9354572707401312,0.24984684712856411,0.937148257517022,0.9490670807903167,0.9922901276906123,0.012558462425405622,0.6883660465654627,0.9376198520527788,0.00184303993510615,0.3,
oracle,7,8000,0.1,3000,6000,100,7,1.0746034278526477,1.4139299371796745,0.91660610426164,0.23998820620763678,0.9741528595554987,0.9875400310421648,0.9950629260641007,0.013556079820418475,0.7131222725888589,0.9256406568466574,-0.00012930276987921374,0.3,
oracle,7,9000,0.1,3000,6000,100,7,1.1415767138167514,1.3960813826539593,0.9330790574266289,0.18229930718894977,0.9887425762764451,1.0028727296320805,0.99317661535475,0.014089677521512876,0.7772301142846902,0.9310475108765562,0.007834053115672424,0.3,
oracle,7,10000,0.1,3000,6000,100,7,1.2786861577218578,1.5926247256148383,0.9132119909321287,0.19712023984293192,0.9173995185934292,0.9283233554367744,0.9952564801736709,0.011767275679717882,0.6546589036518531,0.9113023760076328,0.0005113220517093398,0.3,
oracle,7,11000,0.1,3000,6000,100,7,0.9532344256719707,1.1474538839126271,0.9131427894095052,0.16926123216246414,0.9634010742992096,0.9791278242552884,0.9955867293256144,0.016061998818224073,0.8825602005517019,0.9098729745396243,0.004206752022399396,0.3,
oracle,7,12000,0.1,3000,6000,100,7,1.6789934078445095,2.9102331821838474,0.8640507389119431,0.4230725502948914,1.0109212709390907,1.023461560744368,0.9954989803858632,0.012252819535456445,0.47027803895255005,0.8729826478781353,0.007609643545592015,0.3,
oracle,7,13000,0.1,3000,6000,100,7,0.9726366307778638,1.2010342299888295,0.8576269758727122,0.19016743528874272,0.9030399996556787,0.9157127073614731,0.9956698279269306,0.013839174234361665,0.7823252299359754,0.8440350540647968,0.0001335587071414901,0.3,
oracle,7,14000,0.1,3000,6000,100,7,1.2232988241354446,1.4989692734327766,0.934093336704452,0.1839066711928133,0.8945582590982465,0.9048695213784462,0.994738206463693,0.0113953028990211,0.7351908821106372,0.9405688765651357,-0.0009020927732096284,0.3,
oracle,7,15000,0.1,3000,6000,100,7,1.4065755797179482,2.034885008617535,0.8971023307520491,0.3087690096682413,0.9012894907306922,0.9138706076436678,0.9928799511525375,0.013766847087264236,0.5511390903465396,0.8934871546542622,0.0013438996230179523,0.3,
oracle,7,16000,0.1,3000,6000,100,7,1.0254250693811622,1.2262191759446417,0.9468011785711454,0.16375058431849585,0.9403041092898576,0.9514250695148493,0.9939058289625297,0.01168873995580382,0.8812750728308919,0.9468898887965163,0.0014391596378308114,0.3,
oracle,8,7000,0.1,3000,6000,100,8,1.0102976471404128,1.189638026163304,0.9028810346436921,0.15075205657411686,1.0137268146501555,1.0295266022448049,0.9938857090104053,0.015346653073557374,0.8279065065114308,0.9066704064782742,0.0001786560568447504,0.3,
oracle,8,8000,0.1,3000,6000,100,8,1.2698187295874148,1.869425596619586,0.8289426381663983,0.32074390556993476,0.9515591769152135,0.9652203153642337,0.9813183631958695,0.01415338884974148,0.5163191301160367,0.8403106319188031,-0.0023338544474513223,0.3,
oracle,8,9000,0.1,3000,6000,100,8,0.9328336101764301,1.1377396237188242,0.9502838889180201,0.18009921538342558,0.9855874499454315,1.0020645507075183,0.9873157066427248,0.01644315303884671,0.9514235013431878,0.949417144876025,0.0027238964677883115,0.3,
oracle,8,10000,0.1,3000,6000,100,8,1.1078372603922517,1.4328596264656581,0.9122606021087061,0.22683475762040842,0.9855840521404309,1.000804361138433,0.9959529765555148,0.015208076212506541,0.7565134292155483,0.905330187828215,0.005889929974756292,0.3,
oracle,8,11000,0.1,3000,6000,100,8,1.0185916023501862,1.2808576510310905,0.8683113014837188,0.20475815440519873,0.9138298146765375,0.926038217864516,0.9937649149808989,0.013183476613019064,0.766711355547034,0.8640677734016922,0.002254243420848623,0.3,
oracle,8,12000,0.1,3000,6000,100,8,0.8143044794326387,1.0154224056461574,0.8344640318270742,0.19806331344987263,1.0072974820288945,1.022130113350437,0.9957195098898309,0.014511490394234362,0.8943185449945122,0.8285183667352037,0.005544116580429692,0.3,
oracle,8,13000,0.1,3000,6000,100,8,1.0330419498850938,1.2939458122724286,0.8781551833304249,0.20163430331687168,0.9467415225243364,0.9610621927565323,0.9981706658372154,0.014900877737288766,0.7539541456438568,0.86173331244055,-0.0003005964807147876,0.3,
oracle,8,14000,0.1,3000,6000,100,8,1.1274425027010102,1.5385619548209686,0.9057775769770244,0.26721020289871733,0.9738110185419188,0.9906013830244008,0.9906210230077768,0.016949667919117475,0.7482703419332143,0.9044017494259391,0.0015649602253439143,0.3,
oracle,8,15000,0.1,3000,6000,100,8,1.0493036387592145,1.3944966315570653,0.9852403400525632,0.24753949560452906,0.9955597935114769,1.0094950043093607,0.9929082707914529,0.013804140425060622,0.9289662862404003,0.9844920425524493,0.002726929066914796,0.3,
oracle,8,16000,0.1,3000,6000,100,8,0.974037675939212,1.218596801329747,0.9232748512395741,0.2006891246749288,1.0594395855764993,1.0809228014119505,0.9970201082300468,0.01987488450367489,0.8730467350004926,0.922221745242085,0.001891531297868454,0.3,
oracle,14,7000,0.1,3000,6000,100,14,0.760859865536831,0.9999956170375995,0.9086423130007295,0.23913679962836992,0.9769812558163173,1.006098585834243,0.9823434734008071,0.028940831870648068,0.9155076493376807,0.9100222841071067,0.00021256489060000883,0.6,
oracle,14,8000,0.1,3000,6000,100,14,0.8609912723671436,1.4683029458672234,0.697482240295936,0.4136146938950555,0.884374614340133,0.9090424315023509,0.9832310851941498,0.02713604591751576,0.5898085236856109,0.7062083007608242,0.004193944576258879,0.6,
oracle,14,9000,0.1,3000,6000,100,14,0.887893694746713,1.3409988255775194,0.8363576189753723,0.33788629951683247,0.9809115707779614,1.0058487997725765,0.9971300751475596,0.024792224239123507,0.8087109189843136,0.8460641338184903,0.003597016769942063,0.6,
oracle,14,10000,0.1,3000,6000,100,14,0.9172702711105288,1.4956857858195254,0.7075147914159889,0.38672261259210106,0.9721532911082417,1.0080965554140344,0.972011135717771,0.035654584982715905,0.594960539727358,0.706215363995826,0.00242829067799355,0.6,
oracle,14,11000,0.1,3000,6000,100,14,0.8759008015912416,1.441580264086824,0.6560809358186394,0.39240233553968284,0.9992608012092528,1.0329570994290658,0.9885940604148724,0.0326211981489238,0.5326874839158015,0.6534828955107345,0.002377737458596929,0.6,
oracle,14,12000,0.1,3000,6000,100,14,0.7883000493509963,1.050356889104824,0.8012301819063835,0.24949314130473124,0.9576200653406572,0.9828538227432384,0.9879170876366228,0.02567396780545789,0.746687511020403,0.7999360446250079,-0.00060142447693462,0.6,
oracle,14,13000,0.1,3000,6000,100,14,1.1559390028257281,3.0224661780078272,0.7593410395260629,0.6175510544215147,0.9014786558860788,0.928897432711911,0.9861089281958422,0.029517550442338295,0.4696633295318353,0.767566031174041,0.0018850191289089269,0.6,
oracle,14,14000,0.1,3000,6000,100,14,0.9150876192853221,1.4563963026245093,0.7979375201044627,0.3716767766875801,0.9924613358852215,1.0249739504960766,0.9940160424774981,0.03172043015836586,0.7256527603249195,0.8030753760523032,-0.0021881632403233375,0.6,
oracle,14,15000,0.1,3000,6000,100,14,0.9570983535869378,1.7137730050110407,0.7540114855285319,0.4415255983211313,0.9582114749392894,0.9802323333014339,0.9942229416247661,0.02246493776427267,0.6322088261710106,0.7702285024049982,0.0019498018896055846,0.6,
oracle,14,16000,0.1,3000,6000,100,14,1.01637325871158,1.5768746498480226,0.9447825479871724,0.35545082241664755,0.9430706866499085,0.966939629692527,0.9938732147289236,0.02468503959260469,0.8717607275066853,0.9442120154566815,0.0023233959734447196,0.6,
oracle,25,7000,0.1,3000,6000,100,25,0.7995200466435113,2.024539643802574,0.7316421485847232,0.6050855071714872,0.9547197573774813,0.9967753014980736,0.9853236217909331,0.04219159930767362,0.6954046635280405,0.7335152854706236,-0.0005452919312735061,1.1,
oracle,25,8000,0.1,3000,6000,100,25,0.9186141770847667,5.710489840591839,0.6928951418999667,0.8391356603850361,0.9740985561634666,1.0240433999413936,0.9771025191852691,0.04877219440190256,0.5341417087543042,0.6845123888516409,-0.00010415644040528971,1.1,
oracle,25,9000,0.1,3000,6000,100,25,0.7101409301760315,1.2088160445171265,0.7766095164404461,0.4125318460182217,0.9232156302591956,0.9708321478988838,0.9851659533993443,0.049047116685146726,0.8693947257939256,0.7759711304742781,0.0016548043076599628,1.0,
oracle,25,10000,0.1,3000,6000,100,25,0.666730096978091,1.1091869782185715,0.7185494797036777,0.39890197949411194,0.941172173438699,0.9846652780440333,0.9685685412945881,0.04417044611518158,0.7517644862966044,0.7118753986367932,-0.0016534536124337418,1.1,
oracle,25,11000,0.1,3000,6000,100,25,0.7962971885229823,2.3266407794684496,0.6870967392050314,0.6577481167054475,0.8416100108721526,0.8753277041663577,0.9796510562634047,0.038520080118242345,0.6088321652186794,0.6894634400335719,-0.0026992063094961605,1.1,
oracle,25,12000,0.1,3000,6000,100,25,0.7865248905597212,1.5409145961225048,0.7942581309967799,0.48957269108949936,0.8955284522426255,0.9503622580639696,0.9681694698229686,0.05769779403177153,0.8041928389576862,0.8061891180616828,-0.0022117946669801825,1.1,
oracle,25,13000,0.1,3000,6000,100,25,1.1146735206672689,4.379003611327275,0.8077544578455292,0.7454504221499347,0.8796062026325905,0.9223822511254043,0.9763374112573832,0.04637561969630537,0.5734378382565004,0.8020550746455092,0.0024627590883161687,1.0,
oracle,25,14000,0.1,3000,6000,100,25,0.7861657104332388,1.656571366582857,0.7772573403372717,0.5254259935357171,0.9451271034812077,0.9895825484098838,0.9789792554035481,0.04492343261318587,0.7533835536218849,0.7773323978241093,-0.002444164839079832,1.0,
oracle,25,15000,0.1,3000,6000,100,25,0.8220863849397797,1.8055444512496757,0.7416103599983516,0.5446878173667853,0.9399979844803478,0.9898746677507586,0.9861159059839866,0.050386867040191095,0.6901347822167742,0.7424095058786564,0.0018764843844770729,1.1,
oracle,25,16000,0.1,3000,6000,100,25,0.8312414839815346,2.1580012313199886,0.7004957029354092,0.6148095413860873,1.0048605071972696,1.0619203861542914,0.9877603178774342,0.053732727708206265,0.6142947019343123,0.7018930940994694,0.0005467169432905594,1.1,
oracle,37,7000,0.1,3000,6000,100,37,0.7372263547609552,1.741836829858323,0.7359693545782398,0.5767534925639852,0.92691863276513,1.0082038983171007,0.9678370884380711,0.08062383580112346,0.7614014039180008,0.7347032261591657,0.0008233584922126003,1.6,
oracle,37,8000,0.1,3000,6000,100,37,0.5152984442181776,1.7888525302997798,0.5010925311158871,0.7119391143260855,0.924268941950872,1.0012769172465277,0.9722314537540326,0.07690976788661484,0.505338488409166,0.49673166603090024,-0.002677726676917014,1.6,
oracle,37,9000,0.1,3000,6000,100,37,0.5232027401153592,3.001724389400428,0.4895147703323938,0.8256992740696407,0.90986154432485,0.9891087934168419,0.9463840429140182,0.08011985093999117,0.48799262808758515,0.48904807454229043,-0.00206638839357165,1.6,
oracle,37,10000,0.1,3000,6000,100,37,0.4564716389270346,0.7731748792304268,0.5843828708572251,0.4096139810163261,0.9526281233347517,1.0325836251311247,0.9667940822020912,0.07743247118238954,0.8022298050582444,0.5915501302507118,0.0010500421379635583,1.6,
oracle,37,11000,0.1,3000,6000,100,37,0.5260360577061077,0.9434940492975901,0.674033876375195,0.44245959145398994,0.8630428798166396,0.9203988097145135,0.9762192276560063,0.062316388605135595,0.8655130070252054,0.6708190796502792,-0.000809117229360945,1.6,
oracle,37,12000,0.1,3000,6000,100,37,0.5117724995271247,0.9822017526415604,0.6601265647888224,0.4789537911628139,0.8824228601226364,0.9347993464383144,0.9801575764806479,0.056029656540987204,0.9061776175335755,0.6836097823365649,0.0005682011920956631,1.6,
oracle,37,13000,0.1,3000,6000,100,37,0.5936417999808639,4.023556400633828,0.5523021089783248,0.8524584370465522,0.931492901928702,1.0058646106631977,0.9541203281462585,0.07393809061983016,0.539989379085068,0.5598641891297299,-0.001022512096648498,1.6,
oracle,37,14000,0.1,3000,6000,100,37,0.6135036939011405,2.030288918424185,0.6590120229374224,0.697824438515227,0.9292064410731774,0.9968873261798715,0.9706251344591006,0.06789221141575857,0.7344494409613406,0.6650750322738719,0.0013815527160773167,1.6,
oracle,37,15000,0.1,3000,6000,100,37,0.6298854216026263,2.296336351896649,0.6900908766175804,0.7256998431077507,0.9424926259481462,1.0147392035180485,0.977503342725326,0.0711971877300365,0.7759801306147447,0.6921542862174789,-0.0006471357257258337,1.6,
oracle,37,16000,0.1,3000,6000,100,37,0.6724210573749123,2.515536860422764,0.6420706492551536,0.7326928227710786,1.0147105490716608,1.093109601935578,0.9769000445932906,0.07172112725484744,0.6009082227934703,0.6498814620305278,0.003127342056293947,1.7,
oracle,51,7000,0.1,3000,6000,100,51,0.45477976962389743,1.338863846627937,0.5934640762418004,0.6603241093040895,0.8318097568142174,0.9379084203679976,0.9442894720546773,0.11312262610047932,0.8124102500302464,0.6005554332851311,0.0005401603231536267,2.7,
oracle,51,8000,0.1,3000,6000,100,51,0.4486069926595513,1.2826117161139292,0.5562490666681685,0.6502394395563877,0.9113242457711532,1.0186691903820184,0.9563294829084255,0.10537762958218942,0.7432478987634521,0.5530012609082213,0.0019800424545395323,2.3,
oracle,51,9000,0.1,3000,6000,100,51,0.533648441437836,1.1381780952831544,0.7003145549967758,0.5311380146486867,0.8935104895044418,0.9832009835812746,0.9696862806110847,0.0912229499101378,0.9314864968959118,0.699008029970537,0.00027448265056073673,2.2,
oracle,51,10000,0.1,3000,6000,100,51,0.4654380510015719,1.3504569374116053,0.6028890083584698,0.6553477285298204,0.9812771366822635,1.084571261777829,0.9518908547966095,0.0952395925798788,0.7993808992701158,0.6184391901110144,0.00285089650147341,2.2,
oracle,51,11000,0.1,3000,6000,100,51,0.4952939829728814,1.4132042524730444,0.6616639138717113,0.6495241348827396,0.9507159898197318,1.04927684328099,0.9649020545803789,0.09393217251709063,0.8733552890099376,0.6496579465070049,0.0029419514999879937,2.3,
oracle,51,12000,0.1,3000,6000,100,51,0.4816802070766456,1.4961354993043385,0.5095334928301909,0.6780504123452632,0.8681298103554944,0.9573855289899538,0.9398809082607643,0.09322860637827339,0.5595026968019291,0.505777783799558,-0.0015377928946445074,2.3,
oracle,51,13000,0.1,3000,6000,100,51,0.4807134253454057,1.7288968318009301,0.569229493586695,0.7219536663476538,0.8353773221600972,0.9074834683269026,0.9628087004403194,0.07945725589882673,0.7041975332585683,0.5829686638334651,-9.86915401026689e-05,2.3,
oracle,51,14000,0.1,3000,6000,100,51,0.4417192198499647,1.0442201068998178,0.651611741843433,0.5769864830879539,0.935258713612605,1.03700227082351,0.9547281615842389,0.09811314793950048,0.9112212528925879,0.6597169948446264,0.0020589090043114933,2.2,
oracle,51,15000,0.1,3000,6000,100,51,0.5920048513270987,2.5863176473166574,0.6893399074087574,0.7711012597616104,0.93901259696432,1.0383675118426918,0.948324874880894,0.0956837668216873,0.8268014758892329,0.6991514148625996,-0.0016628790863743026,2.2,
oracle,51,16000,0.1,3000,6000,100,51,0.4824579697435255,2.7556030201771455,0.5518751972298304,0.824917462272011,0.8373163047040333,0.9265262674029396,0.956953175308848,0.0962843319585127,0.6042595066054611,0.5564852507275401,-0.0006505521336631626,2.2,
oracle,80,7000,0.1,3000,6000,100,80,0.41434201761077144,3.080561680521977,0.5834653689283666,0.8654978992205848,0.8616432010124156,0.9976539402240211,0.9085432938485194,0.1363305788989963,0.8802487692614236,0.6012357046436773,-0.001334790765874061,3.5,
oracle,80,8000,0.1,3000,6000,100,80,0.37055920988508684,1.15696712264942,0.5704205507476316,0.6797150043153194,0.8922479768746682,1.0657650662963212,0.9382306882198623,0.1628098864458454,0.9369144566333362,0.5924606472305639,-0.00044026339596303643,3.6,
oracle,80,9000,0.1,3000,6000,100,80,0.30963063504360006,1.128135256700416,0.46619016257913254,0.7255376665124255,0.776405486265911,0.9009276201698038,0.9182163134117761,0.1382154693852358,0.6775866856137654,0.46596679771985217,0.001222401439559484,3.7,
oracle,80,10000,0.1,3000,6000,100,80,0.46148419873705393,,0.5159814373016285,1.0658490454446752,0.8581685715442239,1.0189863085402282,0.9302010225058365,0.15782129322854935,0.6087022287149838,0.525654328028518,-0.0004581989680694787,3.9,
oracle,80,11000,0.1,3000,6000,100,80,0.3831213215180551,5.321007554219179,0.5402559708522904,0.9279983503849253,0.8502885873473918,1.017691691381824,0.9282566736662322,0.16449294560627867,0.772403994501776,0.5345005725316246,-0.0010160477067471252,3.8,
oracle,80,12000,0.1,3000,6000,100,80,0.3435251711122462,1.0534309210596717,0.5531334596945814,0.673898720604588,0.8638579099341025,0.9914905060899246,0.9394665551788091,0.12872800634184425,0.840365349267452,0.5252901661073819,0.0008127556456929419,3.9,
oracle,80,13000,0.1,3000,6000,100,80,0.3665564537199772,,0.46221792415859686,0.9582674352257328,0.7864928376888426,0.9169267673019725,0.9298120620244947,0.1422511963490035,0.6288644730094115,0.48025447567289975,0.00010743730284157316,3.7,
oracle,80,14000,0.1,3000,6000,100,80,0.35682930146396213,0.9235709358916098,0.6242677031354255,0.6136416948639887,0.8378921948609974,0.9471119281441509,0.9378768290000116,0.11531871792298894,1.110871820960899,0.6172188369855455,-0.0001406170580874333,3.7,
oracle,80,15000,0.1,3000,6000,100,80,0.30964080730605537,1.242141462166916,0.4441127269176843,0.750720174201506,0.8722823322061792,1.0103213434014362,0.9434204637537053,0.1366288182436321,0.7259037501682047,0.4591227089300131,0.0017913503062185199,3.8,
oracle,80,16000,0.1,3000,6000,100,80,0.4083645443629307,,0.46129066196778307,0.9975751657187523,0.846911538970998,0.9875850166054302,0.9382627643092669,0.14244189135023635,0.5363999668490899,0.45811423701084786,0.001546876917446538,4.2,
