dataset,seed,k_share,feature,n_features,ref_range_hill,ref_range_ratio,ref_range_ratio_residual,boot_lo,boot_hi,null_p50,null_p95,above_null,seconds,reason
OnlineNewsPopularity,7000,0.1,21,36,-0.1159916719687678,-0.1229355274750582,-0.1233118506980736,-0.2608925666611845,0.002034280488775,0.0374493220940623,0.1445149656155429,False,208.1,
OnlineNewsPopularity,8000,0.1,57,36,-0.0107764932026376,-0.1016255552323134,-0.1174955690665211,-0.2014336988368645,0.1986800507963813,0.0843747480014068,0.2571229823383178,False,1.0,
OnlineNewsPopularity,9000,0.1,24,36,0.1040338710306199,0.1259017132285204,0.0913512557596855,-0.0517261163456669,0.2264710002325971,0.0814232434605452,0.1206327745125409,False,1.0,
diamonds,7000,0.1,5,6,0.0507738747739012,-0.217947544163442,-0.1758918200428269,-0.0223072518360705,0.1655008534228398,0.0596849157124607,0.1798020434764203,False,0.3,
diamonds,8000,0.1,4,6,-0.0083858483402606,0.0597519450996857,0.1256803612808884,-0.0411110419599441,0.030153030771871,0.0533741895258779,0.0859605428257541,False,0.2,
diamonds,9000,0.1,8,6,-0.1398968881210859,-0.0069489995560328,-0.2832236737528993,-0.2570501963675521,-0.0528425050243749,0.0919096765205293,0.1398968881210859,False,0.2,
particulate-matter-ukair-2017,7000,0.1,2,7,-0.0124149787361143,-0.1240003780091303,-0.0984704014969499,-0.0552000349258794,0.0302482977990914,0.0192510755035184,0.0384728325058664,False,11.8,
particulate-matter-ukair-2017,8000,0.1,6,7,-0.0034890800209942,0.0040591042942267,0.0263378359406,-0.033741895045229,0.0395530598013335,0.008494593411649,0.0309178239721828,False,0.3,
particulate-matter-ukair-2017,9000,0.1,7,7,-0.032166352123106,0.0225066329542788,0.0567463999457057,-0.0675694382293224,0.0177307851561428,0.0307880022945149,0.0365865838352422,False,0.3,
Buzzinsocialmedia_Twitter,7000,0.1,36,49,-0.2530429130896053,-0.9622626147696756,-1.0711531737324924,-0.3982952177443825,-0.0878001167579108,0.1791500889470016,0.2448819080354915,True,42.6,
Buzzinsocialmedia_Twitter,8000,0.1,15,49,-0.0012084703182089,-0.4235251216275422,-0.5173381609840662,-0.2225227286627331,0.2712143755806522,0.0352496249671786,0.084448396513199,False,1.4,
Buzzinsocialmedia_Twitter,9000,0.1,29,49,-0.3477857922909756,-0.7004587501339645,-0.7857761331460493,-0.4634333071747769,-0.2291576276128133,0.2795022411438652,0.3145237858170049,True,1.4,
CPS1988,7000,0.1,0,2,-0.0921128994491637,-0.0919796029625115,-0.0527388035329616,-0.1855862895056028,0.0164773265440389,0.0921128994491637,0.0921128994491637,False,10.5,
CPS1988,8000,0.1,0,2,0.0129329151316918,0.0072790083285469,0.0185633655568386,-0.0714427584158684,0.0839497038176266,0.0157500297110477,0.0185671442904036,False,0.2,
CPS1988,9000,0.1,0,2,-0.0609625639340312,-0.0725836027274171,-0.0128658292316136,-0.1312507390104526,0.0057331094573207,0.031922324951325,0.0609625639340312,False,0.2,
218_house_8L,7000,0.1,2,7,-0.3206818729167408,-0.1773220967010889,-0.2670545525375994,-0.393508212407238,-0.2403852034961935,0.1058473454098186,0.3206818729167408,False,1.4,
218_house_8L,8000,0.1,2,7,-0.2968400703256551,-0.0198213513614493,-0.0946224427492399,-0.3737537767944912,-0.2309310950352456,0.1009598320208237,0.2968400703256551,False,0.3,
218_house_8L,9000,0.1,2,7,-0.2564038187713125,-0.2041028106665947,-0.3033095382397265,-0.3510771347101296,-0.1907310740085424,0.0727679446994161,0.2564038187713125,False,0.3,
superconduct,7000,0.1,0,80,-0.1937284420562277,-0.7830911826087534,-0.6673364022414183,-0.2637490832267407,-0.1244920747014727,0.1871169680483607,0.2542285742077788,False,8.8,
superconduct,8000,0.1,20,80,-0.2375232686040405,-0.6453896570750871,-0.5229639087205571,-0.2984201583850936,-0.171496264392652,0.1667929378319474,0.2583092359242961,False,1.8,
superconduct,9000,0.1,20,80,-0.2978648454907184,-0.6071112847454028,-0.4451980202201853,-0.3711216195904498,-0.2306383880822185,0.1482947815546136,0.2756488540920359,True,1.8,
houses,7000,0.1,0,8,-0.0724634920830752,,,-0.108090248517438,-0.028858195324704,0.0375405839718469,0.087296434940924,False,4.4,
houses,8000,0.1,5,8,-0.0279909728988138,-0.1362871489045745,-0.1261046956208011,-0.0756950673995517,0.0083990378256441,0.0299635410767981,0.1023228834425271,False,0.3,
houses,9000,0.1,0,8,-0.1267592806183274,,,-0.174527965907444,-0.0799908212868855,0.0464512875373971,0.0785695924082523,True,0.3,
Allstate_Claims_Severity,7000,0.1,119,22,-0.0193532437556659,0.007397576946919,-0.0055951072465766,-0.0765323474489601,0.0275580815520062,0.0423252481556678,0.0647598541562888,False,15.2,
Allstate_Claims_Severity,8000,0.1,105,22,-0.0326290813391834,-0.1840388100814962,-0.1882747301914277,-0.0942590040316734,0.0166351575343406,0.0227901032424438,0.0574812523271943,False,1.4,
Allstate_Claims_Severity,9000,0.1,120,22,0.0324790521101873,-0.0586692054517478,-0.056188504426106,-0.0344259453266601,0.0793752491675349,0.017255277654731,0.0324790521101873,False,1.3,
house_16H,7000,0.1,8,14,-0.2118768605202624,-0.364978381952221,-0.326401932580634,-0.2710219439477408,-0.1354490740973713,0.0225923406333892,0.1569224386010257,True,6.3,
house_16H,8000,0.1,3,14,0.1560101117991665,0.2414283618745372,0.2692956765239082,0.0841770625096604,0.2162221079978732,0.059716671340974,0.158897278642192,False,0.4,
house_16H,9000,0.1,8,14,-0.1780454955337138,-0.3812191437613352,-0.3750608384699863,-0.2462457648089406,-0.1159953194893747,0.0625301508570394,0.1780454955337138,False,0.4,
