dataset,seed,k_share,n_perm,n_boot,feature,n_features,ref_range_hill,ref_range_ratio,ref_range_ratio_residual,boot_lo,boot_hi,null_p50,null_p95,above_null,seconds,reason
OnlineNewsPopularity,7000,0.2,50,200,42,36,0.21225228718540912,0.014632086101541653,-0.06865000200865967,0.11719455016531799,0.29808444477828017,0.10122104486414307,0.17572564272104443,True,2.2,
OnlineNewsPopularity,8000,0.2,50,200,5,36,-0.03729732444768041,-0.24938615632532568,-0.25434493298240146,-0.19517511281167632,0.14938433803147969,0.05180285114902522,0.14463377191785468,False,1.5,
OnlineNewsPopularity,9000,0.2,50,200,42,36,0.22773875257690912,0.1944413323457172,0.14001361880894575,0.11680528292349204,0.3284778024102444,0.09085156364441016,0.21553748591889646,True,1.5,
diamonds,7000,0.2,50,200,0,6,0.004656763750684884,0.015228690062866312,-0.30076712995043325,-0.04234313362624507,0.05027392409343953,0.04211753136772392,0.10621858971801143,False,0.3,
diamonds,8000,0.2,50,200,8,6,-0.06081176220326351,-0.04533550046461332,-0.34743534111389845,-0.08187172763282591,-0.03879625228371102,0.061649374931565484,0.06936126454230143,False,0.3,
diamonds,9000,0.2,50,200,8,6,-0.08708369055180118,-0.006948999556032898,-0.2832236737528993,-0.14157330819732092,-0.04228623402350792,0.0569485711296914,0.08708369055180118,False,0.3,
particulate-matter-ukair-2017,7000,0.2,50,200,7,7,-0.0037538031902548397,-0.04340415940561055,-0.032550422609386426,-0.03364987872325627,0.027499349356269447,0.013716218378104522,0.033717479739343165,False,1.0,
particulate-matter-ukair-2017,8000,0.2,50,200,6,7,-0.001396146523458125,0.00405910429422671,0.026337835940600032,-0.02416791265077634,0.024903691662180552,0.021707490216698738,0.03986447513181232,False,0.3,
particulate-matter-ukair-2017,9000,0.2,50,200,7,7,-0.04490580273680142,0.022506632954278842,0.056746399945705725,-0.07192840638304467,-0.01708118011034583,0.023287492775858037,0.04490580273680142,False,0.3,
Buzzinsocialmedia_Twitter,7000,0.2,50,200,36,49,-0.31620924316344345,-0.9622626147696756,-1.0711531737324924,-0.42307486045676734,-0.2095364644676008,0.25709960737750337,0.3485393770958902,False,7.9,
Buzzinsocialmedia_Twitter,8000,0.2,50,200,8,49,-0.1842391073306825,-0.5852673230505074,-0.6611602148417909,-0.3101247330706106,-0.051663712903110025,0.1842391073306825,0.22554979940930533,False,2.2,
Buzzinsocialmedia_Twitter,9000,0.2,50,200,36,49,-0.4043236975549811,-0.6521537664616582,-0.7108060789806535,-0.4805659599154488,-0.3185294616115621,0.31759969945968064,0.4043236975549811,False,2.2,
CPS1988,7000,0.2,50,200,0,2,-0.0769447069877024,-0.09197960296251154,-0.05273880353296162,-0.13707803678178823,-0.008526683042923347,0.032111475754921126,0.0769447069877024,False,0.2,
CPS1988,8000,0.2,50,200,0,2,-0.022569796528007502,0.007279008328546971,0.01856336555683861,-0.0660107753459803,0.034494524401222096,0.0002734075735904562,0.022569796528007502,False,0.2,
CPS1988,9000,0.2,50,200,0,2,-0.07551766926835246,-0.07258360272741717,-0.012865829231613668,-0.11959318578250723,-0.023388928880271328,0.007432693516159328,0.07551766926835246,False,0.2,
218_house_8L,7000,0.2,50,200,2,7,-0.17909167192868813,-0.17732209670108895,-0.26705455253759947,-0.23682200012414295,-0.11367587758513958,0.05603086796822376,0.17909167192868813,False,0.8,
218_house_8L,8000,0.2,50,200,2,7,-0.1944472539111674,-0.019821351361449302,-0.09462244274923992,-0.25105890780257195,-0.14009735359782072,0.05855731193631475,0.1944472539111674,False,0.3,
218_house_8L,9000,0.2,50,200,2,7,-0.1897473262586729,-0.2041028106665947,-0.3033095382397265,-0.24729158849916727,-0.12713812143528114,0.05850438889664511,0.1897473262586729,False,0.3,
superconduct,7000,0.2,50,200,55,80,-0.30140165502989413,-0.8403195150579545,-0.5252704424483753,-0.34501343958346653,-0.25783186230533733,0.24608742572300088,0.30905833283371137,False,3.1,
superconduct,8000,0.2,50,200,20,80,-0.2816747062486451,-0.6453896570750871,-0.5229639087205571,-0.3250465289093711,-0.23489416865967816,0.1952358030355888,0.2848740448225799,False,2.6,
superconduct,9000,0.2,50,200,20,80,-0.31849307069097166,-0.6071112847454028,-0.44519802022018534,-0.3567729886549519,-0.2564329905608436,0.200324723854775,0.29346930135625227,True,2.6,
houses,7000,0.2,50,200,0,8,-0.05668222055324906,,,-0.08229925743589461,-0.033271180276758364,0.049360835073118725,0.06942362987885786,False,0.4,
houses,8000,0.2,50,200,5,8,-0.04877529915204484,-0.13628714890457455,-0.12610469562080112,-0.07884745278288274,-0.016882306828643983,0.04236937099676938,0.08448002768110735,False,0.3,
houses,9000,0.2,50,200,0,8,-0.09261758361612221,,,-0.129741118024722,-0.06503739775626072,0.05353354912736094,0.09261758361612221,False,0.3,
Allstate_Claims_Severity,7000,0.2,50,200,114,22,-0.02530370522394365,-0.20715175251211831,-0.2156979510236755,-0.0721477426893963,0.021571693400786515,0.018724550984588473,0.03022590219433413,False,5.2,
Allstate_Claims_Severity,8000,0.2,50,200,105,22,-0.03421846720522648,-0.18403881008149622,-0.1882747301914277,-0.0851064497343468,0.007993435876827595,0.015049547237863448,0.03344530000116056,True,1.9,
Allstate_Claims_Severity,9000,0.2,50,200,119,22,-0.002684318768187033,0.0021764167414524416,0.013584643501394766,-0.03991157095261688,0.03629119351294596,0.02050682080371019,0.06178464723334526,False,1.9,
house_16H,7000,0.2,50,200,8,14,-0.17953901304070297,-0.364978381952221,-0.32640193258063405,-0.2319048834551962,-0.1257322696984356,0.04848721152295432,0.17953901304070297,False,0.6,
house_16H,8000,0.2,50,200,12,14,-0.11612022403132355,0.062325785829657004,0.21399569569444005,-0.17417151774195355,-0.07223372334817656,0.04997675325977319,0.12590459853291291,False,0.5,
house_16H,9000,0.2,50,200,8,14,-0.11856293484214947,-0.38121914376133526,-0.37506083846998634,-0.17813980046450922,-0.06447022141736482,0.021813986825405002,0.1173432233353103,True,0.5,
