n_train,model,seed,shape_share,scale_share,xi_t1,xi_t3,xi_true_t1,xi_true_t3,seconds,reason
500,TabPFN-V3,7000,0.23655110506434018,0.6627070681659607,0.5030969449068294,0.6193447340553309,0.2795002469519107,0.770928046948376,12.6,
500,TabPFN-V3,8000,0.5444634763758087,1.2115663214811467,0.4152917321917119,0.687529673902065,0.28432405509793335,0.7843354489245496,3.0,
500,TabPFN-V3,9000,0.248877409797899,1.1377357526309777,0.5130352788489914,0.6393590014006583,0.2804514819386058,0.7880255629058103,3.2,
500,TabPFN-V3,10000,0.20777401705189227,0.5188603100425737,0.45293646865698595,0.554669123265802,0.2735863969559837,0.7632176610201903,3.0,
500,TabPFN-V3,11000,0.19182298851901267,0.9103676466978748,0.3679237823892496,0.46178302623846934,0.27589908429216387,0.7652004165978943,3.2,
500,TabICLv2,7000,0.10038897729519186,0.7985740035167815,0.7397087791310434,0.7890427133871146,0.2795002469519107,0.770928046948376,3.4,
500,TabICLv2,8000,0.24198067933018932,1.0973335315397368,0.6649967377786944,0.7859898345296938,0.28432405509793335,0.7843354489245496,1.8,
500,TabICLv2,9000,0.17752173710256197,1.2016291060344568,0.723645725251422,0.8137511578129566,0.2804514819386058,0.7880255629058103,1.7,
500,TabICLv2,10000,0.2324881723841813,0.6833116530806465,0.7414950738054857,0.8553285515299296,0.2735863969559837,0.7632176610201903,1.9,
500,TabICLv2,11000,0.3041450182995674,0.9479116168019948,0.6253439330468151,0.7741624957149442,0.27589908429216387,0.7652004165978943,2.0,
1000,TabPFN-V3,7000,0.5840822338298953,0.8710768087359756,0.2483079830197014,0.5471836891702727,0.26152305653092434,0.7732244725983306,4.6,
1000,TabPFN-V3,8000,-0.007869168222498625,0.8636149224656815,0.2030516241587427,0.19916557491819764,0.27570932000697534,0.7695415943551729,4.4,
1000,TabPFN-V3,9000,0.10843902050167759,1.0957690209445015,0.4058597827201439,0.46153291687128994,0.27510080621933986,0.7885057954343132,4.3,
1000,TabPFN-V3,10000,0.37752018961895717,0.7978175303008685,0.40097119350574306,0.5913656931769973,0.2726345092241185,0.7769638269843827,4.3,
1000,TabPFN-V3,11000,0.1556854963424819,0.9292097997626079,0.38310651005173213,0.4618837732087746,0.2688697391377696,0.774872321316303,4.4,
1000,TabICLv2,7000,0.9205433178652165,1.099207840592464,0.36479970851815585,0.8358430278211756,0.26152305653092434,0.7732244725983306,2.6,
1000,TabICLv2,8000,0.22185290464558394,1.0181620716565274,0.48621043850345036,0.5957685629753329,0.27570932000697534,0.7695415943551729,2.5,
1000,TabICLv2,9000,0.049846771443959874,1.0809016102214541,0.5247652289711773,0.5503568101267647,0.27510080621933986,0.7885057954343132,2.5,
1000,TabICLv2,10000,0.17928704659563552,0.8188221137118772,0.6931995662123448,0.7836192801051743,0.2726345092241185,0.7769638269843827,2.6,
1000,TabICLv2,11000,0.2561192284556638,0.9555036165211275,0.4958693529241533,0.6254663438682929,0.2688697391377696,0.774872321316303,2.5,
2000,TabPFN-V3,7000,0.5445285352375734,0.7678022436362995,0.33734464809401504,0.6045266363277336,0.27504389213069924,0.7657105348203229,7.2,
2000,TabPFN-V3,8000,0.13590632637505268,0.9588425135290974,0.4190417698327933,0.4879689914258627,0.2770149897426953,0.7841821204534101,7.4,
2000,TabPFN-V3,9000,0.37050518665148297,0.9551393534939409,0.4612734993580639,0.6437260968337531,0.2841276640543686,0.7765704261237535,7.5,
2000,TabPFN-V3,10000,0.3117887815301186,0.6835599451520281,0.43775279392059796,0.5914688877163023,0.28789571652388335,0.7809092657649279,7.6,
2000,TabPFN-V3,11000,0.45054280994322676,0.7658215377341777,0.32446136580898643,0.5443529036477073,0.28937733406423843,0.7774364773594772,7.3,
2000,TabICLv2,7000,0.5761139002445127,0.9558881006883009,0.546005018128708,0.8286848913685079,0.27504389213069924,0.7657105348203229,4.2,
2000,TabICLv2,8000,0.155404404139011,0.9802600508792955,0.5569422066536788,0.6357582124006693,0.2770149897426953,0.7841821204534101,4.2,
2000,TabICLv2,9000,0.20661663926191595,0.9872919164012945,0.6752613422772495,0.7770082108048811,0.2841276640543686,0.7765704261237535,4.2,
2000,TabICLv2,10000,0.36604941655728385,0.9857445730218497,0.5557165535586529,0.736183875613173,0.28789571652388335,0.7809092657649279,4.2,
2000,TabICLv2,11000,0.6002470225275407,0.9015474401847903,0.41985607036497113,0.7128121179452805,0.28937733406423843,0.7774364773594772,4.2,
4000,TabPFN-V3,7000,0.4617466553072665,0.8495098431490488,0.32885654162788625,0.5618341470348361,0.27716732687880097,0.7817245396471671,15.3,
4000,TabPFN-V3,8000,0.7047642056285548,0.9872373265191126,0.28835044534674553,0.6368665554577739,0.2774300760239111,0.7719445637456577,15.0,
4000,TabPFN-V3,9000,0.6950521264250151,0.9259383550935257,0.2635997369935973,0.6073214643198073,0.27537269884337745,0.7698992447790541,14.5,
4000,TabPFN-V3,10000,0.4192769685905988,0.8861014668292619,0.19021342828415624,0.4039648667036182,0.2714309179568711,0.7812405531915186,14.6,
4000,TabPFN-V3,11000,0.712257826857345,0.8529298822731144,0.30073013265291526,0.657334051350079,0.28231149981964176,0.7829784005549937,14.5,
4000,TabICLv2,7000,0.665657679779888,0.9942954787159861,0.543418368154359,0.8792807517219569,0.27716732687880097,0.7817245396471671,7.9,
4000,TabICLv2,8000,0.5614976305131907,0.9651600137045797,0.4671148989400793,0.7447836120502843,0.2774300760239111,0.7719445637456577,8.1,
4000,TabICLv2,9000,0.753610727297376,1.0144356376210473,0.39482941323617926,0.7675099231866238,0.27537269884337745,0.7698992447790541,7.9,
4000,TabICLv2,10000,0.6559641384485058,1.0781806610697557,0.3549366852598145,0.689353523409257,0.2714309179568711,0.7812405531915186,8.0,
4000,TabICLv2,11000,0.6423807982929504,0.9524012676899796,0.44625666429283106,0.7678754676660637,0.28231149981964176,0.7829784005549937,8.0,
8000,TabPFN-V3,7000,0.6066586315431176,0.822914798829749,0.21371333551035956,0.5129899014055858,0.26646155882272576,0.7597811134031595,36.8,
8000,TabPFN-V3,8000,0.7133854994865566,0.8256418774910155,0.2718555332410125,0.6200507363744224,0.27936950741443367,0.7674579299910289,37.0,
8000,TabPFN-V3,9000,0.8418539497568706,0.8440751866785782,0.25162925003368525,0.677778918095151,0.268557139191859,0.7747609387755502,36.9,
8000,TabPFN-V3,10000,0.7844872557441721,0.9269231499006609,0.25994778452659495,0.6628141378908095,0.2739600537454146,0.7875010327917238,37.0,
8000,TabPFN-V3,11000,0.7629558938877897,1.013728416258668,0.2721187343940437,0.6537153997123247,0.279053033495093,0.7792086366896382,36.8,
8000,TabICLv2,7000,0.7534554062704366,0.9904739737008917,0.3649167219811324,0.7366110073986839,0.26646155882272576,0.7597811134031595,19.7,
8000,TabICLv2,8000,0.7914237959242062,0.9403894335660706,0.3985768333733061,0.7848616255155332,0.27936950741443367,0.7674579299910289,19.3,
8000,TabICLv2,9000,0.8731759174318543,0.9962339825792434,0.37386323767276974,0.8158682047817498,0.268557139191859,0.7747609387755502,19.1,
8000,TabICLv2,10000,0.5400317881322609,0.9646510321506702,0.47453768982882544,0.7518661430223957,0.2739600537454146,0.7875010327917238,19.2,
8000,TabICLv2,11000,0.5617547863443033,1.0101799685107369,0.46527923564237905,0.746244039653837,0.279053033495093,0.7792086366896382,19.2,
