n_train,model,seed,n_est,shape_share,scale_share,xi_t1,xi_t3,xi_true_t1,xi_true_t3,seconds,reason
500,TabPFN-V3,7000,1,0.25965794034727563,0.6270905016772961,0.5033237459362588,0.6309268763127339,0.2795002469519107,0.770928046948376,16.0,
500,TabPFN-V3,8000,1,0.6966137895845279,1.221159441524668,0.3711429625381868,0.7194577944271878,0.28432405509793335,0.7843354489245496,3.7,
500,TabPFN-V3,9000,1,0.2910229522232646,1.137549483090685,0.49800969245131926,0.6457253999664054,0.2804514819386058,0.7880255629058103,3.8,
500,TabPFN-V3,10000,1,0.1923791604673808,0.5247101538832849,0.4606486726783486,0.5548435241976031,0.2735863969559837,0.7632176610201903,4.1,
500,TabPFN-V3,11000,1,0.2017773563203771,0.9346936627224698,0.36259461410612687,0.4613245433828155,0.27589908429216387,0.7652004165978943,4.1,
1000,TabPFN-V3,7000,1,0.5499765454437654,0.8854513583078643,0.24520786891459628,0.5266316460220313,0.26152305653092434,0.7732244725983306,6.1,
1000,TabPFN-V3,8000,1,0.03964875136330038,0.9066232693386652,0.1884126912862669,0.20799252434707172,0.27570932000697534,0.7695415943551729,5.1,
1000,TabPFN-V3,9000,1,0.09682362148812008,1.1002520661565793,0.40348873893889786,0.4531984692847608,0.27510080621933986,0.7885057954343132,5.0,
1000,TabPFN-V3,10000,1,0.36440861851855827,0.8100616108442446,0.4047483391584045,0.5885302891218294,0.2726345092241185,0.7769638269843827,4.9,
1000,TabPFN-V3,11000,1,0.17877329969966987,0.9485254005152599,0.37727512007764624,0.46773487135025604,0.2688697391377696,0.774872321316303,5.1,
2000,TabPFN-V3,7000,1,0.5209193737200819,0.7702025951017465,0.34557561241352297,0.6011733726287369,0.27504389213069924,0.7657105348203229,8.3,
2000,TabPFN-V3,8000,1,0.10597188240473283,0.9589346645579687,0.42427900443344346,0.4780244599686651,0.2770149897426953,0.7841821204534101,8.4,
2000,TabPFN-V3,9000,1,0.36563431307374966,0.95673675126437,0.4605606905866568,0.6406146616240362,0.2841276640543686,0.7765704261237535,8.5,
2000,TabPFN-V3,10000,1,0.31320320516297556,0.6926628016423853,0.4385135864010901,0.5929270102121598,0.28789571652388335,0.7809092657649279,8.2,
2000,TabPFN-V3,11000,1,0.43393739440514784,0.7809715445761058,0.32945524712241536,0.54124236007956,0.28937733406423843,0.7774364773594772,8.0,
4000,TabPFN-V3,7000,1,0.42651145567442567,0.881604332958331,0.34701548174865526,0.562214913037522,0.27716732687880097,0.7817245396471671,16.7,
4000,TabPFN-V3,8000,1,0.7191233301767743,0.9604432167734286,0.27709036114344904,0.632707266374573,0.2774300760239111,0.7719445637456577,16.5,
4000,TabPFN-V3,9000,1,0.6979924296923079,0.9060736649624307,0.2673347709994806,0.6125105563444683,0.27537269884337745,0.7698992447790541,17.0,
4000,TabPFN-V3,10000,1,0.43217736241400534,0.8759644261559005,0.19012688686418655,0.41045507035314266,0.2714309179568711,0.7812405531915186,628.7,
4000,TabPFN-V3,11000,1,0.655089086588101,0.8491516963265898,0.31277893681250785,0.640760359500125,0.28231149981964176,0.7829784005549937,20.9,
