model,seed,tercile,n_est,n_train,median_true,median_model,xi_mean
GBM,7000,1,1,200,0.4727070917571967,0.4668435354403189,0.5379039005436057
GBM,7000,2,1,200,0.8638573856300951,0.8992338186536928,0.5286228717118489
GBM,7000,3,1,200,1.5232083152192168,1.54671963538361,0.5362359726970247
GBM,8000,1,1,200,0.4726976085823753,0.6155435049926544,0.5178397405766059
GBM,8000,2,1,200,0.8070005833980047,0.8662699689184701,0.5220398042370614
GBM,8000,3,1,200,1.5102934923589644,1.712533191999212,0.5306120208020949
GBM,9000,1,1,200,0.4681250279900002,0.7312364587400244,0.5236730569634641
GBM,9000,2,1,200,0.8418236916012802,0.9342868107868233,0.5364803420173303
GBM,9000,3,1,200,1.4836227862433515,1.261682277657198,0.5177634862468328
GBM,10000,1,1,200,0.43676145379070463,0.5365898891556629,0.520627317604038
GBM,10000,2,1,200,0.8306238119893956,0.9463650558482369,0.5142212360598374
GBM,10000,3,1,200,1.5344988022902812,1.7990498143035683,0.5350115811969477
GBM,11000,1,1,200,0.47100948049399327,0.4420422716277226,0.5515057765635584
GBM,11000,2,1,200,0.8404452990411342,0.9552024502487979,0.5353470297168267
GBM,11000,3,1,200,1.469332245794464,1.703654789687406,0.5214644293313893
GBM,12000,1,1,200,0.46066996117986,0.5993873904459892,0.5437332077710387
GBM,12000,2,1,200,0.8389724477667002,0.9213568780954707,0.5471949084975932
GBM,12000,3,1,200,1.4758293371537377,1.3132245696929854,0.5105207629043327
GBM,13000,1,1,200,0.43963922000058864,0.649431270776637,0.5284215542244223
GBM,13000,2,1,200,0.8394765351743202,0.9664049267753738,0.5400360285396766
GBM,13000,3,1,200,1.458447129652179,1.4697756989181925,0.543710806372839
GBM,14000,1,1,200,0.4722699441117184,0.4778524172488303,0.546425332208111
GBM,14000,2,1,200,0.8424599768359193,1.1052299564414714,0.5205934632508211
GBM,14000,3,1,200,1.4985283024471576,1.7330936608508904,0.5244166635551026
GBM,15000,1,1,200,0.4972178681755034,0.7563737097947213,0.5306868325328771
GBM,15000,2,1,200,0.8612422021076408,0.970081674538658,0.5114342806428119
GBM,15000,3,1,200,1.6285222766498515,1.3920164171661982,0.504422445903401
GBM,16000,1,1,200,0.45615211873518147,0.46454474591613615,0.5122374991855397
GBM,16000,2,1,200,0.8109398301097999,0.73297376293559,0.5247992774596077
GBM,16000,3,1,200,1.4849176110518276,1.5431247478305663,0.5268155956578053
GBM,17000,1,1,200,0.44461131435125567,0.6933750800040301,0.5016078844610242
GBM,17000,2,1,200,0.8208747757765481,0.9647491663525674,0.5028920906816093
GBM,17000,3,1,200,1.536843821521889,1.8676187807091869,0.5179471639193652
GBM,18000,1,1,200,0.46431225986098146,0.5755986540996502,0.5150407570692054
GBM,18000,2,1,200,0.8346306695356309,0.9431406229314186,0.5433647119772443
GBM,18000,3,1,200,1.5075107758308075,1.5084422766186512,0.5230347996379643
GBM,19000,1,1,200,0.4792945845120856,0.7366526615966493,0.51421366597836
GBM,19000,2,1,200,0.8518045932125687,0.7872579800397295,0.5349464053463319
GBM,19000,3,1,200,1.5764731367530833,1.1389967570785207,0.5521203892402853
GBM,20000,1,1,200,0.4545377238924939,0.786828146798708,0.5246499853892256
GBM,20000,2,1,200,0.8466407240175976,1.100060829864038,0.5307884157977711
GBM,20000,3,1,200,1.4923739718904387,1.7733248882646198,0.526067336185306
GBM,21000,1,1,200,0.45096432299715616,0.5714552600850521,0.5113805698477283
GBM,21000,2,1,200,0.8179611732974357,1.0025530617022846,0.5170824831832386
GBM,21000,3,1,200,1.4919100538578558,1.524246301554832,0.5420152808592995
GBM,22000,1,1,200,0.4667941715974584,0.7650218904500765,0.526463827212857
GBM,22000,2,1,200,0.8103387155280186,0.9856479953247126,0.5241857609136216
GBM,22000,3,1,200,1.4715116373686288,1.190124461807113,0.5220023978455235
GBM,23000,1,1,200,0.4724071072880923,0.7046542797824962,0.5249824140113516
GBM,23000,2,1,200,0.8827344338756735,1.2177414273556473,0.5170147887651192
GBM,23000,3,1,200,1.6068042459003995,1.5469594547138519,0.5305152044401364
GBM,24000,1,1,200,0.4708655187519214,0.7762332251693921,0.5311911663095149
GBM,24000,2,1,200,0.9007882668143963,1.1369699665242663,0.5424085833406781
GBM,24000,3,1,200,1.5025613551144992,1.6299953055210232,0.5236767534719022
GBM,25000,1,1,200,0.46517675522894086,0.5119089046628915,0.5276747708138985
GBM,25000,2,1,200,0.846566005774362,1.0787545772321352,0.5287529818934738
GBM,25000,3,1,200,1.4941073908723914,1.8362815409077364,0.5382012330879168
GBM,26000,1,1,200,0.43859315279567856,0.6234928719066166,0.5276391733657033
GBM,26000,2,1,200,0.8580617748154906,0.9585026350361698,0.5453251071558833
GBM,26000,3,1,200,1.5493510815048146,2.0662299891837934,0.5107883088609058
