model,seed,tercile,n_est,median_true,median_model,xi_mean
TabPFN-V3,7000,1,1,0.48490591490172097,0.49582064151763916,0.532752324294739
TabPFN-V3,7000,2,1,0.8399899302232701,0.7342803478240967,0.5187278547948764
TabPFN-V3,7000,3,1,1.4651056473788022,1.161942720413208,0.5100521530209107
TabPFN-V3,8000,1,1,0.4699290708792593,0.44535332918167114,0.5356062070467213
TabPFN-V3,8000,2,1,0.8552370264692564,0.7902781963348389,0.5358605032302028
TabPFN-V3,8000,3,1,1.5054517853459872,1.3601136207580566,0.5171020816079022
TabPFN-V3,9000,1,1,0.44512379633450694,0.40008842945098877,0.5153513222942132
TabPFN-V3,9000,2,1,0.816375086215728,0.6908794641494751,0.5447846097402516
TabPFN-V3,9000,3,1,1.4199221282581123,1.213792324066162,0.5267871249247388
TabPFN-V3,10000,1,1,0.4572079636839963,0.4789689779281616,0.5406970930251657
TabPFN-V3,10000,2,1,0.7993726830753465,0.6471800208091736,0.5250630625153332
TabPFN-V3,10000,3,1,1.4274650134545592,1.0538909435272217,0.5443035320242232
TabPFN-V3,11000,1,1,0.4960054229820787,0.48949122428894043,0.522112080232596
TabPFN-V3,11000,2,1,0.8765842875850749,0.7699176073074341,0.5414690356571331
TabPFN-V3,11000,3,1,1.5799417516742569,1.2097464799880981,0.539449779546052
TabPFN-V3,12000,1,1,0.4668908104592705,0.5514025688171387,0.5190250075038347
TabPFN-V3,12000,2,1,0.8605305956962966,1.0210521221160889,0.507838435797077
TabPFN-V3,12000,3,1,1.538519793882962,1.9494223594665527,0.5293585783440342
TabPFN-V3,13000,1,1,0.439923034169892,0.3789096474647522,0.5198670493598456
TabPFN-V3,13000,2,1,0.8063900031474676,0.6699541807174683,0.5212670017720393
TabPFN-V3,13000,3,1,1.4706668751866077,1.2285652160644531,0.5303553921558891
TabPFN-V3,14000,1,1,0.46495001202214714,0.45599740743637085,0.5222730386913089
TabPFN-V3,14000,2,1,0.8016538523386477,0.6502038240432739,0.5126371605847191
TabPFN-V3,14000,3,1,1.4522974498482928,1.0820993185043335,0.5294995562269054
TabPFN-V3,15000,1,1,0.449256509698461,0.4748365879058838,0.49741571376653043
TabPFN-V3,15000,2,1,0.8637925134607936,0.804558277130127,0.5437645364166022
TabPFN-V3,15000,3,1,1.5152014768151343,1.2649290561676025,0.534199782384716
TabPFN-V3,16000,1,1,0.4591538566141784,0.4086948037147522,0.526635877970242
TabPFN-V3,16000,2,1,0.8237645338309483,0.7771044969558716,0.5278343949370236
TabPFN-V3,16000,3,1,1.5051308725829158,1.3105237483978271,0.5130857779058297
TabPFN-V3,17000,1,1,0.45926687329007554,0.5226516723632812,0.529708506054166
TabPFN-V3,17000,2,1,0.8409784802845459,0.86260986328125,0.5296728311040344
TabPFN-V3,17000,3,1,1.5340080444514845,1.3566491603851318,0.527966611744981
TabPFN-V3,18000,1,1,0.42703710669110273,0.4140254259109497,0.5179725390311886
TabPFN-V3,18000,2,1,0.8222539072636657,0.6936823129653931,0.5287217040275393
TabPFN-V3,18000,3,1,1.3913290803324718,1.3074777126312256,0.5180699690324525
TabPFN-V3,19000,1,1,0.46941033092370055,0.5036535859107971,0.5127813725736122
TabPFN-V3,19000,2,1,0.8492933356360064,0.8157876133918762,0.5351561619132746
TabPFN-V3,19000,3,1,1.5110263348512492,1.3995649814605713,0.5218632902846055
TabPFN-V3,20000,1,1,0.4565707274551862,0.38161081075668335,0.5358805416513625
TabPFN-V3,20000,2,1,0.8354002001722872,0.6996285319328308,0.5229633734031676
TabPFN-V3,20000,3,1,1.4754480237016518,1.3412952423095703,0.5229655096764648
TabPFN-V3,21000,1,1,0.4756147762154891,0.40504190325737,0.533071883839457
TabPFN-V3,21000,2,1,0.8344751587124206,0.6638505458831787,0.5193980182892303
TabPFN-V3,21000,3,1,1.4211707047465505,1.1314163208007812,0.5215189875784296
TabPFN-V3,22000,1,1,0.4707808715560773,0.4997292160987854,0.5439837389988108
TabPFN-V3,22000,2,1,0.8967863701862768,0.8635199069976807,0.5383959217134269
TabPFN-V3,22000,3,1,1.566904495323839,1.3473671674728394,0.514838620365823
TabPFN-V3,23000,1,1,0.45215740131435755,0.5804775953292847,0.5154098090393251
TabPFN-V3,23000,2,1,0.8030327908855932,1.0060780048370361,0.5309190231950428
TabPFN-V3,23000,3,1,1.396450694718574,1.609598994255066,0.5206238275551041
TabPFN-V3,24000,1,1,0.4685580834792352,0.49992018938064575,0.52091665363717
TabPFN-V3,24000,2,1,0.8339892777021551,0.7445002794265747,0.5207232936920586
TabPFN-V3,24000,3,1,1.4874319117406274,1.190891981124878,0.5380559234235557
TabPFN-V3,25000,1,1,0.4713996268174237,0.5670353174209595,0.5218497984592423
TabPFN-V3,25000,2,1,0.8735519166306129,0.8407598733901978,0.5197308230581874
TabPFN-V3,25000,3,1,1.5657050642574113,1.419368028640747,0.5267584791437104
TabPFN-V3,26000,1,1,0.4638749689379824,0.4024825394153595,0.5107956357269584
TabPFN-V3,26000,2,1,0.8644030840965271,0.7440298795700073,0.5273579893474987
TabPFN-V3,26000,3,1,1.5770483559589032,1.259714126586914,0.5236584986577427
