model,seed,tercile,n_est,xi_true,ratio_model,xi_implied
EXAONE,7000,1,1,0.27504389213069924,3.7518620079571265,0.4396266524249143
EXAONE,7000,2,1,0.5207779051595038,4.665828738879243,0.5641721716199007
EXAONE,7000,3,1,0.7657105348203229,5.928517363208881,0.692716290916356
EXAONE,8000,1,1,0.2770149897426953,3.8734597146043357,0.45840511278077206
EXAONE,8000,2,1,0.5273716816887212,4.010469843351794,0.47863428112579226
EXAONE,8000,3,1,0.7841821204534101,4.0272386299475516,0.48104665669646585
EXAONE,9000,1,1,0.2841276640543686,4.3244129964170455,0.5217149714668597
EXAONE,9000,2,1,0.5262249667810814,5.056360721313382,0.6081365686896919
EXAONE,9000,3,1,0.7765704261237535,5.463313734613195,0.649657415279346
EXAONE,10000,1,1,0.28789571652388335,4.252487886009501,0.5122156876935703
EXAONE,10000,2,1,0.5412587052759106,5.061538984206509,0.6086906261151167
EXAONE,10000,3,1,0.7809092657649279,5.294677080743046,0.6329305145412575
EXAONE,11000,1,1,0.28937733406423843,3.636848856451868,0.4210852368506389
EXAONE,11000,2,1,0.5362170840120655,4.299272712413341,0.5184182150910253
EXAONE,11000,3,1,0.7774364773594772,5.344729917002192,0.6379627844207588
EXAONE,12000,1,1,0.2649606427942606,3.654940302006356,0.42405476014415244
EXAONE,12000,2,1,0.5153563121277538,4.672210698164671,0.5649275914902876
EXAONE,12000,3,1,0.7759050667229315,6.623532831937203,0.7500092350311639
EXAONE,13000,1,1,0.2760986267323691,3.33222241167734,0.3677699644224364
EXAONE,13000,2,1,0.5213070741402427,3.8750201889971905,0.45864089874366293
EXAONE,13000,3,1,0.7740837424151622,4.474726780939379,0.5409206615318024
EXAONE,14000,1,1,0.26730320183459566,3.6271897179271866,0.4194914357376779
EXAONE,14000,2,1,0.5240138148061989,4.321229019877444,0.5212988239993701
EXAONE,14000,3,1,0.7730927388621389,5.432905943938652,0.6466885166677587
EXAONE,15000,1,1,0.27609561765151097,4.433732947033166,0.5357665155948985
EXAONE,15000,2,1,0.5271308316078974,5.150302805453469,0.6180797839265653
EXAONE,15000,3,1,0.7721535833084403,6.328835022120091,0.726632274924347
EXAONE,16000,1,1,0.2767537276096291,3.8115522794967536,0.4489461634228229
EXAONE,16000,2,1,0.5173017787832543,4.354336312524069,0.5256066036937659
EXAONE,16000,3,1,0.7735005444202119,5.115961900725971,0.614471346075562
EXAONE,17000,1,1,0.2846169718338309,3.901354712672635,0.46260082785096673
EXAONE,17000,2,1,0.5284789230322445,4.462681871854997,0.5394125932981217
EXAONE,17000,3,1,0.7742520540371058,5.480557722872144,0.651332076696831
EXAONE,18000,1,1,0.2743459603746607,3.637853433508119,0.4212506612683476
EXAONE,18000,2,1,0.520027257291146,4.329827052525002,0.5224216773247631
EXAONE,18000,3,1,0.7703909944253737,4.892829159314745,0.5902653446904379
EXAONE,19000,1,1,0.2746891484803962,4.197803032550991,0.5048517100322845
EXAONE,19000,2,1,0.5215256316091346,4.643148414437446,0.5614768638738948
EXAONE,19000,3,1,0.7735860446819618,5.53966637139918,0.6570239369133948
EXAONE,20000,1,1,0.2799885746078697,3.6281067877362676,0.41964300791299397
EXAONE,20000,2,1,0.5286830743385564,4.215002614827313,0.50718133048096
EXAONE,20000,3,1,0.7731377757845688,4.86807745013639,0.5874951613339497
EXAONE,21000,1,1,0.279451038407324,3.734001088389248,0.4367986831218364
EXAONE,21000,2,1,0.5230765099091494,4.262007957031037,0.5134850160820799
EXAONE,21000,3,1,0.7714613413906434,4.764849775379306,0.575747651711904
EXAONE,22000,1,1,0.288107814356629,3.8161143595506717,0.4496502870870343
EXAONE,22000,2,1,0.5331205026749889,4.456380841661407,0.5386215892233858
EXAONE,22000,3,1,0.7759899640464425,5.565757881445472,0.6595128774695522
EXAONE,23000,1,1,0.2685242036128445,3.3783404062355826,0.3762740142731971
EXAONE,23000,2,1,0.524496463114463,4.08671979105146,0.4894972065071846
EXAONE,23000,3,1,0.7739319930621643,6.181647307443033,0.7144678490890042
EXAONE,24000,1,1,0.2767069427657265,3.630003016487202,0.419956246604965
EXAONE,24000,2,1,0.5296227508139026,4.358987893072376,0.5262084385003916
EXAONE,24000,3,1,0.773366177173155,5.2946021939586005,0.6329229416317704
EXAONE,25000,1,1,0.2738737152885496,4.367604953794994,0.5273211397012546
EXAONE,25000,2,1,0.5218362795814223,4.89247685234251,0.5902260385992313
EXAONE,25000,3,1,0.7726291057911683,5.405794529751663,0.6440242393704007
EXAONE,26000,1,1,0.2685696375714701,3.7134226478876498,0.43351744556746374
EXAONE,26000,2,1,0.5184508533955617,4.250084342716498,0.5118946314715127
EXAONE,26000,3,1,0.774791632765168,4.730828015334806,0.571805229284028
