model,seed,tercile,n_est,n_train,xi_true,ratio_model,xi_implied
GBM,7000,1,1,200,0.28618606700525084,2.8442096075826004,0.2658102801900116
GBM,7000,2,1,200,0.5408063157727512,2.838130164995257,0.2643762621847934
GBM,7000,3,1,200,0.7757703621744771,2.503417119686522,0.17707949132915846
GBM,8000,1,1,200,0.27834937165893625,2.506642542807775,0.17801022636869915
GBM,8000,2,1,200,0.5220803109108257,2.5385880029366126,0.18712234172529277
GBM,8000,3,1,200,0.7700618830460002,2.110941848932459,0.04569132685367318
GBM,9000,1,1,200,0.27738058750123296,2.4723334832746966,0.168006188766962
GBM,9000,2,1,200,0.5227978803933657,2.4462841086655893,0.1602536143318543
GBM,9000,3,1,200,0.7777384173330286,1.8528415751276484,-0.06913163640332222
GBM,10000,1,1,200,0.27926983398193717,9.382378943440042,0.9233672901562572
GBM,10000,2,1,200,0.5264300598505206,8.859469693308148,0.8953932436170533
GBM,10000,3,1,200,0.764160241028365,7.249650730021093,0.7958557469019882
GBM,11000,1,1,200,0.28085542977475453,2.4271615512087177,0.15447313697402007
GBM,11000,2,1,200,0.5404730870828873,2.6621057721049035,0.22065865770310827
GBM,11000,3,1,200,0.7869887187541322,2.1209782483875954,0.04959718556806762
GBM,12000,1,1,200,0.28535075090245493,7.422728328643274,0.8077195524256876
GBM,12000,2,1,200,0.5384881846650182,6.81352071962217,0.7644392246472133
GBM,12000,3,1,200,0.7776099436054915,5.633483733120354,0.6659076426720199
GBM,13000,1,1,200,0.2855468797426205,3.6807580618679916,0.4282576207203143
GBM,13000,2,1,200,0.5447150796750719,3.3466001771446034,0.37043909912062095
GBM,13000,3,1,200,0.7819064297192455,3.0445759103820653,0.3106032395409002
GBM,14000,1,1,200,0.28773309975901523,16.60448278097383,1.1932493783142886
GBM,14000,2,1,200,0.525487608531224,9.617225461923265,0.9353674560171983
GBM,14000,3,1,200,0.7782147507237954,4.28587136746312,0.5166505580356188
GBM,15000,1,1,200,0.27416967493297767,2.345735444685377,0.12895969123562964
GBM,15000,2,1,200,0.5127435759771981,1.6697846068024749,-0.17406483777193676
GBM,15000,3,1,200,0.7596303081689141,3.5327338602424647,0.4035895565096026
GBM,16000,1,1,200,0.2692725448584551,3.2150149725559247,0.3453766662143667
GBM,16000,2,1,200,0.5249898151783368,3.20685986607917,0.34377475666833146
GBM,16000,3,1,200,0.7695900122661611,3.1518048140373347,0.332802874786642
GBM,17000,1,1,200,0.2720315181798623,7.196107824955446,0.7921189667656225
GBM,17000,2,1,200,0.49511989006165746,5.6395478872071765,0.6664756616631285
GBM,17000,3,1,200,0.7552957308204789,3.6927821879684095,0.4302012258997906
GBM,18000,1,1,200,0.2672630093569598,4.098795938037626,0.4911929780133513
GBM,18000,2,1,200,0.5315337692128222,3.018967117697616,0.30512924577931627
GBM,18000,3,1,200,0.7826434901146319,3.607511490854993,0.41622623096392575
GBM,19000,1,1,200,0.29395456774922024,3.597247143514331,0.4145132772987904
GBM,19000,2,1,200,0.5348223244551823,3.6003829119361277,0.4150373034694923
GBM,19000,3,1,200,0.7725035683605747,3.0106702796491565,0.303340858528469
GBM,20000,1,1,200,0.27549010746229435,2.5141224426210984,0.1801609966994047
GBM,20000,2,1,200,0.5247941111505648,1.8725852650308341,-0.059192125029958166
GBM,20000,3,1,200,0.7812215187594435,1.2812075765774127,-0.5509729822957623
GBM,21000,1,1,200,0.28254264875841445,2.972768905948882,0.2950762141172071
GBM,21000,2,1,200,0.518638347052991,2.9971493060735748,0.30041053376404125
GBM,21000,3,1,200,0.7692973380788608,3.000684803817732,0.30117867347126503
GBM,22000,1,1,200,0.26898255968169965,5.5122926568975865,0.6543972592274897
GBM,22000,2,1,200,0.5260372201923237,3.6568321005604005,0.4243641098848286
GBM,22000,3,1,200,0.7776322060979788,2.9225097050713815,0.28386854085230334
GBM,23000,1,1,200,0.26334401358132503,3.4200324458419304,0.38382118868937737
GBM,23000,2,1,200,0.5289163976029398,1.7019404048310056,-0.15369975817176693
GBM,23000,3,1,200,0.7802519960323423,1.6978017124065892,-0.1562679691269219
GBM,24000,1,1,200,0.28026352815784267,4.22721890649829,0.5088284251683397
GBM,24000,2,1,200,0.5334534756565531,3.0752852269893776,0.31707779453952106
GBM,24000,3,1,200,0.7835594993076995,2.609373161688292,0.20665675464698993
GBM,25000,1,1,200,0.28518784260829266,3.2573747209855286,0.35360365732688864
GBM,25000,2,1,200,0.5345860281832169,2.7730603245819063,0.24872351179232474
GBM,25000,3,1,200,0.7748551150037796,3.457578022724582,0.39050731462252863
GBM,26000,1,1,200,0.27520281551915354,4.4845706098835425,0.5421492693070842
GBM,26000,2,1,200,0.5333082755881274,3.1495822579373307,0.3323540688923092
GBM,26000,3,1,200,0.7752414982752115,2.2904864271975462,0.11075344117418627
