n_est,xi,model,seed,ratio_true,ratio_truncated,threshold_std,share_above_threshold,seconds,reason
1,0.7,TabICLv2,7000,0.9731859047730153,1.1684176483447697,311.849973515192,0.0,14.0,
1,0.7,TabICLv2,8000,1.091992309199609,1.1848022931174145,1912.2716317314548,0.0,4.2,
1,0.7,TabICLv2,9000,1.0243058737068296,1.0976876953169763,2760.13176793874,0.0,4.1,
1,0.7,TabICLv2,10000,0.9851047648448684,1.124680576233569,689.2565446866204,0.0,4.1,
1,0.7,TabICLv2,11000,0.8917826991459256,1.093661358316104,250.0515184340043,0.0011111111111111,4.0,
1,0.7,TabPFN-V3,7000,0.6688032418047097,0.802972491856096,311.849973515192,0.0,8.0,
1,0.7,TabPFN-V3,8000,0.7532658147431354,0.817286950755883,1912.2716317314548,0.0,7.1,
1,0.7,TabPFN-V3,9000,0.7103199678970062,0.7612076709829129,2760.13176793874,0.0,7.3,
1,0.7,TabPFN-V3,10000,0.6774828527324743,0.7734728654160062,689.2565446866204,0.0,7.2,
1,0.7,TabPFN-V3,11000,0.626211926711938,0.7679716000517027,250.0515184340043,0.0011111111111111,7.3,
1,0.7,GBM,7000,0.8536055598032126,1.0248481774218825,311.849973515192,0.0,1.2,
1,0.7,GBM,8000,0.915846221718174,0.9936852984156536,1912.2716317314548,0.0,1.1,
1,0.7,GBM,9000,1.0817802743511484,1.159279592817941,2760.13176793874,0.0,1.1,
1,0.7,GBM,10000,0.9797376928767336,1.1185530639026755,689.2565446866204,0.0,1.0,
1,0.7,GBM,11000,0.8634887015607393,1.0589622641748486,250.0515184340043,0.0011111111111111,1.1,
1,0.9,TabICLv2,7000,0.5562017820973605,1.2442891011538313,833.6643100155026,0.0,4.2,
1,0.9,TabICLv2,8000,0.5993492006969735,1.0143210963417828,12941.213070653816,0.0,4.1,
1,0.9,TabICLv2,9000,0.5353456814269463,0.8674771859867447,23514.429356777717,0.0,4.2,
1,0.9,TabICLv2,10000,0.5861510919964356,1.150834332383197,2640.6819195579064,0.0,4.0,
1,0.9,TabICLv2,11000,0.5043521075239432,1.1448348423689716,763.1749012737632,0.0022222222222222,4.1,
1,0.9,TabPFN-V3,7000,0.3463325183617201,0.774786762364623,833.6643100155026,0.0,7.1,
1,0.9,TabPFN-V3,8000,0.3364825406834718,0.5694532322209388,12941.213070653816,0.0,7.3,
1,0.9,TabPFN-V3,9000,0.3774405582846886,0.611606826649535,23514.429356777717,0.0,7.2,
1,0.9,TabPFN-V3,10000,0.3492206761229618,0.685651104549715,2640.6819195579064,0.0,7.3,
1,0.9,TabPFN-V3,11000,0.3118026148586254,0.7077644607938145,763.1749012737632,0.0022222222222222,7.2,
1,0.9,GBM,7000,0.4466960477928655,0.9993118355378802,833.6643100155026,0.0,1.1,
1,0.9,GBM,8000,0.5046622790990375,0.8540757134952551,12941.213070653816,0.0,1.1,
1,0.9,GBM,9000,2.710862173099261,4.392696478376208,23514.429356777717,0.0,1.1,
1,0.9,GBM,10000,0.6316739881343986,1.240212843317373,2640.6819195579064,0.0,1.1,
1,0.9,GBM,11000,0.515335883933641,1.1697670469677508,763.1749012737632,0.0022222222222222,1.1,
