xi_true,model,n_estimators,seed,xi_implied,seconds,reason
0.3,TabICLv2,1,7000,0.45971398319402984,13.0,
0.3,TabICLv2,1,8000,0.40968953434566635,7.4,
0.3,TabICLv2,1,9000,0.47080566309447763,8.3,
0.3,TabICLv2,1,10000,0.44812954628782303,8.4,
0.3,TabICLv2,1,11000,0.4149627385766749,8.9,
0.3,TabICLv2,1,12000,0.38260402562281304,8.8,
0.3,TabICLv2,1,13000,0.39827842383430845,9.0,
0.3,TabICLv2,1,14000,0.40762788759267254,9.2,
0.3,TabICLv2,1,15000,0.5406545799065894,9.3,
0.3,TabICLv2,1,16000,0.40717129055247214,8.8,
0.3,TabICLv2,2,7000,0.44383918212233087,16.3,
0.3,TabICLv2,2,8000,0.41115598647342605,16.1,
0.3,TabICLv2,2,9000,0.4669713737632232,17.1,
0.3,TabICLv2,2,10000,0.454991453389462,17.4,
0.3,TabICLv2,2,11000,0.4045237016295178,16.9,
0.3,TabICLv2,2,12000,0.3860749627095654,16.2,
0.3,TabICLv2,2,13000,0.3961558082492962,17.1,
0.3,TabICLv2,2,14000,0.4066321339002379,20.4,
0.3,TabICLv2,2,15000,0.5381361297095621,22.9,
0.3,TabICLv2,2,16000,0.41299920856676964,16.4,
0.3,TabICLv2,4,7000,0.45221136773792026,40.1,
0.3,TabICLv2,4,8000,0.41398100553682055,36.6,
0.3,TabICLv2,4,9000,0.4642927959503348,40.1,
0.3,TabICLv2,4,10000,0.45302776000016004,48.1,
0.3,TabICLv2,4,11000,0.4032330084575594,43.4,
0.3,TabICLv2,4,12000,0.38532585957077903,44.9,
0.3,TabICLv2,4,13000,0.3940320453060118,47.8,
0.3,TabICLv2,4,14000,0.40113666700304373,44.1,
0.3,TabICLv2,4,15000,0.5329968456623908,47.9,
0.3,TabICLv2,4,16000,0.4097147286454393,48.3,
0.3,TabICLv2,8,7000,0.4538351553124544,94.2,
0.3,TabICLv2,8,8000,0.40676332308360413,86.8,
0.3,TabICLv2,8,9000,0.46906078261722844,95.2,
0.3,TabICLv2,8,10000,0.4442565950287497,96.9,
0.3,TabICLv2,8,11000,0.40047748261875904,76.6,
0.3,TabICLv2,8,12000,0.38035304777822465,91.2,
0.3,TabICLv2,8,13000,0.39735542086937464,68.9,
0.3,TabICLv2,8,14000,0.40259736612202957,77.5,
0.3,TabICLv2,8,15000,0.5345666294568432,97.5,
0.3,TabICLv2,8,16000,0.41043434571637155,91.9,
0.3,TabPFN-V3,1,7000,0.32972322762469947,29.7,
0.3,TabPFN-V3,1,8000,0.28815151608485595,24.6,
0.3,TabPFN-V3,1,9000,0.3314016593630178,20.5,
0.3,TabPFN-V3,1,10000,0.37942611859186015,23.8,
0.3,TabPFN-V3,1,11000,0.30350590673506145,25.4,
0.3,TabPFN-V3,1,12000,0.27238675330447676,26.6,
0.3,TabPFN-V3,1,13000,0.26636970423996,26.1,
0.3,TabPFN-V3,1,14000,0.3371472703455918,19.6,
0.3,TabPFN-V3,1,15000,0.3692838034253256,20.8,
0.3,TabPFN-V3,1,16000,0.32205505295959075,28.8,
0.3,TabPFN-V3,2,7000,0.3257049339807889,55.8,
0.3,TabPFN-V3,2,8000,0.281404305695082,50.4,
0.3,TabPFN-V3,2,9000,0.31622071539070734,43.9,
0.3,TabPFN-V3,2,10000,0.3502170945950758,51.5,
0.3,TabPFN-V3,2,11000,0.28496935497532044,41.3,
0.3,TabPFN-V3,2,12000,0.2697676408887985,39.4,
0.3,TabPFN-V3,2,13000,0.26361999557304633,37.5,
0.3,TabPFN-V3,2,14000,0.32789741836709435,36.4,
0.3,TabPFN-V3,2,15000,0.34430100305525446,39.1,
0.3,TabPFN-V3,2,16000,0.317642169212505,52.2,
0.3,TabPFN-V3,4,7000,0.32476597441890775,88.8,
0.3,TabPFN-V3,4,8000,0.28072980498870526,86.2,
0.3,TabPFN-V3,4,9000,0.31243897275618504,72.8,
0.3,TabPFN-V3,4,10000,0.3476967361638269,71.5,
0.3,TabPFN-V3,4,11000,0.2793448915393254,67.2,
0.3,TabPFN-V3,4,12000,0.26768788720023673,58.2,
0.3,TabPFN-V3,4,13000,0.2650547635363737,58.9,
0.3,TabPFN-V3,4,14000,0.3279957128652224,55.4,
0.3,TabPFN-V3,4,15000,0.3423017623987334,50.5,
0.3,TabPFN-V3,4,16000,0.31825980882047655,51.6,
0.3,TabPFN-V3,8,7000,0.326801340008257,101.9,
0.3,TabPFN-V3,8,8000,0.2834786364619124,110.5,
0.3,TabPFN-V3,8,9000,0.31327615381913515,31391.7,
0.3,TabPFN-V3,8,10000,0.3467691482175432,106.9,
0.3,TabPFN-V3,8,11000,0.2798213179258161,110.8,
0.3,TabPFN-V3,8,12000,0.26723651405043874,122.5,
0.3,TabPFN-V3,8,13000,0.2664625513970471,118.2,
0.3,TabPFN-V3,8,14000,0.32605021645356985,116.8,
0.3,TabPFN-V3,8,15000,0.34309167996986817,114.0,
0.3,TabPFN-V3,8,16000,0.3215928267157475,116.8,
0.7,TabICLv2,1,7000,0.83433943278403,9.2,
0.7,TabICLv2,1,8000,0.6766391094299445,10.5,
0.7,TabICLv2,1,9000,0.7579042027446731,9.3,
0.7,TabICLv2,1,10000,0.8177615498667803,9.2,
0.7,TabICLv2,1,11000,0.7526092091279037,9.4,
0.7,TabICLv2,1,12000,0.6136403447775064,8.8,
0.7,TabICLv2,1,13000,0.7231775577222436,8.9,
0.7,TabICLv2,1,14000,0.7665877131076176,9.1,
0.7,TabICLv2,1,15000,0.9375607345892906,9.2,
0.7,TabICLv2,1,16000,0.7820190114485926,9.5,
0.7,TabICLv2,2,7000,0.8108989213199781,18.5,
0.7,TabICLv2,2,8000,0.6750900607745804,16.8,
0.7,TabICLv2,2,9000,0.7555049775522543,15.5,
0.7,TabICLv2,2,10000,0.804740570572048,15.4,
0.7,TabICLv2,2,11000,0.7437790044754254,17.1,
0.7,TabICLv2,2,12000,0.6206875493105013,17.1,
0.7,TabICLv2,2,13000,0.7261127317694444,17.2,
0.7,TabICLv2,2,14000,0.7764871535145229,17.3,
0.7,TabICLv2,2,15000,0.9338230321564092,17.4,
0.7,TabICLv2,2,16000,0.7882887527079686,17.5,
0.7,TabICLv2,4,7000,0.8228037450790678,31.9,
0.7,TabICLv2,4,8000,0.681495509820915,30.6,
0.7,TabICLv2,4,9000,0.7609748506371917,34.3,
0.7,TabICLv2,4,10000,0.8121125272668933,32.8,
0.7,TabICLv2,4,11000,0.7412304985050985,32.6,
0.7,TabICLv2,4,12000,0.6080941419392449,31.0,
0.7,TabICLv2,4,13000,0.7237140797976163,30.1,
0.7,TabICLv2,4,14000,0.7636686984854472,32.5,
0.7,TabICLv2,4,15000,0.9374944010315583,33.0,
0.7,TabICLv2,4,16000,0.7846620512036395,32.5,
0.7,TabICLv2,8,7000,0.8239130483480872,58.5,
0.7,TabICLv2,8,8000,0.6838323744022463,62.8,
0.7,TabICLv2,8,9000,0.7568952742957481,61.6,
0.7,TabICLv2,8,10000,0.8090018441635853,60.3,
0.7,TabICLv2,8,11000,0.7378737183567312,59.9,
0.7,TabICLv2,8,12000,0.6061867369384354,63.9,
0.7,TabICLv2,8,13000,0.7246571499975011,65.2,
0.7,TabICLv2,8,14000,0.7617369547284425,64.1,
0.7,TabICLv2,8,15000,0.9345022269665346,60.1,
0.7,TabICLv2,8,16000,0.7857819607002304,63.4,
0.7,TabPFN-V3,1,7000,0.6733993952841584,17.2,
0.7,TabPFN-V3,1,8000,0.48179654552463747,16.2,
0.7,TabPFN-V3,1,9000,0.5194623945023717,15.5,
0.7,TabPFN-V3,1,10000,0.6848416528752973,15.2,
0.7,TabPFN-V3,1,11000,0.6016030707964221,16.4,
0.7,TabPFN-V3,1,12000,0.39009403719989166,17.1,
0.7,TabPFN-V3,1,13000,0.5898294163096567,15.7,
0.7,TabPFN-V3,1,14000,0.6261277953544774,16.0,
0.7,TabPFN-V3,1,15000,0.6809188978777003,16.3,
0.7,TabPFN-V3,1,16000,0.6901218263845375,15.8,
0.7,TabPFN-V3,2,7000,0.5470311016714143,31.1,
0.7,TabPFN-V3,2,8000,0.3749134395801999,28.1,
0.7,TabPFN-V3,2,9000,0.41660799731249404,28.5,
0.7,TabPFN-V3,2,10000,0.4859020749943794,30.0,
0.7,TabPFN-V3,2,11000,0.47236668175322205,29.4,
0.7,TabPFN-V3,2,12000,0.3344929311522041,31.5,
0.7,TabPFN-V3,2,13000,0.4953392021059924,29.0,
0.7,TabPFN-V3,2,14000,0.47347313847112227,28.8,
0.7,TabPFN-V3,2,15000,0.4945351341774648,30.2,
0.7,TabPFN-V3,2,16000,0.5400225279528194,30.6,
0.7,TabPFN-V3,4,7000,0.5485892941145584,63.6,
0.7,TabPFN-V3,4,8000,0.3801392037161517,59.2,
0.7,TabPFN-V3,4,9000,0.40961809551967926,62.2,
0.7,TabPFN-V3,4,10000,0.4876327679074505,58.1,
0.7,TabPFN-V3,4,11000,0.4748502012818173,61.2,
0.7,TabPFN-V3,4,12000,0.33546860598958744,61.5,
0.7,TabPFN-V3,4,13000,0.4974392016991616,55.8,
0.7,TabPFN-V3,4,14000,0.4744738340253843,55.6,
0.7,TabPFN-V3,4,15000,0.4981123091405975,56.3,
0.7,TabPFN-V3,4,16000,0.5460670402682799,61.5,
0.7,TabPFN-V3,8,7000,0.5496780494983579,117.9,
0.7,TabPFN-V3,8,8000,0.37777937916798116,118.8,
0.7,TabPFN-V3,8,9000,0.40919313036975435,120.3,
0.7,TabPFN-V3,8,10000,0.4851920069116745,118.9,
0.7,TabPFN-V3,8,11000,0.47508176725592616,119.4,
0.7,TabPFN-V3,8,12000,0.33653666061010573,119.4,
0.7,TabPFN-V3,8,13000,0.4986223357169858,118.0,
0.7,TabPFN-V3,8,14000,0.4762505449019716,119.7,
0.7,TabPFN-V3,8,15000,0.5020944565760268,118.1,
0.7,TabPFN-V3,8,16000,0.5483312820459991,112.8,
0.9,TabICLv2,1,7000,1.010904287202591,8.3,
0.9,TabICLv2,1,8000,0.8785792853902955,8.3,
0.9,TabICLv2,1,9000,0.9664861453711212,8.2,
0.9,TabICLv2,1,10000,0.9364982758167851,8.1,
0.9,TabICLv2,1,11000,0.9254890431603805,8.2,
0.9,TabICLv2,1,12000,0.9191716560178116,7.9,
0.9,TabICLv2,1,13000,0.8675271025592896,7.4,
0.9,TabICLv2,1,14000,0.9301850102939667,8.3,
0.9,TabICLv2,1,15000,1.0896201190885901,8.9,
0.9,TabICLv2,1,16000,0.9743917857766645,8.6,
0.9,TabICLv2,2,7000,0.9895068581074727,17.0,
0.9,TabICLv2,2,8000,0.8702188868373578,16.9,
0.9,TabICLv2,2,9000,0.9527850219901373,17.3,
0.9,TabICLv2,2,10000,0.921498265108191,16.9,
0.9,TabICLv2,2,11000,0.926815377660448,15.6,
0.9,TabICLv2,2,12000,0.8908291112912012,16.2,
0.9,TabICLv2,2,13000,0.8752815488773367,18.6,
0.9,TabICLv2,2,14000,0.9280879697313528,18.9,
0.9,TabICLv2,2,15000,1.1323733725431713,18.0,
0.9,TabICLv2,2,16000,0.9859800574938462,18.9,
0.9,TabICLv2,4,7000,1.0012250583619429,34.1,
0.9,TabICLv2,4,8000,0.8604824012739661,34.0,
0.9,TabICLv2,4,9000,0.9453602698997567,33.3,
0.9,TabICLv2,4,10000,0.9279171142039615,31.4,
0.9,TabICLv2,4,11000,0.926722524771483,32.3,
0.9,TabICLv2,4,12000,0.9036927116222143,32.6,
0.9,TabICLv2,4,13000,0.8692512862837659,32.5,
0.9,TabICLv2,4,14000,0.9232675004608771,31.5,
0.9,TabICLv2,4,15000,1.1304158901965384,33.0,
0.9,TabICLv2,4,16000,0.9822456224333901,33.3,
0.9,TabICLv2,8,7000,1.0085345809016184,61.9,
0.9,TabICLv2,8,8000,0.8682927434236808,62.1,
0.9,TabICLv2,8,9000,0.9503739587123866,63.1,
0.9,TabICLv2,8,10000,0.9229311550315137,61.8,
0.9,TabICLv2,8,11000,0.9263664210325063,64.2,
0.9,TabICLv2,8,12000,0.909476547200053,61.9,
0.9,TabICLv2,8,13000,0.8695976966205264,64.3,
0.9,TabICLv2,8,14000,0.9231260327719077,61.0,
0.9,TabICLv2,8,15000,1.1165046286484175,61.8,
0.9,TabICLv2,8,16000,0.9814697719439425,62.8,
0.9,TabPFN-V3,1,7000,0.8093313315257836,16.0,
0.9,TabPFN-V3,1,8000,0.7261366985886228,15.1,
0.9,TabPFN-V3,1,9000,0.7467508590276418,14.2,
0.9,TabPFN-V3,1,10000,0.7775633447012787,15.4,
0.9,TabPFN-V3,1,11000,0.7401107977596568,15.6,
0.9,TabPFN-V3,1,12000,0.31220148532691455,15.6,
0.9,TabPFN-V3,1,13000,0.7328679695390358,15.9,
0.9,TabPFN-V3,1,14000,0.7295398691283815,16.0,
0.9,TabPFN-V3,1,15000,0.7946918635819944,14.2,
0.9,TabPFN-V3,1,16000,0.865031977853467,14.4,
0.9,TabPFN-V3,2,7000,0.5868186491147307,30.7,
0.9,TabPFN-V3,2,8000,0.5945138689324082,30.4,
0.9,TabPFN-V3,2,9000,0.5857441482028891,29.7,
0.9,TabPFN-V3,2,10000,0.5888360082330878,28.9,
0.9,TabPFN-V3,2,11000,0.5357724912093867,31.3,
0.9,TabPFN-V3,2,12000,0.5431901113797208,30.8,
0.9,TabPFN-V3,2,13000,0.5544758206908862,28.4,
0.9,TabPFN-V3,2,14000,0.5429260231632728,30.5,
0.9,TabPFN-V3,2,15000,0.5198770964470552,31.2,
0.9,TabPFN-V3,2,16000,0.6183261140739778,28.8,
0.9,TabPFN-V3,4,7000,0.5876759010259183,59.8,
0.9,TabPFN-V3,4,8000,0.5936580401318446,58.8,
0.9,TabPFN-V3,4,9000,0.5789857070886878,62.5,
0.9,TabPFN-V3,4,10000,0.5953855745195118,57.9,
0.9,TabPFN-V3,4,11000,0.5379848296835459,60.5,
0.9,TabPFN-V3,4,12000,0.5396305172695777,59.9,
0.9,TabPFN-V3,4,13000,0.5547724675917305,60.0,
0.9,TabPFN-V3,4,14000,0.5421477108344068,59.5,
0.9,TabPFN-V3,4,15000,0.5230911239536018,64.0,
0.9,TabPFN-V3,4,16000,0.6283148594106767,61.5,
0.9,TabPFN-V3,8,7000,0.5858206870600836,122.9,
0.9,TabPFN-V3,8,8000,0.5896099681608978,120.7,
0.9,TabPFN-V3,8,9000,0.5694224737208222,122.9,
0.9,TabPFN-V3,8,10000,0.5930643504727025,113.7,
0.9,TabPFN-V3,8,11000,0.5387679961837081,112.9,
0.9,TabPFN-V3,8,12000,0.5435545182597089,122.8,
0.9,TabPFN-V3,8,13000,0.5548906772007571,117.9,
0.9,TabPFN-V3,8,14000,0.5445814367298533,122.1,
0.9,TabPFN-V3,8,15000,0.528106602174214,116.1,
0.9,TabPFN-V3,8,16000,0.6289363685103251,117.4,
