xi,mu_ratio,seed,xi_raw,xi_residual,grad_sirovi,grad_rezid
0.1,0.0,0,0.0958770354578762,0.09493992553909071,-0.004122964542123811,-0.005060074460909295
0.1,0.0,1,0.10341097947917056,0.10401731563659435,0.003410979479170559,0.00401731563659434
0.1,0.0,2,0.10389042386558123,0.10461325448455103,0.0038904238655812218,0.0046132544845510215
0.1,0.0,3,0.10343513028354481,0.1043013768334737,0.003435130283544807,0.0043013768334736885
0.1,0.0,4,0.1054969548236755,0.10640309987933622,0.005496954823675501,0.00640309987933621
0.1,0.0,5,0.10544487979522588,0.10685989548294507,0.005444879795225871,0.006859895482945064
0.1,0.0,6,0.1077116869333322,0.11050172398279241,0.007711686933332199,0.010501723982792407
0.1,0.0,7,0.09496851200692198,0.09449165350634664,-0.005031487993078024,-0.0055083464936533655
0.1,0.0,8,0.09790356844378334,0.09842814005693648,-0.0020964315562166658,-0.001571859943063525
0.1,0.0,9,0.10311461487507748,0.10293581306948935,0.0031146148750774705,0.0029358130694893403
0.1,0.5,0,0.03957741423366424,0.09493992553909071,-0.06042258576633577,-0.005060074460909295
0.1,0.5,1,0.0470270105424841,0.10401731563659435,-0.052972989457515905,0.00401731563659434
0.1,0.5,2,0.0474960176082267,0.10461325448455103,-0.052503982391773306,0.0046132544845510215
0.1,0.5,3,0.04698134630168499,0.1043013768334737,-0.053018653698315016,0.0043013768334736885
0.1,0.5,4,0.04912399602232392,0.10640309987933622,-0.05087600397767609,0.00640309987933621
0.1,0.5,5,0.048930807587166864,0.10685989548294507,-0.05106919241283314,0.006859895482945064
0.1,0.5,6,0.05092358490779935,0.11050172398279241,-0.049076415092200655,0.010501723982792407
0.1,0.5,7,0.03850272692180763,0.09449165350634664,-0.061497273078192374,-0.0055083464936533655
0.1,0.5,8,0.04129639641156117,0.09842814005693648,-0.05870360358843883,-0.001571859943063525
0.1,0.5,9,0.04693183583756604,0.10293581306948935,-0.05306816416243396,0.0029358130694893403
0.1,1.0,0,-0.010254280483262608,0.09493992553909071,-0.1102542804832626,-0.005060074460909295
0.1,1.0,1,-0.002870733257630991,0.10401731563659435,-0.10287073325763099,0.00401731563659434
0.1,1.0,2,-0.0024098976208311775,0.10461325448455103,-0.10240989762083118,0.0046132544845510215
0.1,1.0,3,-0.002971049374808276,0.10430137683347357,-0.10297104937480828,0.004301376833473564
0.1,1.0,4,-0.0007651275099003523,0.10640309987933605,-0.10076512750990035,0.006403099879336044
0.1,1.0,5,-0.001068769681374103,0.10685989548294507,-0.10106876968137411,0.006859895482945064
0.1,1.0,6,0.0007096988388369609,0.11050172398279304,-0.09929030116116304,0.010501723982793032
0.1,1.0,7,-0.011459061754313675,0.09449165350634618,-0.11145906175431368,-0.0055083464936538235
0.1,1.0,8,-0.008776017889628389,0.09842814005693648,-0.1087760178896284,-0.001571859943063525
0.1,1.0,9,-0.0028083269643490736,0.10293581306948955,-0.10280832696434908,0.0029358130694895485
0.1,2.0,0,-0.09547605274266475,0.09493992553909074,-0.19547605274266477,-0.005060074460909267
0.1,2.0,1,-0.0881892802341813,0.10401731563659562,-0.1881892802341813,0.004017315636595617
0.1,2.0,2,-0.08774041480389418,0.10461325448455103,-0.1877404148038942,0.0046132544845510215
0.1,2.0,3,-0.08836964452579317,0.10430137683347357,-0.1883696445257932,0.004301376833473564
0.1,2.0,4,-0.08607104618059022,0.10640309987933605,-0.18607104618059023,0.006403099879336044
0.1,2.0,5,-0.08653645137539188,0.10685989548294507,-0.18653645137539188,0.006859895482945064
0.1,2.0,6,-0.08507155595265593,0.11050172398279232,-0.18507155595265595,0.01050172398279231
0.1,2.0,7,-0.09687141225798149,0.0944916535063459,-0.1968714122579815,-0.005508346493654101
0.1,2.0,8,-0.0943503162878065,0.09842814005693627,-0.19435031628780652,-0.0015718599430637331
0.1,2.0,9,-0.08789592721312385,0.10293581306948901,-0.18789592721312387,0.0029358130694890072
0.1,5.0,0,-0.281451821495774,0.09493992553909071,-0.38145182149577406,-0.005060074460909295
0.1,5.0,1,-0.27432048781640295,0.10401731563659435,-0.3743204878164029,0.00401731563659434
0.1,5.0,2,-0.27389084257042745,0.10461325448455103,-0.3738908425704275,0.0046132544845510215
0.1,5.0,3,-0.2746293567022649,0.10430137683347357,-0.37462935670226494,0.004301376833473564
0.1,5.0,4,-0.2721819753927448,0.10640309987933629,-0.3721819753927448,0.00640309987933628
0.1,5.0,5,-0.2729070213980177,0.106859895482945,-0.3729070213980177,0.006859895482944994
0.1,5.0,6,-0.27194471581279905,0.11050172398279232,-0.3719447158127991,0.01050172398279231
0.1,5.0,7,-0.28315320025027446,0.09449165350634618,-0.38315320025027444,-0.0055083464936538235
0.1,5.0,8,-0.2808918758139129,0.09842814005693573,-0.38089187581391293,-0.0015718599430642743
0.1,5.0,9,-0.2736560404593119,0.10293581306948996,-0.3736560404593119,0.002935813069489951
0.3,0.0,0,0.2948066323774388,0.29388740031652616,-0.005193367622561174,-0.006112599683473829
0.3,0.0,1,0.3041031945984138,0.30472801862600146,0.004103194598413795,0.004728018626001473
0.3,0.0,2,0.3043975507835599,0.30514171450114674,0.0043975507835599115,0.005141714501146755
0.3,0.0,3,0.3044028774922751,0.3052376230989105,0.004402877492275137,0.0052376230989105155
0.3,0.0,4,0.30618276281761525,0.30713966110560054,0.006182762817615262,0.007139661105600548
0.3,0.0,5,0.3058426060185079,0.30722365050088685,0.00584260601850789,0.007223650500886858
0.3,0.0,6,0.30932816513541295,0.31191165530723164,0.009328165135412958,0.01191165530723165
0.3,0.0,7,0.2937144127597341,0.29314204872623173,-0.0062855872402659,-0.006857951273768259
0.3,0.0,8,0.2971064555806144,0.2974709814349506,-0.0028935444193856075,-0.00252901856504939
0.3,0.0,9,0.3037070068546782,0.3036737270727335,0.0037070068546782298,0.0036737270727335014
0.3,0.5,0,0.24715512690653024,0.29388740031652616,-0.052844873093469746,-0.006112599683473829
0.3,0.5,1,0.2563735668168497,0.30472801862600113,-0.04362643318315029,0.00472801862600114
0.3,0.5,2,0.25664409346442196,0.3051417145011475,-0.043355906535578026,0.005141714501147532
0.3,0.5,3,0.25662226802857596,0.3052376230989105,-0.04337773197142403,0.0052376230989105155
0.3,0.5,4,0.2584391701673343,0.3071396611056004,-0.04156082983266568,0.007139661105600437
0.3,0.5,5,0.2579567527341125,0.30722365050088685,-0.042043247265887485,0.007223650500886858
0.3,0.5,6,0.2612236164166606,0.31191165530723164,-0.0387763835833394,0.01191165530723165
0.3,0.5,7,0.24591234250891106,0.29314204872623173,-0.05408765749108893,-0.006857951273768259
0.3,0.5,8,0.24916379622514423,0.29747098143495054,-0.05083620377485576,-0.0025290185650494457
0.3,0.5,9,0.25615996363018306,0.30367372707273327,-0.043840036369816926,0.0036737270727332794
0.3,1.0,0,0.20421891357109143,0.2938874003165264,-0.09578108642890856,-0.006112599683473607
0.3,1.0,1,0.21337394949066799,0.30472801862600146,-0.086626050509332,0.004728018626001473
0.3,1.0,2,0.21362514022061596,0.30514171450114724,-0.08637485977938403,0.005141714501147254
0.3,1.0,3,0.21358128515818156,0.3052376230989108,-0.08641871484181843,0.005237623098910793
0.3,1.0,4,0.2154282211437553,0.30713966110560054,-0.0845717788562447,0.007139661105600548
0.3,1.0,5,0.214830404890184,0.307223650500887,-0.08516959510981598,0.007223650500887024
0.3,1.0,6,0.21792000090292798,0.31191165530723164,-0.082079999097072,0.01191165530723165
0.3,1.0,7,0.20285394940348397,0.29314204872623173,-0.09714605059651601,-0.006857951273768259
0.3,1.0,8,0.2059913876185985,0.2974709814349506,-0.09400861238140149,-0.00252901856504939
0.3,1.0,9,0.2133085640482694,0.3036737270727335,-0.0866914359517306,0.0036737270727335014
0.3,2.0,0,0.12930424826096054,0.2938874003165264,-0.17069575173903945,-0.006112599683473607
0.3,2.0,1,0.13836263110252522,0.30472801862600135,-0.16163736889747476,0.004728018626001362
0.3,2.0,2,0.13858435323651297,0.30514171450114724,-0.16141564676348702,0.005141714501147254
0.3,2.0,3,0.13850692830933212,0.30523762309891034,-0.16149307169066787,0.005237623098910349
0.3,2.0,4,0.1403996324621122,0.30713966110560054,-0.15960036753788778,0.007139661105600548
0.3,2.0,5,0.1396260051369779,0.307223650500887,-0.1603739948630221,0.007223650500887024
0.3,2.0,6,0.1424457618349312,0.31191165530723164,-0.15755423816506878,0.01191165530723165
0.3,2.0,7,0.12775306499518813,0.29314204872623173,-0.17224693500481186,-0.006857951273768259
0.3,2.0,8,0.13071684681556087,0.2974709814349506,-0.16928315318443912,-0.00252901856504939
0.3,2.0,9,0.1385232445807309,0.30367372707273377,-0.1614767554192691,0.003673727072733779
0.3,5.0,0,-0.03958155427406829,0.29388740031652677,-0.3395815542740683,-0.006112599683473219
0.3,5.0,1,-0.030688521916232545,0.30472801862600146,-0.33068852191623255,0.004728018626001473
0.3,5.0,2,-0.030517193720142412,0.30514171450114724,-0.3305171937201424,0.005141714501147254
0.3,5.0,3,-0.030652014832614448,0.3052376230989105,-0.3306520148326144,0.0052376230989105155
0.3,5.0,4,-0.02868105542941759,0.30713966110560054,-0.32868105542941756,0.007139661105600548
0.3,5.0,5,-0.02975516585109565,0.307223650500887,-0.32975516585109566,0.007223650500887024
0.3,5.0,6,-0.027395958003649364,0.31191165530723164,-0.32739595800364935,0.01191165530723165
0.3,5.0,7,-0.04145122522631222,0.2931420487262315,-0.3414512252263122,-0.006857951273768481
0.3,5.0,8,-0.03878411208142423,0.2974709814349506,-0.3387841120814242,-0.00252901856504939
0.3,5.0,9,-0.03014112173846268,0.3036737270727335,-0.33014112173846266,0.0036737270727335014
0.5,0.0,0,0.49361518246179903,0.49272887027797796,-0.006384817538200971,-0.0072711297220220406
0.5,0.0,1,0.5049003487999797,0.5055256502427145,0.004900348799979692,0.005525650242714453
0.5,0.0,2,0.5050289555306694,0.5057732225968085,0.005028955530669399,0.005773222596808458
0.5,0.0,3,0.5054719446724,0.5062650539990194,0.005471944672399975,0.006265053999019443
0.5,0.0,4,0.5070449031348659,0.5080194494465864,0.007044903134865943,0.00801944944658639
0.5,0.0,5,0.5064193096996829,0.5077453241042034,0.006419309699682851,0.007745324104203366
0.5,0.0,6,0.5111827925064324,0.5135554034802705,0.011182792506432393,0.013555403480270511
0.5,0.0,7,0.49231193673193824,0.4916797437993958,-0.007688063268061762,-0.008320256200604226
0.5,0.0,8,0.4962519435085059,0.49648825377042427,-0.003748056491494123,-0.0035117462295757296
0.5,0.0,9,0.5043958151998006,0.5044726016229168,0.00439581519980059,0.00447260162291685
0.5,0.5,0,0.45394092402887753,0.49272887027797796,-0.046059075971122465,-0.0072711297220220406
0.5,0.5,1,0.4651550691583286,0.5055256502427145,-0.034844930841671395,0.005525650242714453
0.5,0.5,2,0.46524916351087015,0.5057732225968085,-0.034750836489129855,0.005773222596808458
0.5,0.5,3,0.46569272591838473,0.5062650539990194,-0.03430727408161527,0.006265053999019443
0.5,0.5,4,0.46726500510151203,0.5080194494465864,-0.03273499489848797,0.00801944944658639
0.5,0.5,5,0.46649956558319033,0.5077453241042035,-0.033500434416809666,0.007745324104203477
0.5,0.5,6,0.47109610764246146,0.5135554034802705,-0.02890389235753854,0.013555403480270511
0.5,0.5,7,0.45250382487721624,0.4916797437993958,-0.04749617512278376,-0.008320256200604226
0.5,0.5,8,0.4563072727527948,0.49648825377042427,-0.04369272724720519,-0.0035117462295757296
0.5,0.5,9,0.46481311890443094,0.5044726016229168,-0.035186881095569056,0.00447260162291685
0.5,1.0,0,0.41758959781964167,0.49272887027797785,-0.08241040218035833,-0.007271129722022152
0.5,1.0,1,0.4287441359633224,0.5055256502427145,-0.07125586403667761,0.005525650242714453
0.5,1.0,2,0.42880927109069716,0.5057732225968085,-0.07119072890930284,0.005773222596808458
0.5,1.0,3,0.42925331448911636,0.5062650539990196,-0.07074668551088364,0.006265053999019554
0.5,1.0,4,0.4308250237322273,0.5080194494465864,-0.06917497626777269,0.00801944944658639
0.5,1.0,5,0.4299422831760752,0.5077453241042034,-0.07005771682392481,0.007745324104203366
0.5,1.0,6,0.4343988884512131,0.5135554034802706,-0.0656011115487869,0.013555403480270622
0.5,1.0,7,0.41604017253599407,0.49167974379939566,-0.08395982746400593,-0.008320256200604337
0.5,1.0,8,0.41972908950341886,0.49648825377042416,-0.08027091049658114,-0.0035117462295758406
0.5,1.0,9,0.4285386658237367,0.5044726016229166,-0.07146133417626332,0.004472601622916628
0.5,2.0,0,0.35291097367658325,0.49272887027797796,-0.14708902632341675,-0.0072711297220220406
0.5,2.0,1,0.3639710578592601,0.5055256502427145,-0.1360289421407399,0.005525650242714453
0.5,2.0,2,0.3639903159345427,0.5057732225968085,-0.13600968406545733,0.005773222596808458
0.5,2.0,3,0.364435121251663,0.5062650539990194,-0.135564878748337,0.006265053999019443
0.5,2.0,4,0.36600592767553547,0.5080194494465864,-0.13399407232446453,0.00801944944658639
0.5,2.0,5,0.3649374403594338,0.5077453241042034,-0.13506255964056618,0.007745324104203366
0.5,2.0,6,0.36917262449688737,0.5135554034802705,-0.13082737550311263,0.013555403480270511
0.5,2.0,7,0.35118358294105995,0.49167974379939533,-0.14881641705894005,-0.00832025620060467
0.5,2.0,8,0.35469116370344783,0.49648825377042427,-0.14530883629655217,-0.0035117462295757296
0.5,2.0,9,0.36398190527095814,0.5044726016229168,-0.13601809472904186,0.00447260162291685
0.5,5.0,0,0.2021218042292201,0.49272887027797785,-0.2978781957707799,-0.007271129722022152
0.5,5.0,1,0.21300940784717806,0.5055256502427142,-0.28699059215282197,0.005525650242714231
0.5,5.0,2,0.21294492895614459,0.5057732225968083,-0.2870550710438554,0.005773222596808347
0.5,5.0,3,0.2133911247592464,0.50626505399902,-0.2866088752407536,0.006265053999019998
0.5,5.0,4,0.2149602835571862,0.5080194494465864,-0.2850397164428138,0.00801944944658639
0.5,5.0,5,0.21355301801379023,0.5077453241042035,-0.28644698198620977,0.007745324104203477
0.5,5.0,6,0.21738489242892803,0.5135554034802706,-0.282615107571072,0.013555403480270622
0.5,5.0,7,0.20006952245887777,0.4916797437993958,-0.29993047754112223,-0.008320256200604226
0.5,5.0,8,0.20324644515399165,0.4964882537704245,-0.29675355484600835,-0.0035117462295755075
0.5,5.0,9,0.2134154253052742,0.5044726016229166,-0.2865845746947258,0.004472601622916628
0.7,0.0,0,0.6923122083005644,0.691474091122672,-0.007687791699435564,-0.008525908877327959
0.7,0.0,1,0.7057940678539213,0.7064021058964863,0.005794067853921336,0.006402105896486376
0.7,0.0,2,0.705774739510493,0.7064981831363866,0.00577473951049301,0.006498183136386615
0.7,0.0,3,0.7066342253006588,0.7073751545277538,0.006634225300658825,0.0073751545277538355
0.7,0.0,4,0.7080693145987117,0.7090291068501767,0.008069314598711741,0.009029106850176771
0.7,0.0,5,0.707160757394704,0.7084102259386454,0.007160757394704009,0.008410225938645488
0.7,0.0,6,0.7132564243173278,0.7154110527328517,0.013256424317327875,0.015411052732851704
0.7,0.0,7,0.690772739564797,0.6901150885413748,-0.009227260435202944,-0.009884911458625134
0.7,0.0,8,0.6953445565301735,0.6954823123488654,-0.004655443469826492,-0.004517687651134583
0.7,0.0,9,0.7051733522956407,0.7053267525006576,0.005173352295640754,0.005326752500657617
0.7,0.5,0,0.6598011985503397,0.691474091122672,-0.04019880144966026,-0.008525908877327959
0.7,0.5,1,0.6732196802434001,0.7064021058964863,-0.02678031975659989,0.006402105896486376
0.7,0.5,2,0.6731583795318763,0.7064981831363866,-0.02684162046812366,0.006498183136386615
0.7,0.5,3,0.6740403367386791,0.707375154527754,-0.02595966326132082,0.0073751545277540576
0.7,0.5,4,0.6754449655175019,0.7090291068501767,-0.024555034482498073,0.009029106850176771
0.7,0.5,5,0.6744024376502259,0.7084102259386454,-0.02559756234977406,0.008410225938645488
0.7,0.5,6,0.6803768747994611,0.7154110527328517,-0.019623125200538882,0.015411052732851704
0.7,0.5,7,0.6581449119359609,0.6901150885413747,-0.04185508806403904,-0.009884911458625245
0.7,0.5,8,0.6625872523492922,0.6954823123488654,-0.03741274765070779,-0.004517687651134583
0.7,0.5,9,0.6727410923123704,0.7053267525006578,-0.027258907687629508,0.005326752500657839
0.7,1.0,0,0.6295553571816044,0.691474091122672,-0.07044464281839558,-0.008525908877327959
0.7,1.0,1,0.642918995823136,0.7064021058964863,-0.0570810041768639,0.006402105896486376
0.7,1.0,2,0.6428213831877758,0.7064981831363866,-0.05717861681222414,0.006498183136386615
0.7,1.0,3,0.6437227804747394,0.7073751545277542,-0.05627721952526055,0.00737515452775428
0.7,1.0,4,0.6451010582322962,0.7090291068501767,-0.05489894176770371,0.009029106850176771
0.7,1.0,5,0.6439426748963241,0.7084102259386454,-0.05605732510367589,0.008410225938645488
0.7,1.0,6,0.6498123320908609,0.7154110527328517,-0.05018766790913909,0.015411052732851704
0.7,1.0,7,0.6277979956212049,0.6901150885413746,-0.07220200437879509,-0.009884911458625356
0.7,1.0,8,0.6321283675862416,0.6954823123488652,-0.06787163241375838,-0.004517687651134805
0.7,1.0,9,0.6425634166412968,0.7053267525006578,-0.057436583358703164,0.005326752500657839
0.7,2.0,0,0.5747326069499525,0.6914740911226721,-0.12526739305004742,-0.008525908877327848
0.7,2.0,1,0.5880060862950992,0.7064021058964862,-0.11199391370490075,0.006402105896486265
0.7,2.0,2,0.5878487951918432,0.7064981831363865,-0.11215120480815677,0.006498183136386504
0.7,2.0,3,0.5887821405141876,0.707375154527754,-0.11121785948581231,0.0073751545277540576
0.7,2.0,4,0.5901171136327024,0.7090291068501768,-0.1098828863672976,0.009029106850176882
0.7,2.0,5,0.5887684185494985,0.7084102259386454,-0.1112315814505015,0.008410225938645488
0.7,2.0,6,0.5944660728359416,0.7154110527328517,-0.1055339271640584,0.015411052732851704
0.7,2.0,7,0.5728091064961083,0.6901150885413748,-0.12719089350389168,-0.009884911458625134
0.7,2.0,8,0.5769555529800029,0.6954823123488654,-0.12304444701999706,-0.004517687651134583
0.7,2.0,9,0.5878527694578516,0.7053267525006576,-0.11214723054214837,0.005326752500657617
0.7,5.0,0,0.44254517571194746,0.691474091122672,-0.2574548242880525,-0.008525908877327959
0.7,5.0,1,0.4556428673055104,0.7064021058964863,-0.24435713269448955,0.006402105896486376
0.7,5.0,2,0.45536927751788653,0.7064981831363866,-0.24463072248211343,0.006498183136386615
0.7,5.0,3,0.45636487585756186,0.7073751545277542,-0.2436351241424381,0.00737515452775428
0.7,5.0,4,0.4576154700622108,0.7090291068501766,-0.24238452993778914,0.00902910685017666
0.7,5.0,5,0.4558962471485316,0.7084102259386454,-0.24410375285146835,0.008410225938645488
0.7,5.0,6,0.4612594312793626,0.7154110527328519,-0.23874056872063737,0.015411052732851926
0.7,5.0,7,0.4402978301155211,0.6901150885413748,-0.25970216988447886,-0.009884911458625134
0.7,5.0,8,0.4440861867806238,0.6954823123488653,-0.2559138132193762,-0.004517687651134694
0.7,5.0,9,0.45588406094305267,0.7053267525006576,-0.24411593905694728,0.005326752500657617
0.9,0.0,0,0.8909103835428271,0.8901338309076868,-0.009089616457172878,-0.009866169092313193
0.9,0.0,1,0.9067732260683017,0.9073484513727751,0.006773226068301663,0.007348451372775067
0.9,0.0,2,0.9066217487218714,0.9073060167405215,0.006621748721871379,0.007306016740521448
0.9,0.0,3,0.9078789528458834,0.9085585396413429,0.007878952845883358,0.0085585396413429
0.9,0.0,4,0.9092373144218516,0.9101539079691274,0.009237314421851606,0.010153907969127407
0.9,0.0,5,0.9080480310763561,0.9092021573602802,0.0080480310763561,0.009202157360280183
0.9,0.0,6,0.9155236490890446,0.9174544558816085,0.015523649089044578,0.017454455881608433
0.9,0.0,7,0.8891123365323335,0.8884595092781858,-0.010887663467666564,-0.011540490721814178
0.9,0.0,8,0.8943903146278596,0.8944557567282844,-0.0056096853721404605,-0.005544243271715654
0.9,0.0,9,0.9060294035941169,0.9062299137932915,0.0060294035941168556,0.006229913793291519
0.9,0.5,0,0.8646672412521242,0.8901338309076868,-0.03533275874787578,-0.009866169092313193
0.9,0.5,1,0.88047453908947,0.9073484513727751,-0.01952546091052998,0.007348451372775067
0.9,0.5,2,0.8802769347736739,0.9073060167405215,-0.019723065226326164,0.007306016740521448
0.9,0.5,3,0.8815721853848036,0.9085585396413431,-0.01842781461519638,0.008558539641343121
0.9,0.5,4,0.8828788947111104,0.9101539079691274,-0.01712110528888966,0.010153907969127407
0.9,0.5,5,0.8815644989268862,0.9092021573602801,-0.01843550107311387,0.009202157360280072
0.9,0.5,6,0.8889570885374577,0.9174544558816085,-0.011042911462542326,0.017454455881608433
0.9,0.5,7,0.8627690120165884,0.8884595092781858,-0.03723098798341162,-0.011540490721814178
0.9,0.5,8,0.8679271450033387,0.8944557567282843,-0.03207285499666135,-0.005544243271715765
0.9,0.5,9,0.8798528068755637,0.9062299137932915,-0.020147193124436358,0.006229913793291519
0.9,1.0,0,0.8399199352533635,0.8901338309076866,-0.06008006474663652,-0.009866169092313415
0.9,1.0,1,0.8556778475723558,0.907348451372775,-0.04432215242764426,0.007348451372774956
0.9,1.0,2,0.8554392402240206,0.9073060167405214,-0.0445607597759794,0.007306016740521337
0.9,1.0,3,0.8567683103978586,0.9085585396413431,-0.04323168960214141,0.008558539641343121
0.9,1.0,4,0.8580291073430629,0.9101539079691274,-0.0419708926569371,0.010153907969127407
0.9,1.0,5,0.8566035450048443,0.9092021573602801,-0.043396454995155764,0.009202157360280072
0.9,1.0,6,0.8639223945007644,0.9174544558816085,-0.036077605499235665,0.017454455881608433
0.9,1.0,7,0.8379326413194493,0.8884595092781856,-0.06206735868055069,-0.0115404907218144
0.9,1.0,8,0.8429842797401398,0.8944557567282843,-0.057015720259860236,-0.005544243271715765
0.9,1.0,9,0.8551646831417462,0.9062299137932915,-0.044835316858253815,0.006229913793291519
0.9,2.0,0,0.7942921475822944,0.8901338309076868,-0.10570785241770564,-0.009866169092313193
0.9,2.0,1,0.8099660775869815,0.9073484513727751,-0.09003392241301855,0.007348451372775067
0.9,2.0,2,0.8096577623134307,0.9073060167405215,-0.09034223768656935,0.007306016740521448
0.9,2.0,3,0.8110443267446775,0.908558539641343,-0.0889556732553225,0.00855853964134301
0.9,2.0,4,0.8122270742173503,0.9101539079691274,-0.08777292578264972,0.010153907969127407
0.9,2.0,5,0.8106126247832244,0.9092021573602802,-0.08938737521677564,0.009202157360280183
0.9,2.0,6,0.8178062517569997,0.9174544558816086,-0.0821937482430003,0.017454455881608544
0.9,2.0,7,0.7921534137702657,0.8884595092781857,-0.10784658622973431,-0.01154049072181429
0.9,2.0,8,0.7970240857216799,0.8944557567282844,-0.10297591427832009,-0.005544243271715654
0.9,2.0,9,0.8096375715764228,0.9062299137932915,-0.09036242842357722,0.006229913793291519
0.9,5.0,0,0.6806183020354185,0.8901338309076868,-0.2193816979645815,-0.009866169092313193
0.9,5.0,1,0.6961176987806088,0.9073484513727751,-0.20388230121939122,0.007348451372775067
0.9,5.0,2,0.6956645943591393,0.9073060167405215,-0.20433540564086072,0.007306016740521448
0.9,5.0,3,0.6971705739685792,0.908558539641343,-0.20282942603142085,0.00855853964134301
0.9,5.0,4,0.6981912250240327,0.9101539079691274,-0.20180877497596728,0.010153907969127407
0.9,5.0,5,0.6961848575558129,0.9092021573602802,-0.20381514244418708,0.009202157360280183
0.9,5.0,6,0.7031189515024803,0.9174544558816086,-0.19688104849751975,0.017454455881608544
0.9,5.0,7,0.6781649188863077,0.8884595092781858,-0.22183508111369232,-0.011540490721814178
0.9,5.0,8,0.6826600359882165,0.8944557567282843,-0.21733996401178357,-0.005544243271715765
0.9,5.0,9,0.6961730895666528,0.9062299137932915,-0.20382691043334722,0.006229913793291519
