model,seed,d_true,seconds,reason,xi_raw_t0,xi_residual_t0,xi_raw_t1,xi_residual_t1,xi_raw_t2,xi_residual_t2,xi_true_t0,xi_true_t2
GBM,0,0.4948479951601983,5.3,,0.4390699355114485,0.46580822527105725,0.5852269196692269,0.5944107834497602,0.8918479167986547,0.913085389990171,0.26986074340430766,0.7647087385645059
TabICLv2,0,0.4948479951601983,11.3,,0.5951197329442176,0.609866257445827,0.7641370969124013,0.7739872979517093,0.8509586622919496,0.8461544622910279,0.26986074340430766,0.7647087385645059
TabPFN-V3,0,0.4948479951601983,7.1,,0.35347255166890557,0.3665065582354141,0.5075646009543249,0.5182838631365205,0.6756738467823641,0.6856424382954331,0.26986074340430766,0.7647087385645059
GBM,1,0.5029796123892347,4.0,,0.4929892929921387,0.5261148935960862,0.677914236399509,0.7149952850831768,0.683277263254629,0.7143550656337265,0.27548762426517376,0.7784672366544084
TabICLv2,1,0.5029796123892347,3.9,,0.6264809018932377,0.6432311280740851,0.6857621821650159,0.694855996710166,0.6943926874711736,0.6962241258257555,0.27548762426517376,0.7784672366544084
TabPFN-V3,1,0.5029796123892347,6.8,,0.42233441194240556,0.42407116535580497,0.5223758108027406,0.5287918242554412,0.6041022958882579,0.613922278537856,0.27548762426517376,0.7784672366544084
GBM,2,0.5015286688698934,3.4,,0.5496339227214553,0.5778877880476113,0.4534707225653168,0.4415007544131698,0.6522980281973664,0.6662693732174713,0.26763148352948996,0.7691601523993834
TabICLv2,2,0.5015286688698934,3.0,,0.5762024067103448,0.5895707780890791,0.6454181538120232,0.6493455347060092,0.7034048883760473,0.6986942680739067,0.26763148352948996,0.7691601523993834
TabPFN-V3,2,0.5015286688698934,6.4,,0.3849834253832138,0.3903810953817863,0.47265247882411004,0.47007957406445483,0.617145464372551,0.6216800028307006,0.26763148352948996,0.7691601523993834
GBM,3,0.4969126277449033,3.8,,0.5549582292878403,0.6150398636571163,0.5507587906502469,0.5703897640934853,0.6880286600156407,0.7093647551119243,0.27880807379843275,0.775720701543336
TabICLv2,3,0.4969126277449033,3.9,,0.5720583551727954,0.5832206113096019,0.6941655153226698,0.7149082800535389,0.8040481272760637,0.8184825432217381,0.27880807379843275,0.775720701543336
TabPFN-V3,3,0.4969126277449033,6.7,,0.3575726503141159,0.3662638778194347,0.4483900001719712,0.4579525726451783,0.5440769194487299,0.5524214820314134,0.27880807379843275,0.775720701543336
GBM,4,0.5128457611103883,3.4,,0.4498166418972307,0.47348358811756125,0.6914036863213784,0.7188560062103015,0.7417511131368418,0.7501705321235413,0.2642105941114843,0.7770563552218726
TabICLv2,4,0.5128457611103883,3.3,,0.5700537013010099,0.565995720773504,0.7632059030166027,0.7510178801967468,0.9421251423990553,0.9430774677413064,0.2642105941114843,0.7770563552218726
TabPFN-V3,4,0.5128457611103883,6.8,,0.24076497298682945,0.2243742417386124,0.3994101186277288,0.40164430688020364,0.5455669592087344,0.5700550960264504,0.2642105941114843,0.7770563552218726
GBM,5,0.5010751701370659,3.9,,0.31026437035750526,0.32932234940912,0.34517739052096025,0.344011432107237,0.511768311566317,0.5069653864380227,0.26817195576839187,0.7692471259054577
TabICLv2,5,0.5010751701370659,4.0,,0.5223085070153826,0.5308659774859759,0.5637814669423009,0.563364152360686,0.5958114232122986,0.5906014067352179,0.26817195576839187,0.7692471259054577
TabPFN-V3,5,0.5010751701370659,6.1,,0.3373336003585317,0.33966590931514895,0.4385285246102877,0.4385485706346961,0.5467220020856267,0.5444891639838335,0.26817195576839187,0.7692471259054577
GBM,6,0.4997959334095825,3.3,,0.4477779594616374,0.47128597222056146,0.4196235532745433,0.4180999353345403,0.7290877137428561,0.764862766401066,0.27947307249367426,0.7792690059032568
TabICLv2,6,0.4997959334095825,3.7,,0.35964240651884405,0.39098980185972576,0.4748336511727766,0.5076908731808006,0.6107798230183852,0.6353726500148985,0.27947307249367426,0.7792690059032568
TabPFN-V3,6,0.4997959334095825,6.9,,-0.17433859276865288,-0.2959119592804661,-0.17512613846328137,-0.29491118616202644,-0.1842951070133554,-0.29920453701569516,0.27947307249367426,0.7792690059032568
GBM,7,0.4966961322614469,3.9,,0.5069140253065101,0.5305918826274799,0.6575606763847055,0.6994605494352367,0.5566614272473486,0.5430665596957407,0.2749252358410103,0.7716213681024572
TabICLv2,7,0.4966961322614469,4.4,,0.5260621647622807,0.5459117692362708,0.7413447556043912,0.7516246276095953,0.8315004863086894,0.8312361872692353,0.2749252358410103,0.7716213681024572
TabPFN-V3,7,0.4966961322614469,6.0,,0.21810052739298144,0.21659135415111502,0.4545580977844433,0.4638335242176472,0.698476440969508,0.7134232580287981,0.2749252358410103,0.7716213681024572
GBM,8,0.48974348833494075,3.8,,0.46938727871324853,0.5193939404527512,0.5676125958601768,0.5927389364396636,0.8952277801413012,0.9247899260398702,0.28832750113869865,0.7780709894736394
TabICLv2,8,0.48974348833494075,4.2,,0.398095131104955,0.4011726916947535,0.6032007360781715,0.6117633396773078,0.8222923055147499,0.821653873166278,0.28832750113869865,0.7780709894736394
TabPFN-V3,8,0.48974348833494075,7.2,,0.24427573313472625,0.2479430864239888,0.3902554439126752,0.39519058923674555,0.7412209162246932,0.7480297085424296,0.28832750113869865,0.7780709894736394
GBM,9,0.5011375616949136,3.7,,0.7921930872326562,0.846542640462908,0.7099079339407316,0.7475695315825259,0.6909692383597547,0.7052255516833684,0.26970233116948117,0.7708398928643948
TabICLv2,9,0.5011375616949136,3.9,,0.5365561019920876,0.543473289519046,0.6537674303817915,0.659037742864525,0.707369937000378,0.7056976461246942,0.26970233116948117,0.7708398928643948
TabPFN-V3,9,0.5011375616949136,5.5,,0.38925648354886383,0.39179324397546306,0.49086719416829544,0.49125558848484996,0.5826763521984822,0.5728762562576691,0.26970233116948117,0.7708398928643948
