dataset,description,n,d,gpd10,hill,quantile,estimate_range,range_threshold,tied_share,passes
freMTPL2sev,"claim severity, French motor insurance",24944,10,0.8280231714144347,0.7772719265818051,0.8338123166408747,0.0565403900590696,0.1862037234797559,0.1731478511866581,True
Buzzinsocialmedia_Twitter,interaction count,29028,77,0.36267834236277,0.519049587741301,0.3290018115606762,0.1900477761806248,0.0167334067774967,0.0391346286344219,True
diamonds,price,30000,9,0.3472835970364805,0.1676237203263858,0.126339536540248,0.2209440604962324,0.1064728833720946,0.0024666666666666,True
delays_zurich_transport,transit delay,22061,14,0.3134282789076613,0.4885050168826053,0.3436747253175139,0.1750767379749439,0.0817592797409254,0.0131000407959747,True
Allstate_Claims_Severity,"claim severity, Allstate",30000,130,0.0993245180081453,0.2755900540504183,0.0644407210053989,0.2111493330450194,0.0134914958545144,0.0004333333333333,True
black_friday,purchase amount,30000,9,0.8745321777767967,0.2697310823756197,0.3235322217584866,0.604801095401177,0.9602945292575652,0.0005666666666666,False
nyc-taxi-green-dec-2016,fare amount,25512,14,0.4281518619452716,0.1468135107761777,-0.0373059649887697,0.4654578269340414,0.2403554498698019,0.0809423016619629,False
medical_charges,medical cost,30000,11,0.3520424652999774,0.0804384243787935,-0.1275929251342737,0.4796353904342512,0.1332016243949091,0.0001333333333333,False
Airlines_DepDelay_1M,departure delay,12216,9,0.2672576756060549,0.5456020583655206,0.2984660095841607,0.2783443827594656,0.025463644032063,0.1028159790438768,False
SGEMM_GPU_kernel_performance,runtime,30000,17,0.2590321327148891,0.1801179943673342,-0.0586090016990348,0.3176411344139239,0.1058234526938635,0.0004333333333333,False
Bike_Sharing_Demand,rental count,17379,12,0.0117386098361812,0.5426220125601997,0.3843659483974883,0.5308834027240185,0.3994397354646788,0.0149605846136141,False
video_transcoding,transcoding time,30000,18,-0.0855807966319072,0.4142928352037793,0.134407083868172,0.4998736318356865,0.0737203629100729,0.0009333333333333,False
wine_quality,"wine score, light-tailed control",6497,11,-0.1213830754506002,0.0593135850154341,-0.1984927920524098,0.2578063770678439,0.0906924395004344,0.4365091580729567,False
