dataset,n,d,shifted,gpd05,gpd10,gpd20,hill,quantile,estimate_range,range_threshold,tied_share,reason,passes
1000-Cameras-Dataset,1038.0,12.0,False,0.1214344739607548,-0.0933964488937696,0.1455563283834082,0.5443607364700618,0.2565809919434782,0.6377571853638314,0.2389527772771779,0.1078998073217726,,False
1028_SWD,1000.0,10.0,False,-0.2386822512900411,-0.3157149166064648,-0.3303037786674181,0.0650133581723972,-0.2711721178385581,0.380728274778862,0.0916215273773769,0.399,,False
1029_LEV,907.0,4.0,False,,0.0734080398355434,0.0323016173766041,0.1372907193039932,-0.0408359668266125,0.1781266861306057,0.0411064224589392,0.444321940463065,,False
1030_ERA,1000.0,4.0,False,-0.2769638907429591,-0.1436806437731729,0.0710195699096813,0.2062301552420062,0.053270979904418,0.3499107990151792,0.3479834606526404,0.181,,False
1193_BNG_lowbwt,30000.0,9.0,False,0.4554990676626615,0.25871633638751,0.0799646329310784,0.0603760635007498,-0.3408629216617508,0.5995792580492609,0.3755344347315831,6.666666666666667e-05,,False
1199_BNG_echoMonths,17283.0,9.0,False,0.2689233733808903,0.1068333504695584,0.2800356642620618,0.5460312257408984,0.3201741887157773,0.4391978752713399,0.1732023137925034,0.00011572065035,,False
1201_BNG_breastTumor,29934.0,9.0,False,-0.2505250144027532,-0.294065213550792,-0.2738237333789603,0.1347674716835888,-0.2653988051231702,0.4288326852343809,0.0435401991480388,0.2077904723725529,,False
1203_BNG_pwLinear,13174.0,10.0,False,0.0775496544085308,0.1327070428058215,0.1128297078021749,0.2974495388957305,0.0825277309962918,0.2149218078994387,0.0551573883972907,0.0001518141794443,,True
215_2dplanes,15038.0,10.0,False,0.0613485059060456,0.6543521325582237,0.7764977895704552,0.4700633308504631,0.7161179111221889,0.2460545802717257,0.7151492836644096,0.0001994946136454,,False
218_house_8L,22732.0,8.0,False,0.3882681393757459,0.3072970350433041,0.2715228928189915,0.3822600303474652,0.3055029291458792,0.076757101201586,0.1167452465567543,0.1368555340489178,,True
225_puma8NH,4540.0,8.0,False,0.326651110667762,0.2731040265381544,0.1748322702605532,0.1795204360704556,-0.0267599671463905,0.299863993684545,0.1518188404072087,0.0002202643171806,,False
227_cpu_small,7909.0,12.0,False,0.3304114851575288,0.2801866218878256,0.1886863929394428,0.0237886343707816,-0.0958999534173529,0.3760865753051785,0.141725092218086,0.0580351498293083,,False
294_satellite_image,6435.0,36.0,False,0.2685929734680402,0.2120218793655021,0.0800114651177614,0.1388643170126279,-0.1220925444497839,0.3341144238152861,0.1885815083502788,0.2382284382284382,,False
344_mv,7651.0,10.0,False,-0.1902259902353232,-0.2170027950613254,-0.1268888790886219,0.0924824016870272,-0.2987877837503912,0.3912701854374184,0.0901139159727034,0.0968500849562148,,False
503_wind,6574.0,14.0,False,0.1694389941882618,0.0876258259568903,0.0304060290844976,0.1129897244131341,-0.1120271240399641,0.2250168484530982,0.1390329651037642,0.0041070885305749,,False
529_pollen,1911.0,4.0,False,-0.0121855599463749,-0.0196301973692985,-0.013160983759122,0.2539342969344318,-0.018888928031034,0.2735644943037303,0.0074446374229235,0.0010465724751439,,False
547_no2,500.0,7.0,False,,-0.1917184057181857,-0.2176459839484285,0.0562917628642873,-0.2411405712598137,0.2974323341241011,0.0259275782302428,0.008,,False
564_fried,29998.0,10.0,False,-0.1127992039182475,-0.1290513772389341,-0.1587125506194272,0.0743473065042307,-0.2556792053921229,0.3300265118963537,0.0459133467011797,0.0003333555570371,,False
595_fri_c0_1000_10,509.0,10.0,False,,-0.1676213692984381,-0.166972436549502,0.1809911819887583,-0.2227993948841316,0.4037905768728899,0.0006489327489361,0.0019646365422396,,False
AIRFOIL,1503.0,5.0,False,-0.3368110707565946,-0.263415873607317,-0.1589134755430681,0.0209492493114525,-0.1361127165223715,0.2843651229187696,0.1778975952135265,0.0019960079840319,,False
Ailerons,13750.0,40.0,True,0.0374002994573069,0.0007027986134925,-0.0025198434595257,0.0464899755281239,-0.0690395516378489,0.1155295271659729,0.0399201429168326,0.1348363636363636,,False
Airlines_DepDelay_10M,12121.0,9.0,False,0.2543794680446056,0.3011882781933069,0.264802907969497,0.518602572442094,0.3086677798564695,0.217414294248787,0.0468088101487013,0.0991667354178698,,True
Allstate_Claims_Severity,30000.0,130.0,False,0.1128160138626597,0.0993245180081453,0.1010702266166471,0.2755900540504183,0.0644407210053989,0.2111493330450194,0.0134914958545144,0.0004333333333333,,True
Another-Dataset-on-used-Fiat-500-(1538-rows),1538.0,7.0,False,0.035356414732188,0.183241503238952,0.1180106133110089,0.0657547650679758,-0.020880785587834,0.204122288826786,0.147885088506764,0.048114434330299,,False
BNG(mv),7199.0,10.0,False,-0.0784347987203207,-0.0966392563386006,-0.1381646128243557,0.1836645620970434,-0.2085714051666034,0.3922359672636468,0.059729814104035,0.0002778163633838,,False
BNG(stock),30000.0,9.0,False,0.0153180140385527,-0.0096311323678967,-0.072168660040549,0.0461611642282669,-0.2159235778457774,0.2620847420740443,0.0874866740791018,6.666666666666667e-05,,False
Bike_Sharing_Demand,17379.0,12.0,False,-0.0558910132615763,0.0117386098361812,0.3435487222031025,0.5426220125601997,0.3843659483974883,0.5308834027240185,0.3994397354646788,0.0149605846136141,,False
Brazilian_houses,10692.0,12.0,False,0.3239970172858005,0.2284856496534449,0.1165943748769893,0.1185251453614036,-0.1811325552081364,0.4096182048615813,0.2074026424088111,0.0036475869809203,,False
Buzzinsocialmedia_Twitter,29028.0,77.0,False,0.3459449355852732,0.36267834236277,0.3569597735950601,0.519049587741301,0.3290018115606762,0.1900477761806248,0.0167334067774967,0.0391346286344219,,True
CPS1988,28155.0,6.0,False,0.4841204953316008,0.3902326891018106,0.3074540052373344,0.2776414706665047,0.1414707069754795,0.2487619821263311,0.1766664900942663,0.0289469010832889,,True
CookbookReviews,16486.0,13.0,False,0.9403904437721632,0.7295353076733525,0.454226735070788,0.0319136383044501,0.2094307724098372,0.6976216693689024,0.4861637087013753,0.8388329491689919,,False
Energy_Efficiency,768.0,8.0,False,,-0.4909743760457112,-0.4141361283872714,0.0570122035494485,-0.2471256752363564,0.5479865795951598,0.0768382476584398,0.0078125,,False
Goodreads-Computer-Books,1226.0,8.0,False,-0.6499683877071041,-0.2419979463378652,-0.2121868692094689,0.0486719105845677,-0.1439280232571522,0.2906698569224331,0.4377815184976352,0.0603588907014681,,False
IEEE80211aa-GATS,4046.0,33.0,False,0.2912429580480873,0.351973730689315,0.3493003529956603,0.0540025939144497,0.1699368030603323,0.2979711367748652,0.0607307726412277,0.0729115175481957,,False
Infrared_Thermography_Temperature,1020.0,33.0,False,-0.0039259155081777,0.2683088583461371,0.1500245052784672,0.0045463775154634,0.0758552952003244,0.2637624808306736,0.2722347738543149,0.1088235294117647,,False
Job_Profitability,8808.0,29.0,False,1.178153947284862,1.428332580672779,1.0087050423519917,0.2981727466500221,0.6553342899916027,1.1301598340227568,0.4196275383207872,0.0010217983651226,,False
Laser,992.0,4.0,False,-0.0349511737266464,-0.1913488629886057,-0.3021201940666013,0.0535852704603601,-0.7348750453867362,0.7884603158470963,0.2671690203399548,0.0201612903225806,,False
MIP-2016-regression,1090.0,147.0,False,0.6480973795708425,0.5180738018758992,0.9283201640115388,1.258509817416762,0.8135426027296906,0.7404360155408627,0.4102463621356397,0.0036697247706422,,False
Mercedes_Benz_Greener_Manufacturing,4209.0,376.0,False,0.0989836056466779,0.1173129686182879,0.1998903195543219,0.0816752262108752,0.203288770629435,0.1216135444185598,0.1009067139076439,0.0016631028747921,,True
MiamiHousing2016,13932.0,16.0,False,0.2628400384632796,0.2343534075355913,0.2193088374878816,0.1925677233662633,0.1624420739922879,0.0719113335433033,0.0435312009753979,0.0140683318977892,,True
Moneyball,1232.0,14.0,False,-0.2103247394736066,-0.1278720324469178,-0.1653018544245321,0.0138720620709271,-0.2861149100355457,0.2999869721064728,0.0824527070266887,0.0089285714285714,,False
NASA_PHM2008,29852.0,21.0,False,-0.0622472246496653,-0.0445815950095593,-0.0666798164176102,0.1868792946370591,-0.0936168769752113,0.2804961716122704,0.0220982214080508,0.0054267720755728,,False
OnlineNewsPopularity,30000.0,60.0,False,0.5120466270132538,0.5281063661390106,0.5893102287617962,0.7049540486530192,0.625255557091705,0.1768476825140086,0.0772636017485424,0.0581666666666666,,True
QsarFishToxicity,908.0,6.0,False,,0.1529443268381604,0.1404976491285161,0.155896431291582,0.1344806986907315,0.0214157326008504,0.0124466777096443,0.0044052863436123,,False
SAT11-HAND-runtime-regression,4440.0,116.0,False,1.452902502505563,1.4536950768467194,1.0079326681815115,0.9029027569192648,0.966310433624798,0.5507923199274547,0.4457624086652079,0.0067567567567567,,False
SGEMM_GPU_kernel_performance,30000.0,17.0,False,0.2460020762122261,0.2590321327148891,0.1532086800210255,0.1801179943673342,-0.0586090016990348,0.3176411344139239,0.1058234526938635,0.0004333333333333,,False
Santander_transaction_value,4459.0,4991.0,False,2.3199626024447224,1.5348748868066953,1.057895490619858,0.0210693098671236,0.0043182171580524,1.5305566696486428,1.2620671118248643,0.0464229647903117,,False
Treasury,1049.0,15.0,False,0.0050605470294116,0.1019979462260811,-0.1022127738249879,0.0266106104818045,-0.2519778720921395,0.3539758183182206,0.2042107200510691,0.0209723546234509,,False
abalone,4177.0,8.0,False,-0.1534652817367073,-0.1662668962828245,-0.1207572426841979,0.1306052108790674,-0.0809938067506094,0.2968721071618919,0.0455096535986265,0.1649509217141489,,False
analcatdata_supreme,3917.0,7.0,False,-0.4174001313785074,-0.4752260436527332,-0.5589253949611303,0.0218623836471447,-0.8029819772842931,0.8248443609314378,0.1415252635826228,0.7255552718917538,,False
avocado_sales,18249.0,13.0,False,-0.1835225759621628,-0.1677825871622519,-0.1630366874777939,0.0872334740288457,-0.221629711449548,0.3088631854783937,0.0204858884843688,0.0110690996766946,,False
bank32nh,6530.0,32.0,False,0.0438836650212082,0.1442031515592874,0.1732991150712834,0.4273061806857023,0.2075852046663268,0.2831030291264149,0.1294154500500752,0.0006125574272588,,False
bank8FM,8078.0,8.0,False,0.1248968018032634,0.0715274312935448,0.02038212258505,0.1519119687787675,-0.2173095418044447,0.3692215105832123,0.1045146792182133,0.0004951720722951,,False
black_friday,30000.0,9.0,False,-0.0857623514807685,0.8745321777767967,0.5570111368609523,0.2697310823756197,0.3235322217584866,0.604801095401177,0.9602945292575652,0.0005666666666666,,False
boston,506.0,13.0,False,,0.1984732822901325,0.3193834945460787,0.1667504759843898,0.3525920560240715,0.1858415800396817,0.1209102122559462,0.0316205533596837,,False
colleges,7004.0,44.0,False,0.0810185088062661,0.1127503558225353,0.0493489695238206,0.1346500304424427,-0.0258204732588664,0.1604705037013091,0.0634013862987146,0.0092804111936036,,False
concrete_compressive_strength,1030.0,8.0,False,0.0449045775177258,0.1701952621777774,0.0218494940993002,0.0939028449156384,-0.1479101633499307,0.3181054255277082,0.1483457680784772,0.0048543689320388,,False
cpu_act,7909.0,21.0,False,0.4092877694685579,0.2892734842360567,0.2078428420982342,0.0223115317979347,-0.1194284855134231,0.4087019697494798,0.2014449273703236,0.0580351498293083,,False
dataset_sales,10738.0,14.0,False,0.1248882849998312,0.1516434446567771,0.2616685084702205,0.3152211117240452,0.2696120061537546,0.1635776670672681,0.1367802234703892,0.1540324082696964,,True
debutanizer,2393.0,7.0,False,-0.219100372767889,0.1975172416755422,0.2301807548313108,0.3009927048296645,0.3126053628579344,0.1150881211823922,0.4492811275991998,0.0012536564981195,,False
diamonds,30000.0,9.0,False,0.421950535429014,0.3472835970364805,0.3154776520569194,0.1676237203263858,0.126339536540248,0.2209440604962324,0.1064728833720946,0.0024666666666666,,True
elevators,16599.0,18.0,False,0.0325677639869347,0.0789535590761386,0.1362361968144529,0.0988809398832353,0.1442014093773122,0.0652478503011736,0.1036684328275182,0.1509729501777215,,False
fifa,18063.0,5.0,False,0.1277947075876281,0.1315035390514308,0.1105650535546121,0.1065742222213169,0.0060062209155456,0.1254973181358851,0.0209384854968186,0.1561756075956374,,False
house_16H,22732.0,16.0,False,0.19174141700307,0.1442236154795685,0.2089094644999578,0.39141795309295,0.2868740188793074,0.2471943376133815,0.0646858490203892,0.1368555340489178,,True
house_prices_nominal,1460.0,79.0,False,0.2602461982788263,0.1891805392404202,0.1145331466504089,0.0759557596868825,-0.0180908936338944,0.2072714328743146,0.1457130516284173,0.0136986301369863,,False
houses,20640.0,8.0,False,0.2650674474976436,0.2124354911164332,0.1630796958157699,0.2019629194628839,0.0806592607444202,0.131776230372013,0.1019877516818737,0.0467538759689922,,True
isolet,7797.0,617.0,False,0.097234594649583,0.1256608480174274,0.1240281830958359,0.2385250796290814,0.0813708711907602,0.1571542084383211,0.0284262533678443,0.0384763370527125,,True
kin8nm,8192.0,8.0,False,0.1150620270194286,0.0485518354873042,-0.023695484090221,0.0807025791501535,-0.247504085744618,0.3282066648947715,0.1387575111096498,0.000244140625,,False
mauna-loa-atmospheric-co2,2225.0,6.0,False,-0.3964258534864314,-0.2861488768168375,-0.3505171041072366,0.0028859514140391,-0.3360307148834818,0.338916666297521,0.1102769766695938,0.0049438202247191,,False
medical_charges,30000.0,11.0,False,0.2973920402943233,0.3520424652999774,0.2188408409050682,0.0804384243787935,-0.1275929251342737,0.4796353904342512,0.1332016243949091,0.0001333333333333,,False
nyc-taxi-green-dec-2016,25512.0,14.0,False,0.5067631664863078,0.4281518619452716,0.2664077166165058,0.1468135107761777,-0.0373059649887697,0.4654578269340414,0.2403554498698019,0.0809423016619629,,False
particulate-matter-ukair-2017,29864.0,9.0,False,0.2358220992536301,0.2116796429191745,0.1208322185482004,0.1839691626402917,-0.0160333246520887,0.2277129675712633,0.1149898807054297,0.0060608090008036,,True
pol,5658.0,48.0,False,-0.209100294110363,-0.1991341826666996,0.0751415665439302,0.2480381690120889,0.2458637436105021,0.4471723516787885,0.2842418606542932,0.531106398020502,,False
puma32H,4130.0,32.0,False,-0.128524753381704,0.1147922038995596,0.0735955511197113,0.2468086728188641,-0.0189585864265626,0.2657672592454267,0.2433169572812636,0.0009685230024213,,False
quake,2178.0,3.0,False,-0.0005326610184066,-0.258576566236674,-0.2102369510629173,0.0259637938442642,-0.2372006645141731,0.2845403600809383,0.2580439052182674,0.3172635445362718,,False
sensory,576.0,11.0,False,,-0.1084288166607065,-0.2066851301007106,0.0204257573994878,-0.345560440671904,0.3659861980713919,0.098256313440004,0.2430555555555555,,False
socmob,924.0,5.0,False,,0.305517622906448,0.2562767483254585,0.4249672121300329,0.1802911037325138,0.2446761083975191,0.0492408745809894,0.0324675324675324,,False
space_ga,3107.0,6.0,True,0.4003165521182621,0.2983955291452804,0.290235706957989,0.08769453116493,0.1389782308725071,0.2107009979803504,0.1100808451602731,0.0006437077566784,,True
stock_fardamento02,6277.0,6.0,False,0.7807031878650234,0.6530890104085334,0.6202668763135974,0.6506118872580358,0.5874146084616723,0.0656744019468611,0.1604363115514259,0.2985502628644257,,True
sulfur,10080.0,6.0,False,0.7638383936962796,0.7146132107751089,0.5633887973336227,0.2227325981546176,0.4378460938730009,0.4918806126204912,0.2004495963626569,0.002579365079365,,False
superconduct,21263.0,81.0,False,0.4523085865576524,0.3242951378868816,0.4108583495235883,0.3882182623409608,0.3079872366794222,0.0802310256615385,0.1280134486707707,0.0067252974650801,,True
topo_2_1,8884.0,266.0,False,-0.3398375029136701,-0.5136521425018602,-0.4984106792081412,0.0214513994000538,-0.291263996590531,0.535103541901914,0.1738146395881901,0.004502476361999,,False
us_crime,1984.0,127.0,False,0.321694788836013,0.1735063114570782,0.1877564719993915,0.322068645474188,0.2487160901651675,0.1485623340171097,0.1481884773789347,0.0524193548387096,,False
visualizing_soil,8641.0,4.0,False,-0.2675636533660984,-0.0743621982206943,0.2791204284847999,0.2789401635768811,0.3125446743847814,0.3869068726054758,0.5466840818508983,0.0698993172086564,,False
weather_izmir,1461.0,9.0,False,0.0483402501345167,-0.0813036332899318,-0.1250171616654954,0.012615946333346,-0.3144085065449398,0.3270244528782858,0.1733574118000122,0.0082135523613963,,False
wine_quality,6497.0,11.0,False,-0.1883407568180622,-0.1213830754506002,-0.0976483173176277,0.0593135850154341,-0.1984927920524098,0.2578063770678439,0.0906924395004344,0.4365091580729567,,False
year,30000.0,90.0,False,0.0549560724925439,0.0316914255373372,-0.0144303704541784,0.0016592725331977,-0.1835532167603445,0.2152446422976818,0.0693864429467223,0.0753666666666666,,False
yprop_4_1,8884.0,251.0,False,-0.3551970430274071,-0.5325024382314452,-0.5034236572488013,0.0226252691474507,-0.2613422329908124,0.5551277073788959,0.177305395204038,0.004502476361999,,False
1027_ESL,488,,,,,,,,,,,premalo za procenu,False
BIAS_CORRECTION,7725,24,False,-0.13361810696527665,-0.1337916478741177,-0.17620186390899364,0.017590811782659137,-0.27058837602543634,0.2881791878080955,0.042583756943716994,0.02058252427184466,,False
Ele2,1056,4,False,-0.4642331048364662,-0.5022766885951703,-0.5800822450267005,0.06742355055590077,-0.793473614723143,0.8608971652790438,0.11584914019023429,0.003787878787878788,,False
Mortgage,,,,,,,,,,,,RuntimeError: ne mogu da ucitam (OpenMLError: No active dataset mortgage found.),False
PRODUCTIVITY,1197,14,False,0.02644318239209311,0.12810224981683518,0.16869694026799176,0.11484940062749208,0.11518955390040626,0.013252849189343108,0.14225375787589864,0.020050125313283207,,False
Parkinsons_Telemonitoring,5875,21,False,0.01274273835007855,0.021121365391547194,-0.008533973181071387,0.10534765399358459,-0.10223658613544206,0.20758424012902665,0.02965533857261858,0.002553191489361702,,False
QSAR-TID-10980,5766,1024,False,-0.020126057674239032,-0.04665209362467822,-0.0670475411582388,0.05627607672480067,-0.16262866365903617,0.21890474038383684,0.04692148348399977,0.06971904266389178,,False
QSAR-TID-11,5741,1024,False,0.03335384974780707,0.01698408506569417,-0.07908105008935754,0.052803772387940956,-0.21956416910642582,0.27236794149436677,0.1124348998371646,0.060616617314056785,,False
Student_Performance,357,,,,,,,,,,,premalo za procenu,False
Wizmir,,,,,,,,,,,,RuntimeError: ne mogu da ucitam (OpenMLError: No active dataset wizmir found.),False
Yolanda,,,,,,,,,,,,RuntimeError: ne mogu da ucitam (ValueError: md5 checksum of local file for https://openml.org/data/v1/download/22044600,False
california,20634,7,True,0.35423175627244946,0.2741893555841639,0.03279141250365546,0.11643752730348267,-0.022292231913998452,0.29648158749816234,0.321440343768794,0.007851119511485897,,False
house_sales,21613,19,False,0.41756220520056975,0.386292632719212,0.49328718444311503,0.43579789209556175,0.4581146407549435,0.07182200803573152,0.10699455172390304,0.019756627955397215,,True
tecator,240,,,,,,,,,,,premalo za procenu,False
