n_est,generator,xi,model,transform,seed,xi_raw,xi_transformed,deviation,deviation_q50,deviation_q90,deviation_q99,seconds,reason
1,additive,0.7,TabICLv2,log,7000,0.5583805249387539,0.4694033987630254,0.0700289458036422,0.0191063657402992,0.0351275578141212,0.1558529138565063,9.4,
1,additive,0.7,TabICLv2,log,8000,0.4109589982708362,0.4293913909424371,0.1264724085728327,0.0270572751760482,0.1157531142234802,0.2366068363189697,5.1,
1,additive,0.7,TabICLv2,log,9000,0.5065558065780054,0.5981870063933619,0.1003288396944602,0.026584705337882,0.091939091682434,0.1824627220630645,5.1,
1,additive,0.7,TabICLv2,log,10000,0.6010549196009088,0.6055842648055727,0.0908689411977927,0.017521534115076,0.0771293193101883,0.1779559701681137,5.2,
1,additive,0.7,TabICLv2,log,11000,0.5170245238948626,0.4757002433563197,0.0698528072486321,0.0113895926624536,0.0636240392923355,0.1345447897911071,5.1,
1,additive,0.7,TabPFN-V3,log,7000,0.3466189876598163,0.3517997894209484,0.0341753462950388,0.0054301731288433,0.033260304480791,0.0638355612754821,9.6,
1,additive,0.7,TabPFN-V3,log,8000,0.0712335212604041,0.3086910574904939,0.123613936205705,0.0455987676978111,0.0924346894025802,0.2328083515167236,9.7,
1,additive,0.7,TabPFN-V3,log,9000,0.5282726726976579,0.3919298469430211,0.1269165426492691,0.0729736238718032,0.0758242607116699,0.2319517433643341,9.8,
1,additive,0.7,TabPFN-V3,log,10000,0.3103630778139156,0.4041552534062936,0.069914453352491,0.023457771167159,0.0177833028137683,0.1685022860765457,9.8,
1,additive,0.7,TabPFN-V3,log,11000,0.3023475065370077,0.3026107154627012,0.026133507490158,0.0075209625065326,0.0176046974956989,0.0532748624682426,9.7,
1,additive,0.7,GBM,log,7000,0.4082817807465699,0.3967896996894559,0.021556957039274,0.0222248075139029,0.0424460636019902,1.928901482985608e-12,5.0,
1,additive,0.7,GBM,log,8000,0.3360685213335885,0.2228630069399248,0.0767909365888681,0.0166144292942171,0.043087433765699,0.1706709467066883,4.8,
1,additive,0.7,GBM,log,9000,0.4140878257792922,0.37650867521111,0.0520894631142022,0.0215643032459933,0.0318577034215136,0.1028463826750998,10.2,
1,additive,0.7,GBM,log,10000,0.4091411144772858,0.4036205150770953,0.0820651553308675,0.0219916922831115,0.0212632735374353,0.2029405001720556,4.1,
1,additive,0.7,GBM,log,11000,0.3014929838573877,0.2884828937783858,0.0202824611317036,0.0217095196432758,0.0161034781805072,0.023034385571328,4.1,
1,additive,0.9,TabICLv2,log,7000,0.8592369045494193,0.7746595579055462,0.1025410654644171,0.0328424833714962,0.072839044034481,0.2019416689872741,5.4,
1,additive,0.9,TabICLv2,log,8000,0.6627150074258037,0.7348215919444525,0.1582504908243815,0.0474965423345565,0.1086900681257247,0.3185648620128631,5.5,
1,additive,0.9,TabICLv2,log,9000,0.7656040025225801,0.9113420225095988,0.2083946218093236,0.0779879838228225,0.1236767470836639,0.4235191345214844,5.5,
1,additive,0.9,TabICLv2,log,10000,0.79109380362973,0.8826886637393608,0.1631271640459696,0.0329662859439849,0.1618131101131439,0.29460209608078,5.6,
1,additive,0.9,TabICLv2,log,11000,0.7636843996017223,0.7568581206385092,0.0960921371976534,0.023300215601921,0.0618702992796897,0.2031058967113495,5.5,
1,additive,0.9,TabPFN-V3,log,7000,0.5250132049151295,0.6346513081509817,0.1080962481598059,0.0240483395755291,0.0505243614315986,0.24971604347229,9.8,
1,additive,0.9,TabPFN-V3,log,8000,0.437935732341272,0.5475371313065154,0.1926172574361165,0.1023562103509903,0.0487308055162429,0.4267647564411163,9.7,
1,additive,0.9,TabPFN-V3,log,9000,-0.3466126013247471,0.6487254299016509,0.5414244333902994,0.2607719898223877,0.3997145891189575,0.9637867212295532,9.7,
1,additive,0.9,TabPFN-V3,log,10000,0.3584916231984765,0.6542949229955684,0.1895261642833551,0.062402855604887,0.1356183588504791,0.3705572783946991,10.0,
1,additive,0.9,TabPFN-V3,log,11000,0.4908023839640754,0.5652369666349335,0.0799224295963843,0.0178784076124429,0.0449548475444316,0.1769340336322784,9.9,
1,additive,0.9,GBM,log,7000,0.636662461473284,0.6365831658054817,0.0207317157893479,0.0260856079208311,0.0361095394406532,6.559419674068837e-12,5.0,
1,additive,0.9,GBM,log,8000,0.6016811676032889,0.4716171959541552,0.1045429918252953,0.0239211180978372,0.0771095554772976,0.2125983019007512,5.7,
1,additive,0.9,GBM,log,9000,0.7231852017667791,0.6343620573324622,0.0964361199972975,0.0214720116611185,0.0397351721129174,0.2281011762178564,4.5,
1,additive,0.9,GBM,log,10000,0.6606046144529395,0.6223594793024796,0.0886607628402036,0.0216525609359841,0.0266119381653197,0.2177177894193069,4.5,
1,additive,0.9,GBM,log,11000,0.5519176840799791,0.5319306264617634,0.0219868969847243,0.0220019149398305,0.0081115289433769,0.0358472470709654,4.9,
