n_groups,n_per_group,k,model,repeat,Z_opt,Z_hat,difference,r2,seconds,reason
40,2,1.0,TabICLv2,0,0.6666666666666666,0.685625204883795,0.0189585382171283,0.8554224144600076,8.8,
40,2,1.0,TabICLv2,1,0.6666666666666666,0.2033567146827827,-0.4633099519838838,0.3132853566709203,0.5,
40,2,1.0,TabICLv2,2,0.6666666666666666,0.1265927599765106,-0.540073906690156,0.2815935285919302,0.5,
40,2,1.0,TabICLv2,3,0.6666666666666666,0.3369640581152167,-0.3297026085514499,0.048302784840409,0.6,
40,2,1.0,TabICLv2,4,0.6666666666666666,0.1723330203819607,-0.4943336462847059,0.1686525289661748,0.5,
40,2,1.0,TabICLv2,5,0.6666666666666666,0.3189608942824188,-0.3477057723842478,-0.0320329411237254,0.5,
40,2,1.0,TabICLv2,6,0.6666666666666666,0.093601458514322,-0.5730652081523446,0.1260329330228402,0.6,
40,2,1.0,TabICLv2,7,0.6666666666666666,0.3429085015619638,-0.3237581651047028,0.441079457768557,0.5,
40,2,1.0,TabICLv2,8,0.6666666666666666,0.2296653650415559,-0.4370013016251107,-0.3830426769283215,0.5,
40,2,1.0,TabICLv2,9,0.6666666666666666,0.1121145210684405,-0.5545521455982261,0.0762023141037092,0.5,
40,2,1.0,TabICLv2,10,0.6666666666666666,0.7993873778441479,0.1327207111774813,0.9015910075827904,0.5,
40,2,1.0,TabICLv2,11,0.6666666666666666,0.2603994070947778,-0.4062672595718888,0.4944973789842432,0.5,
40,2,1.0,TabICLv2,12,0.6666666666666666,0.8983727813394822,0.2317061146728155,0.945732049143616,0.5,
40,2,1.0,TabICLv2,13,0.6666666666666666,0.1325183461496266,-0.5341483205170401,0.2952585712026919,0.5,
40,2,1.0,TabICLv2,14,0.6666666666666666,0.1021210041346925,-0.564545662531974,0.2019305835949888,0.5,
40,2,1.0,TabICLv2,15,0.6666666666666666,0.1071162518836628,-0.5595504147830038,0.1453880470424424,0.5,
40,2,1.0,TabICLv2,16,0.6666666666666666,0.0703109486591273,-0.5963557180075393,-0.6680880272101095,0.5,
40,2,1.0,TabICLv2,17,0.6666666666666666,0.3617276554657523,-0.3049390112009142,0.4593516451687053,0.4,
40,2,1.0,TabICLv2,18,0.6666666666666666,0.6182884044365976,-0.048378262230069,0.3609678909658055,0.5,
40,2,1.0,TabICLv2,19,0.6666666666666666,0.2521519516371891,-0.4145147150294775,0.3688786108360962,0.5,
40,2,1.0,TabPFN-V3,0,0.6666666666666666,0.0154001715545854,-0.6512664951120811,-0.1246293385448631,1.6,
40,2,1.0,TabPFN-V3,1,0.6666666666666666,0.0433416749856152,-0.6233249916810514,-0.2497884768350116,0.8,
40,2,1.0,TabPFN-V3,2,0.6666666666666666,0.0065936479714555,-0.6600730186952111,-0.3107663330959438,0.7,
40,2,1.0,TabPFN-V3,3,0.6666666666666666,0.1320317373263307,-0.5346349293403359,0.1924968601022185,0.8,
40,2,1.0,TabPFN-V3,4,0.6666666666666666,0.0114137730280709,-0.6552528936385956,0.0258719233172702,0.7,
40,2,1.0,TabPFN-V3,5,0.6666666666666666,0.0154705138507468,-0.6511961528159198,-0.1075467572983981,0.8,
40,2,1.0,TabPFN-V3,6,0.6666666666666666,0.0333722858262934,-0.6332943808403732,0.1010260323028191,0.8,
40,2,1.0,TabPFN-V3,7,0.6666666666666666,0.051762821880411,-0.6149038447862556,0.1942866279749912,0.8,
40,2,1.0,TabPFN-V3,8,0.6666666666666666,0.0324849237417309,-0.6341817429249357,0.0139822290674402,0.7,
40,2,1.0,TabPFN-V3,9,0.6666666666666666,0.0027953066108465,-0.66387136005582,-0.8131879940087625,0.7,
40,2,1.0,TabPFN-V3,10,0.6666666666666666,0.0049909149378805,-0.661675751728786,0.0024676890088526,0.8,
40,2,1.0,TabPFN-V3,11,0.6666666666666666,0.0304176740954426,-0.6362489925712239,0.1203713200266107,0.7,
40,2,1.0,TabPFN-V3,12,0.6666666666666666,0.8062879507466016,0.139621284079935,0.9838226099476918,0.8,
40,2,1.0,TabPFN-V3,13,0.6666666666666666,0.0324685053267974,-0.6341981613398692,-0.0873671221033687,0.7,
40,2,1.0,TabPFN-V3,14,0.6666666666666666,0.0034114593116538,-0.6632552073550128,-0.0589178559455543,0.7,
40,2,1.0,TabPFN-V3,15,0.6666666666666666,0.0017352241117521,-0.6649314425549144,-0.0008356460882048,0.7,
40,2,1.0,TabPFN-V3,16,0.6666666666666666,0.0062915092674076,-0.660375157399259,-0.0538089638399919,0.7,
40,2,1.0,TabPFN-V3,17,0.6666666666666666,0.0127183344551822,-0.6539483322114843,0.0369300202995731,0.7,
40,2,1.0,TabPFN-V3,18,0.6666666666666666,0.3751529908579457,-0.2915136758087209,0.5675634919174359,0.8,
40,2,1.0,TabPFN-V3,19,0.6666666666666666,0.1305897927149974,-0.5360768739516693,0.534681815106684,0.8,
40,2,1.0,GBM,0,0.6666666666666666,0.4882962640088739,-0.1783704026577927,-0.5365915654015592,0.2,
40,2,1.0,GBM,1,0.6666666666666666,0.4817123461976552,-0.1849543204690114,0.6071110560787506,0.1,
40,2,1.0,GBM,2,0.6666666666666666,0.5151831029697869,-0.1514835636968797,0.6585958486961182,0.1,
40,2,1.0,GBM,3,0.6666666666666666,0.5849811056962203,-0.0816855609704463,0.3669442053918821,0.1,
40,2,1.0,GBM,4,0.6666666666666666,0.4674864720149869,-0.1991801946516797,0.2152519093206119,0.1,
40,2,1.0,GBM,5,0.6666666666666666,0.5582852992936677,-0.1083813673729989,-0.6194148378192696,0.1,
40,2,1.0,GBM,6,0.6666666666666666,0.6616252890899086,-0.005041377576758,0.6209151886361159,0.1,
40,2,1.0,GBM,7,0.6666666666666666,0.6791989984719666,0.0125323318053,0.75312575153521,0.1,
40,2,1.0,GBM,8,0.6666666666666666,0.5601666773479931,-0.1064999893186735,-1.1301556097539422,0.1,
40,2,1.0,GBM,9,0.6666666666666666,0.2685881650454054,-0.3980785016212612,-0.6420332305551475,0.1,
40,2,1.0,GBM,10,0.6666666666666666,0.639542513679502,-0.0271241529871646,0.758385844916714,0.1,
40,2,1.0,GBM,11,0.6666666666666666,0.5546674464880016,-0.111999220178665,0.7209670011437085,0.1,
40,2,1.0,GBM,12,0.6666666666666666,0.7229736611157205,0.0563069944490538,0.7024850596491599,0.1,
40,2,1.0,GBM,13,0.6666666666666666,0.375906646875125,-0.2907600197915416,-0.6825601890651454,0.1,
40,2,1.0,GBM,14,0.6666666666666666,0.3679609929394672,-0.2987056737271993,-0.3798392329995514,0.1,
40,2,1.0,GBM,15,0.6666666666666666,0.4614525353440017,-0.2052141313226649,0.3940865349519062,0.1,
40,2,1.0,GBM,16,0.6666666666666666,0.4228062191703142,-0.2438604474963523,-0.2145836474834537,0.1,
40,2,1.0,GBM,17,0.6666666666666666,0.497259955206213,-0.1694067114604536,-0.325382862768625,0.1,
40,2,1.0,GBM,18,0.6666666666666666,0.7408487729150698,0.0741821062484031,0.3787397033571519,0.1,
40,2,1.0,GBM,19,0.6666666666666666,0.6065646533373042,-0.0601020133293623,0.634885262971542,0.1,
40,2,4.0,TabICLv2,0,0.3333333333333333,0.0330068641760357,-0.3003264691572975,-0.3209232898412224,0.5,
40,2,4.0,TabICLv2,1,0.3333333333333333,0.0612469068403026,-0.2720864264930306,-1.4926462464040742,0.6,
40,2,4.0,TabICLv2,2,0.3333333333333333,0.2407106450472616,-0.0926226882860716,0.2333707889011383,0.5,
40,2,4.0,TabICLv2,3,0.3333333333333333,0.0351077685637657,-0.2982255647695676,-3.6891611955516304,0.5,
40,2,4.0,TabICLv2,4,0.3333333333333333,0.0642720065947862,-0.269061326738547,0.0528966807276788,0.5,
40,2,4.0,TabICLv2,5,0.3333333333333333,0.0975837766748587,-0.2357495566584745,-0.0464797830694778,0.6,
40,2,4.0,TabICLv2,6,0.3333333333333333,0.0717097980770444,-0.2616235352562888,0.1309659712755767,0.5,
40,2,4.0,TabICLv2,7,0.3333333333333333,0.1485381297261764,-0.1847952036071569,0.1103389287401395,0.5,
40,2,4.0,TabICLv2,8,0.3333333333333333,0.1684766725131463,-0.164856660820187,0.1506638515969642,0.7,
40,2,4.0,TabICLv2,9,0.3333333333333333,0.059486697896127,-0.2738466354372063,-0.4546490471934072,0.5,
40,2,4.0,TabICLv2,10,0.3333333333333333,0.0596601974056856,-0.2736731359276476,-0.2883274104238831,0.5,
40,2,4.0,TabICLv2,11,0.3333333333333333,0.6727270689337245,0.3393937356003911,0.8889505664031756,0.5,
40,2,4.0,TabICLv2,12,0.3333333333333333,0.142136515628358,-0.1911968177049752,-0.1986029277018728,0.5,
40,2,4.0,TabICLv2,13,0.3333333333333333,0.4899872812001214,0.1566539478667881,0.6287646029664627,0.5,
40,2,4.0,TabICLv2,14,0.3333333333333333,0.3765395896106248,0.0432062562772914,0.4958767416729464,0.5,
40,2,4.0,TabICLv2,15,0.3333333333333333,0.1960164326647067,-0.1373169006686266,0.0965680244133011,0.5,
40,2,4.0,TabICLv2,16,0.3333333333333333,0.0488408865133791,-0.2844924468199542,0.013448032507195,0.5,
40,2,4.0,TabICLv2,17,0.3333333333333333,0.1735115109635363,-0.159821822369797,-0.1239473088818055,0.5,
40,2,4.0,TabICLv2,18,0.3333333333333333,0.2324437126479086,-0.1008896206854246,0.3338838096931917,0.5,
40,2,4.0,TabICLv2,19,0.3333333333333333,0.0327392559288935,-0.3005940774044398,-0.2000118623058606,0.5,
40,2,4.0,TabPFN-V3,0,0.3333333333333333,-0.0015234571133104,-0.3348567904466437,-0.4667974464681859,0.7,
40,2,4.0,TabPFN-V3,1,0.3333333333333333,0.0227799822691476,-0.3105533510641857,-0.2057404082382752,0.8,
40,2,4.0,TabPFN-V3,2,0.3333333333333333,0.003429603351057,-0.3299037299822763,-0.0998918113576883,0.8,
40,2,4.0,TabPFN-V3,3,0.3333333333333333,0.0008036042283213,-0.3325297291050119,-1.7224264986931104,0.8,
40,2,4.0,TabPFN-V3,4,0.3333333333333333,0.0029059089053049,-0.3304274244280284,-0.0044749859310349,0.8,
40,2,4.0,TabPFN-V3,5,0.3333333333333333,0.0219371534585789,-0.3113961798747544,0.3277005598974707,0.7,
40,2,4.0,TabPFN-V3,6,0.3333333333333333,0.0564762214496084,-0.2768571118837249,0.0747198440942764,0.9,
40,2,4.0,TabPFN-V3,7,0.3333333333333333,0.0073796451313744,-0.3259536882019588,-0.9695008097971052,0.7,
40,2,4.0,TabPFN-V3,8,0.3333333333333333,0.0558115258885302,-0.277521807444803,-0.0660615892285856,0.6,
40,2,4.0,TabPFN-V3,9,0.3333333333333333,0.0047820839714458,-0.3285512493618875,-0.0290293108234873,0.8,
40,2,4.0,TabPFN-V3,10,0.3333333333333333,0.0038554971056446,-0.3294778362276886,-0.1038450815209288,0.7,
40,2,4.0,TabPFN-V3,11,0.3333333333333333,0.0081394504878334,-0.3251938828454998,-0.4063233627995046,0.8,
40,2,4.0,TabPFN-V3,12,0.3333333333333333,0.0131884599544676,-0.3201448733788656,-0.063595395267255,0.8,
40,2,4.0,TabPFN-V3,13,0.3333333333333333,0.4042520992615374,0.0709187659282041,0.6261865003346803,0.7,
40,2,4.0,TabPFN-V3,14,0.3333333333333333,0.0052003174154568,-0.3281330159178765,0.0085292451444145,0.7,
40,2,4.0,TabPFN-V3,15,0.3333333333333333,0.0507729224573909,-0.2825604108759424,0.2278603465786788,0.8,
40,2,4.0,TabPFN-V3,16,0.3333333333333333,0.0083093467672397,-0.3250239865660936,0.0186091868176173,0.6,
40,2,4.0,TabPFN-V3,17,0.3333333333333333,-0.0408053031137849,-0.3741386364471182,-0.2543604145425817,0.7,
40,2,4.0,TabPFN-V3,18,0.3333333333333333,0.0596502107509025,-0.2736831225824307,0.1862125059710744,0.9,
40,2,4.0,TabPFN-V3,19,0.3333333333333333,0.0052868098297381,-0.3280465235035952,-0.0123563967423148,0.7,
40,2,4.0,GBM,0,0.3333333333333333,0.345764810287977,0.0124314769546437,0.4095957789707602,0.1,
40,2,4.0,GBM,1,0.3333333333333333,0.4462290374334648,0.1128957041001315,-2.0367374820809667,0.1,
40,2,4.0,GBM,2,0.3333333333333333,0.3893902481774517,0.0560569148441184,-0.6275923248099176,0.1,
40,2,4.0,GBM,3,0.3333333333333333,0.4521966047254264,0.118863271392093,-1.5168855876713918,0.1,
40,2,4.0,GBM,4,0.3333333333333333,0.5847058058158591,0.2513724724825257,0.5171734466564122,0.1,
40,2,4.0,GBM,5,0.3333333333333333,0.2606531998411298,-0.0726801334922034,-1.2946463979199194,0.1,
40,2,4.0,GBM,6,0.3333333333333333,0.448193459683182,0.1148601263498487,0.4130889945877977,0.1,
40,2,4.0,GBM,7,0.3333333333333333,0.4111832086209665,0.0778498752876332,-1.4151438412512478,0.1,
40,2,4.0,GBM,8,0.3333333333333333,0.3726519244712487,0.0393185911379154,-3.907536435054027,0.1,
40,2,4.0,GBM,9,0.3333333333333333,0.3993309755772711,0.0659976422439377,-2.0199618800484216,0.1,
40,2,4.0,GBM,10,0.3333333333333333,0.5740097104520127,0.2406763771186793,0.6131164796643843,0.1,
40,2,4.0,GBM,11,0.3333333333333333,0.5260552128379377,0.1927218795046043,0.1165125038618545,0.1,
40,2,4.0,GBM,12,0.3333333333333333,0.6773258155941638,0.3439924822608305,0.5354757421352752,0.1,
40,2,4.0,GBM,13,0.3333333333333333,0.7042345093560363,0.3709011760227029,-5.634942827438918,0.1,
40,2,4.0,GBM,14,0.3333333333333333,0.6264379888358669,0.2931046555025335,-2.3345150620538946,0.1,
40,2,4.0,GBM,15,0.3333333333333333,0.4932447982819271,0.1599114649485938,-0.0163435493401917,0.1,
40,2,4.0,GBM,16,0.3333333333333333,0.3882115442749552,0.0548782109416219,-0.1353873069421614,0.1,
40,2,4.0,GBM,17,0.3333333333333333,0.3529917872015834,0.0196584538682501,-0.4080395596833555,0.1,
40,2,4.0,GBM,18,0.3333333333333333,0.4460825650351196,0.1127492317017863,0.3548191579500569,0.1,
40,2,4.0,GBM,19,0.3333333333333333,0.5442707937631904,0.2109374604298571,0.7040666719357231,0.1,
40,2,25.0,TabICLv2,0,0.074074074074074,0.0448616236013102,-0.0292124504727638,-0.4449596732433891,0.5,
40,2,25.0,TabICLv2,1,0.074074074074074,0.0755132710839993,0.0014391970099252,-0.676779434648151,0.5,
40,2,25.0,TabICLv2,2,0.074074074074074,0.0624117913779147,-0.0116622826961593,-1.114968796611274,0.5,
40,2,25.0,TabICLv2,3,0.074074074074074,0.0200031654297233,-0.0540709086443507,-3.037444836446109,0.6,
40,2,25.0,TabICLv2,4,0.074074074074074,0.1994581197532683,0.1253840456791942,0.3702807010961914,0.5,
40,2,25.0,TabICLv2,5,0.074074074074074,0.0394854801595239,-0.03458859391455,-0.1897724384565375,0.5,
40,2,25.0,TabICLv2,6,0.074074074074074,0.1048341800254189,0.0307601059513449,-0.0346906762819798,0.5,
40,2,25.0,TabICLv2,7,0.074074074074074,0.2302857041095007,0.1562116300354266,0.2108007324334696,0.5,
40,2,25.0,TabICLv2,8,0.074074074074074,0.1350085414413132,0.0609344673672392,-0.108540749934284,0.5,
40,2,25.0,TabICLv2,9,0.074074074074074,0.0891494362813644,0.0150753622072903,-0.2354101949703837,0.5,
40,2,25.0,TabICLv2,10,0.074074074074074,0.1486295822559842,0.0745555081819101,-0.0158863466703849,0.5,
40,2,25.0,TabICLv2,11,0.074074074074074,0.0235002433606063,-0.0505738307134676,-1.4761460324154625,0.5,
40,2,25.0,TabICLv2,12,0.074074074074074,0.1213469819806043,0.0472729079065302,0.0242167193468132,0.5,
40,2,25.0,TabICLv2,13,0.074074074074074,0.6310322916203193,0.5569582175462452,0.7017599573458655,0.5,
40,2,25.0,TabICLv2,14,0.074074074074074,0.0592922459755274,-0.0147818280985466,-0.5724146979676692,0.5,
40,2,25.0,TabICLv2,15,0.074074074074074,0.2082067949863577,0.1341327209122837,0.2101691482870165,0.5,
40,2,25.0,TabICLv2,16,0.074074074074074,0.0457671752518404,-0.0283068988222336,-7.18165973778278,0.5,
40,2,25.0,TabICLv2,17,0.074074074074074,0.0816791972426192,0.0076051231685452,-0.5488572893376007,0.5,
40,2,25.0,TabICLv2,18,0.074074074074074,0.0731990985015675,-0.0008749755725065,-0.0235170379613878,0.5,
40,2,25.0,TabICLv2,19,0.074074074074074,0.1521851575904518,0.0781110835163777,0.047064506027419,0.5,
40,2,25.0,TabPFN-V3,0,0.074074074074074,0.0206135472698785,-0.0534605268041954,-0.2147119807095281,0.9,
40,2,25.0,TabPFN-V3,1,0.074074074074074,0.0116156724707009,-0.0624584016033731,-0.0077483291996316,0.7,
40,2,25.0,TabPFN-V3,2,0.074074074074074,0.0032216747288174,-0.0708523993452566,0.0178518363215867,0.8,
40,2,25.0,TabPFN-V3,3,0.074074074074074,0.0050664495873259,-0.0690076244867481,-0.5557618817352474,0.8,
40,2,25.0,TabPFN-V3,4,0.074074074074074,0.0136092786927859,-0.0604647953812881,-0.1135877227448349,0.7,
40,2,25.0,TabPFN-V3,5,0.074074074074074,8.448253623658557e-05,-0.0739895915378374,-0.0086854045247057,0.8,
40,2,25.0,TabPFN-V3,6,0.074074074074074,0.0199495366299492,-0.0541245374441247,0.0387278526194395,0.7,
40,2,25.0,TabPFN-V3,7,0.074074074074074,0.0276047156103674,-0.0464693584637065,-0.4466084584007459,0.7,
40,2,25.0,TabPFN-V3,8,0.074074074074074,0.0066167444993218,-0.0674573295747522,0.0022435786428761,0.8,
40,2,25.0,TabPFN-V3,9,0.074074074074074,0.1189652353400893,0.0448911612660152,0.0487579712074265,0.6,
40,2,25.0,TabPFN-V3,10,0.074074074074074,0.0127232765493554,-0.0613507975247186,-0.3774199357305676,0.8,
40,2,25.0,TabPFN-V3,11,0.074074074074074,0.0055219311176921,-0.0685521429563819,-0.0270908486711747,0.7,
40,2,25.0,TabPFN-V3,12,0.074074074074074,0.0024182151486521,-0.0716558589254219,-0.0127255437383408,0.9,
40,2,25.0,TabPFN-V3,13,0.074074074074074,0.0150423114933908,-0.0590317625806832,0.1080038289669202,0.8,
40,2,25.0,TabPFN-V3,14,0.074074074074074,0.0058071565393599,-0.0682669175347141,-0.5790157370125779,0.8,
40,2,25.0,TabPFN-V3,15,0.074074074074074,0.0293677498456833,-0.0447063242283907,0.0667889848274729,0.8,
40,2,25.0,TabPFN-V3,16,0.074074074074074,0.0108391748446912,-0.0632348992293827,0.0380486329379775,0.8,
40,2,25.0,TabPFN-V3,17,0.074074074074074,0.0040820911891449,-0.0699919828849291,-0.7930793187267731,0.7,
40,2,25.0,TabPFN-V3,18,0.074074074074074,0.0036828712020094,-0.0703912028720646,-3.473932386365828,0.7,
40,2,25.0,TabPFN-V3,19,0.074074074074074,0.0492324147788517,-0.0248416592952223,0.0182484134615218,0.8,
40,2,25.0,GBM,0,0.074074074074074,0.5693268484387829,0.4952527743647088,-0.1678097437035643,0.1,
40,2,25.0,GBM,1,0.074074074074074,0.4351940954710988,0.3611200213970247,-0.3734433310496059,0.1,
40,2,25.0,GBM,2,0.074074074074074,0.4389450603252423,0.3648709862511682,-0.5948083607321575,0.1,
40,2,25.0,GBM,3,0.074074074074074,0.2843808484947511,0.210306774420677,0.4371782380330963,0.1,
40,2,25.0,GBM,4,0.074074074074074,0.3515323791148586,0.2774583050407845,0.1390027574907435,0.1,
40,2,25.0,GBM,5,0.074074074074074,0.3483387795743308,0.2742647055002567,0.2802504070871394,0.1,
40,2,25.0,GBM,6,0.074074074074074,0.4244307237773951,0.350356649703321,0.1433549542930496,0.1,
40,2,25.0,GBM,7,0.074074074074074,0.6148028443127772,0.5407287702387031,0.4763888767152061,0.1,
40,2,25.0,GBM,8,0.074074074074074,0.4714879433869103,0.3974138693128363,0.2303579660517433,0.1,
40,2,25.0,GBM,9,0.074074074074074,0.583850158784365,0.5097760847102909,0.0435692531846739,0.1,
40,2,25.0,GBM,10,0.074074074074074,0.7083020454731425,0.6342279713990684,0.454014096621371,0.1,
40,2,25.0,GBM,11,0.074074074074074,0.3165843864842761,0.2425103124102021,0.1810002907887492,0.1,
40,2,25.0,GBM,12,0.074074074074074,0.681108176254298,0.6070341021802239,0.2591383626001018,0.1,
40,2,25.0,GBM,13,0.074074074074074,0.623664929338615,0.5495908552645409,0.5245770197938631,0.1,
40,2,25.0,GBM,14,0.074074074074074,0.3835878791136651,0.309513805039591,0.3855649059298108,0.1,
40,2,25.0,GBM,15,0.074074074074074,0.3464678311491919,0.2723937570751178,-1.1540631470637868,0.1,
40,2,25.0,GBM,16,0.074074074074074,0.2881455327703797,0.2140714586963056,-2.4521601179781465,0.1,
40,2,25.0,GBM,17,0.074074074074074,0.5095024609861493,0.4354283869120752,0.6799774218546266,0.1,
40,2,25.0,GBM,18,0.074074074074074,0.4662364079080792,0.3921623338340052,-3.73583032957026,0.1,
40,2,25.0,GBM,19,0.074074074074074,0.6363269332900201,0.562252859215946,0.3536953413612428,0.1,
40,5,1.0,TabICLv2,0,0.8333333333333334,0.8981564429614806,0.0648231096281471,0.9864025341006782,0.6,
40,5,1.0,TabICLv2,1,0.8333333333333334,0.8100621675197439,-0.0232711658135894,0.9808717984093966,0.6,
40,5,1.0,TabICLv2,2,0.8333333333333334,0.8228352404357463,-0.010498092897587,0.9828028218591468,0.6,
40,5,1.0,TabICLv2,3,0.8333333333333334,0.9052269659460056,0.0718936326126723,0.9729149940380772,0.6,
40,5,1.0,TabICLv2,4,0.8333333333333334,0.8891414654685944,0.055808132135261,0.9853161703157268,0.6,
40,5,1.0,TabICLv2,5,0.8333333333333334,0.8295150389961726,-0.0038182943371607,0.9564805676986836,0.6,
40,5,1.0,TabICLv2,6,0.8333333333333334,0.6734427562485251,-0.1598905770848082,0.896373737574683,0.6,
40,5,1.0,TabICLv2,7,0.8333333333333334,0.8295155854791875,-0.0038177478541459,0.9869226873559688,0.6,
40,5,1.0,TabICLv2,8,0.8333333333333334,0.337562100119556,-0.4957712332137773,0.6181089915831128,0.5,
40,5,1.0,TabICLv2,9,0.8333333333333334,0.918761241319872,0.0854279079865387,0.9926252911799768,0.6,
40,5,1.0,TabICLv2,10,0.8333333333333334,0.8546159408458789,0.0212826075125455,0.971113448020496,0.7,
40,5,1.0,TabICLv2,11,0.8333333333333334,0.2935887830381435,-0.5397445502951899,0.5007275325783334,0.6,
40,5,1.0,TabICLv2,12,0.8333333333333334,0.7739294152677264,-0.0594039180656069,0.946931838212042,0.6,
40,5,1.0,TabICLv2,13,0.8333333333333334,0.8136611448286039,-0.0196721885047295,0.9682532178922044,0.6,
40,5,1.0,TabICLv2,14,0.8333333333333334,0.8365347792401271,0.0032014459067937,0.991879459505524,0.6,
40,5,1.0,TabICLv2,15,0.8333333333333334,0.8580242277391297,0.0246908944057963,0.9870052249286414,0.6,
40,5,1.0,TabICLv2,16,0.8333333333333334,0.3114703012217468,-0.5218630321115866,0.5808649555900904,0.6,
40,5,1.0,TabICLv2,17,0.8333333333333334,0.8966124888407098,0.0632791555073764,0.9833108121211016,0.5,
40,5,1.0,TabICLv2,18,0.8333333333333334,0.8551161666622552,0.0217828333289218,0.9743301425081944,0.6,
40,5,1.0,TabICLv2,19,0.8333333333333334,0.7601057426774116,-0.0732275906559217,0.9279634095463324,0.6,
40,5,1.0,TabPFN-V3,0,0.8333333333333334,0.8379588019889147,0.0046254686555813,0.9617124718053568,0.8,
40,5,1.0,TabPFN-V3,1,0.8333333333333334,0.8671219299424415,0.0337885966091081,0.9664668676597704,0.8,
40,5,1.0,TabPFN-V3,2,0.8333333333333334,0.7107356697615458,-0.1225976635717875,0.9347706332597971,0.8,
40,5,1.0,TabPFN-V3,3,0.8333333333333334,0.8962710024719895,0.0629376691386561,0.9916426945128552,0.8,
40,5,1.0,TabPFN-V3,4,0.8333333333333334,0.8709242879178466,0.0375909545845132,0.977162886810253,0.7,
40,5,1.0,TabPFN-V3,5,0.8333333333333334,0.8537952054445035,0.0204618721111701,0.981541349754316,0.9,
40,5,1.0,TabPFN-V3,6,0.8333333333333334,0.8119185444535791,-0.0214147888797542,0.9737141341509568,1.0,
40,5,1.0,TabPFN-V3,7,0.8333333333333334,0.9118907898855964,0.0785574565522629,0.983257934242439,0.9,
40,5,1.0,TabPFN-V3,8,0.8333333333333334,0.0078890195207921,-0.8254443138125412,-0.5318669457918264,0.8,
40,5,1.0,TabPFN-V3,9,0.8333333333333334,0.9063579243129922,0.0730245909796588,0.9944131415389714,0.8,
40,5,1.0,TabPFN-V3,10,0.8333333333333334,0.8917001791055658,0.0583668457722323,0.9889944303044216,0.8,
40,5,1.0,TabPFN-V3,11,0.8333333333333334,0.7589179374762195,-0.0744153958571138,0.9614475918379491,0.9,
40,5,1.0,TabPFN-V3,12,0.8333333333333334,0.8550072832118844,0.0216739498785509,0.9847755356186384,0.8,
40,5,1.0,TabPFN-V3,13,0.8333333333333334,0.8750380600417207,0.0417047267083873,0.9798684534727432,0.7,
40,5,1.0,TabPFN-V3,14,0.8333333333333334,0.8635798444842164,0.030246511150883,0.9882910562512084,0.8,
40,5,1.0,TabPFN-V3,15,0.8333333333333334,0.8601935112058892,0.0268601778725557,0.9888568194405616,0.9,
40,5,1.0,TabPFN-V3,16,0.8333333333333334,0.8093146305567929,-0.0240187027765405,0.979285204033038,0.9,
40,5,1.0,TabPFN-V3,17,0.8333333333333334,0.8583511516374235,0.0250178183040901,0.9850859522041464,0.9,
40,5,1.0,TabPFN-V3,18,0.8333333333333334,0.9083114781756332,0.0749781448422999,0.9688330997589528,1.0,
40,5,1.0,TabPFN-V3,19,0.8333333333333334,0.8332259286462083,-0.0001074046871251,0.982908996196978,0.9,
40,5,1.0,GBM,0,0.8333333333333334,0.6910241932861501,-0.1423091400471833,0.8624685054715969,0.1,
40,5,1.0,GBM,1,0.8333333333333334,0.6373381851857073,-0.195995148147626,0.5850916175980193,0.1,
40,5,1.0,GBM,2,0.8333333333333334,0.6151396073592695,-0.2181937259740638,0.6224903339714123,0.1,
40,5,1.0,GBM,3,0.8333333333333334,0.7588891818747807,-0.0744441514585526,0.8640047320024586,0.1,
40,5,1.0,GBM,4,0.8333333333333334,0.7767921030598338,-0.0565412302734995,0.6192374307193488,0.1,
40,5,1.0,GBM,5,0.8333333333333334,0.7293650016106078,-0.1039683317227255,0.631706661517274,0.1,
40,5,1.0,GBM,6,0.8333333333333334,0.7981166516121949,-0.0352166817211384,0.6100719664157515,0.1,
40,5,1.0,GBM,7,0.8333333333333334,0.7549010562130362,-0.0784322771202972,0.4873529021212297,0.1,
40,5,1.0,GBM,8,0.8333333333333334,0.6463695846578765,-0.1869637486754568,0.5567385578322606,0.1,
40,5,1.0,GBM,9,0.8333333333333334,0.8518767086107971,0.0185433752774637,0.8201606759928083,0.1,
40,5,1.0,GBM,10,0.8333333333333334,0.7280244600019766,-0.1053088733313567,0.8853322817962462,0.1,
40,5,1.0,GBM,11,0.8333333333333334,0.7653836565363332,-0.0679496767970001,0.8241760520302989,0.1,
40,5,1.0,GBM,12,0.8333333333333334,0.753624921281588,-0.0797084120517453,0.6129608010653868,0.1,
40,5,1.0,GBM,13,0.8333333333333334,0.6897379485635093,-0.143595384769824,0.5959396551811199,0.1,
40,5,1.0,GBM,14,0.8333333333333334,0.6672280159183456,-0.1661053174149878,0.8005037426397601,0.1,
40,5,1.0,GBM,15,0.8333333333333334,0.6864539548442232,-0.1468793784891101,0.4857676348014142,0.1,
40,5,1.0,GBM,16,0.8333333333333334,0.5941647762174382,-0.2391685571158951,0.7203437948441996,0.1,
40,5,1.0,GBM,17,0.8333333333333334,0.698676511821607,-0.1346568215117264,0.7775338947558397,0.1,
40,5,1.0,GBM,18,0.8333333333333334,0.7027924009586409,-0.1305409323746924,0.5327463714865586,0.1,
40,5,1.0,GBM,19,0.8333333333333334,0.7379171897733444,-0.0954161435599889,-1.0078469894211728,0.1,
40,5,4.0,TabICLv2,0,0.5555555555555556,0.1639239710918191,-0.3916315844637364,0.2082550539297545,0.6,
40,5,4.0,TabICLv2,1,0.5555555555555556,0.1707769532634822,-0.3847786022920733,0.2019677585375281,0.5,
40,5,4.0,TabICLv2,2,0.5555555555555556,0.5413482503249519,-0.0142073052306036,0.8082685578020925,0.6,
40,5,4.0,TabICLv2,3,0.5555555555555556,0.3787239623439589,-0.1768315932115967,0.5451792018320543,0.6,
40,5,4.0,TabICLv2,4,0.5555555555555556,0.2465657725509085,-0.3089897830046471,0.372630772672586,0.6,
40,5,4.0,TabICLv2,5,0.5555555555555556,0.4905275382319152,-0.0650280173236403,0.7434656070837713,0.6,
40,5,4.0,TabICLv2,6,0.5555555555555556,0.6231130980098382,0.0675575424542825,0.7291431842789557,0.6,
40,5,4.0,TabICLv2,7,0.5555555555555556,0.0984304694220183,-0.4571250861335372,-0.0396480830775438,0.5,
40,5,4.0,TabICLv2,8,0.5555555555555556,0.4470909948742742,-0.1084645606812813,0.7562225852555996,0.6,
40,5,4.0,TabICLv2,9,0.5555555555555556,0.4487377749325077,-0.1068177806230478,0.7677462098656598,0.6,
40,5,4.0,TabICLv2,10,0.5555555555555556,0.333840625993885,-0.2217149295616705,0.8237021312906441,0.6,
40,5,4.0,TabICLv2,11,0.5555555555555556,0.1112059252048942,-0.4443496303506613,-0.3478302685067209,0.6,
40,5,4.0,TabICLv2,12,0.5555555555555556,0.1947658552015866,-0.3607897003539689,0.2217817553096038,0.6,
40,5,4.0,TabICLv2,13,0.5555555555555556,0.3930654730408269,-0.1624900825147286,0.3256025132244684,0.6,
40,5,4.0,TabICLv2,14,0.5555555555555556,0.2243949785854271,-0.3311605769701284,0.1978719142514033,0.6,
40,5,4.0,TabICLv2,15,0.5555555555555556,0.3800195611454168,-0.1755359944101387,0.4940101632316517,0.6,
40,5,4.0,TabICLv2,16,0.5555555555555556,0.3310397639619554,-0.2245157915936002,0.615776759229762,0.6,
40,5,4.0,TabICLv2,17,0.5555555555555556,0.0559556597864072,-0.4995998957691483,-0.0768477075141187,0.6,
40,5,4.0,TabICLv2,18,0.5555555555555556,0.2175314441830341,-0.3380241113725214,0.3718834283080261,0.6,
40,5,4.0,TabICLv2,19,0.5555555555555556,0.0882209907188722,-0.4673345648366833,-0.0996281551129485,0.6,
40,5,4.0,TabPFN-V3,0,0.5555555555555556,0.01746447715391,-0.5380910784016455,0.1108711698327905,0.9,
40,5,4.0,TabPFN-V3,1,0.5555555555555556,0.5225168733402015,-0.0330386822153541,0.9039954565674738,1.0,
40,5,4.0,TabPFN-V3,2,0.5555555555555556,0.031803715207911,-0.5237518403476445,0.1102873669017451,0.9,
40,5,4.0,TabPFN-V3,3,0.5555555555555556,0.2788965316201563,-0.2766590239353992,0.6827375275086762,0.9,
40,5,4.0,TabPFN-V3,4,0.5555555555555556,0.0037350186886586,-0.5518205368668969,-0.1813834908938767,0.9,
40,5,4.0,TabPFN-V3,5,0.5555555555555556,0.4805092239879774,-0.0750463315675781,0.7123800146235144,0.8,
40,5,4.0,TabPFN-V3,6,0.5555555555555556,0.6711325557067184,0.1155770001511627,0.9223621731763488,0.9,
40,5,4.0,TabPFN-V3,7,0.5555555555555556,0.0110466652401472,-0.5445088903154083,-1.226596983892871,0.8,
40,5,4.0,TabPFN-V3,8,0.5555555555555556,0.5973127853748608,0.0417572298193051,0.9733531395082592,0.8,
40,5,4.0,TabPFN-V3,9,0.5555555555555556,0.1043221313804798,-0.4512334241750757,0.2367732419204624,0.9,
40,5,4.0,TabPFN-V3,10,0.5555555555555556,0.0273391186772052,-0.5282164368783503,0.5874973454580927,0.8,
40,5,4.0,TabPFN-V3,11,0.5555555555555556,0.3617710246036134,-0.1937845309519422,0.915883320415358,0.9,
40,5,4.0,TabPFN-V3,12,0.5555555555555556,0.0646058354912103,-0.4909497200643453,0.4747728960725814,0.9,
40,5,4.0,TabPFN-V3,13,0.5555555555555556,0.6627828159344287,0.107227260378873,0.9500663872319476,1.0,
40,5,4.0,TabPFN-V3,14,0.5555555555555556,0.142618344283037,-0.4129372112725186,0.2978134574897709,0.9,
40,5,4.0,TabPFN-V3,15,0.5555555555555556,0.2901337602736506,-0.2654217952819049,0.474678792597321,0.9,
40,5,4.0,TabPFN-V3,16,0.5555555555555556,0.0402840664204503,-0.5152714891351052,0.0537261046037206,0.8,
40,5,4.0,TabPFN-V3,17,0.5555555555555556,0.0231323935068646,-0.5324231620486909,0.5584195193908676,0.8,
40,5,4.0,TabPFN-V3,18,0.5555555555555556,0.0156502357431576,-0.5399053198123979,0.0333805519819895,0.8,
40,5,4.0,TabPFN-V3,19,0.5555555555555556,0.0103419678758918,-0.5452135876796637,-0.0173135848917396,0.8,
40,5,4.0,GBM,0,0.5555555555555556,0.7595157038763556,0.2039601483208,-0.006055392729795,0.1,
40,5,4.0,GBM,1,0.5555555555555556,0.546294644412214,-0.0092609111433416,-1.365098236511339,0.1,
40,5,4.0,GBM,2,0.5555555555555556,0.7416862723940147,0.1861307168384591,0.4469997291043417,0.1,
40,5,4.0,GBM,3,0.5555555555555556,0.6314908135064262,0.0759352579508706,0.5460219905807537,0.1,
40,5,4.0,GBM,4,0.5555555555555556,0.6763526665014138,0.1207971109458582,0.047418909446965,0.1,
40,5,4.0,GBM,5,0.5555555555555556,0.7402221106244735,0.1846665550689179,-0.1453209791767467,0.1,
40,5,4.0,GBM,6,0.5555555555555556,0.6495432695220331,0.0939877139664775,-0.1261206536664596,0.1,
40,5,4.0,GBM,7,0.5555555555555556,0.4376741072904454,-0.1178814482651101,0.3911876528725704,0.1,
40,5,4.0,GBM,8,0.5555555555555556,0.6246945768487897,0.0691390212932341,0.3869508974971232,0.1,
40,5,4.0,GBM,9,0.5555555555555556,0.6327342425524924,0.0771786869969368,0.6547930265165685,0.1,
40,5,4.0,GBM,10,0.5555555555555556,0.4787367980607624,-0.0768187574947931,-3.84464052012912,0.1,
40,5,4.0,GBM,11,0.5555555555555556,0.4706399301659658,-0.0849156253895897,-0.2366895462728813,0.1,
40,5,4.0,GBM,12,0.5555555555555556,0.7260848505737878,0.1705292950182322,0.2270982004649997,0.1,
40,5,4.0,GBM,13,0.5555555555555556,0.7498187326764052,0.1942631771208496,0.6257828298155088,0.1,
40,5,4.0,GBM,14,0.5555555555555556,0.5785990279075336,0.023043472351978,0.2965844738360043,0.1,
40,5,4.0,GBM,15,0.5555555555555556,0.6612434817680323,0.1056879262124766,0.4845315423120717,0.1,
40,5,4.0,GBM,16,0.5555555555555556,0.6182301724500291,0.0626746168944735,0.6481692142536677,0.1,
40,5,4.0,GBM,17,0.5555555555555556,0.6760951225858131,0.1205395670302574,0.433550734460243,0.1,
40,5,4.0,GBM,18,0.5555555555555556,0.6550516167560759,0.0994960612005203,0.3055280747849856,0.1,
40,5,4.0,GBM,19,0.5555555555555556,0.5352188088022881,-0.0203367467532674,-0.0966617477720368,0.1,
40,5,25.0,TabICLv2,0,0.1666666666666666,0.0606460606601085,-0.1060206060065581,-0.5084410622673503,0.6,
40,5,25.0,TabICLv2,1,0.1666666666666666,0.0721808160621692,-0.0944858506044974,0.1458317929683197,0.6,
40,5,25.0,TabICLv2,2,0.1666666666666666,0.0504846712170283,-0.1161819954496383,-5.352947381926164,0.6,
40,5,25.0,TabICLv2,3,0.1666666666666666,0.1012795374038758,-0.0653871292627908,0.061277869411094,0.6,
40,5,25.0,TabICLv2,4,0.1666666666666666,0.0829027462030682,-0.0837639204635984,-0.3580803573607973,0.6,
40,5,25.0,TabICLv2,5,0.1666666666666666,0.0936229341594357,-0.0730437325072309,-0.3951115637507718,0.6,
40,5,25.0,TabICLv2,6,0.1666666666666666,0.4277344154349793,0.2610677487683127,0.5769514539999764,0.6,
40,5,25.0,TabICLv2,7,0.1666666666666666,0.094435282834807,-0.0722313838318595,-0.1999060428973618,0.6,
40,5,25.0,TabICLv2,8,0.1666666666666666,0.1754408135845196,0.0087741469178529,-0.2969753264854717,0.6,
40,5,25.0,TabICLv2,9,0.1666666666666666,0.0677262991700517,-0.0989403674966149,-0.3042599680058615,0.6,
40,5,25.0,TabICLv2,10,0.1666666666666666,0.1420830540289357,-0.0245836126377309,-0.0713233654160026,0.8,
40,5,25.0,TabICLv2,11,0.1666666666666666,0.0989829058466198,-0.0676837608200468,-0.3532907567317411,0.6,
40,5,25.0,TabICLv2,12,0.1666666666666666,0.2235621249225685,0.0568954582559018,0.2390077034917445,0.6,
40,5,25.0,TabICLv2,13,0.1666666666666666,-0.0001282704769575,-0.1667949371436242,-0.909129665876222,0.6,
40,5,25.0,TabICLv2,14,0.1666666666666666,0.0499682586919138,-0.1166984079747528,0.1820586954021726,0.6,
40,5,25.0,TabICLv2,15,0.1666666666666666,0.1242525510064013,-0.0424141156602653,-0.5029675192445218,0.6,
40,5,25.0,TabICLv2,16,0.1666666666666666,0.0379850271284978,-0.1286816395381687,-0.09273997458795,0.6,
40,5,25.0,TabICLv2,17,0.1666666666666666,0.0439663627290333,-0.1227003039376333,-9.360280220271816,0.6,
40,5,25.0,TabICLv2,18,0.1666666666666666,0.0719986735351412,-0.0946679931315254,-0.082025896592073,0.6,
40,5,25.0,TabICLv2,19,0.1666666666666666,0.2551370802518998,0.0884704135852331,0.4544539319944766,0.6,
40,5,25.0,TabPFN-V3,0,0.1666666666666666,0.0151302956269975,-0.1515363710396691,0.1633430497358091,0.8,
40,5,25.0,TabPFN-V3,1,0.1666666666666666,-0.0029333259222797,-0.1695999925889463,0.0090007091846058,0.9,
40,5,25.0,TabPFN-V3,2,0.1666666666666666,-0.006029410610367,-0.1726960772770336,0.0218881821843947,0.9,
40,5,25.0,TabPFN-V3,3,0.1666666666666666,0.0085527404333389,-0.1581139262333277,0.0171837514263705,0.9,
40,5,25.0,TabPFN-V3,4,0.1666666666666666,0.017714396311088,-0.1489522703555785,-0.4856581369928645,0.9,
40,5,25.0,TabPFN-V3,5,0.1666666666666666,0.0026143312801213,-0.1640523353865453,-0.0745465389683841,0.8,
40,5,25.0,TabPFN-V3,6,0.1666666666666666,0.053381656631072,-0.1132850100355946,0.3859085033565201,0.9,
40,5,25.0,TabPFN-V3,7,0.1666666666666666,0.0013792102707125,-0.165287456395954,-0.0015621154583704,0.9,
40,5,25.0,TabPFN-V3,8,0.1666666666666666,0.0152615226153411,-0.1514051440513255,-3.75894355690378,1.0,
40,5,25.0,TabPFN-V3,9,0.1666666666666666,0.012883503273963,-0.1537831633927036,-0.3853585725150146,0.9,
40,5,25.0,TabPFN-V3,10,0.1666666666666666,0.053340903259913,-0.1133257634067536,0.2011349260250322,0.9,
40,5,25.0,TabPFN-V3,11,0.1666666666666666,0.0205548741384272,-0.1461117925282394,0.121185797966282,0.8,
40,5,25.0,TabPFN-V3,12,0.1666666666666666,0.0263886213936294,-0.1402780452730372,0.0490745194760048,0.9,
40,5,25.0,TabPFN-V3,13,0.1666666666666666,0.0078668522919006,-0.158799814374766,0.0794479974532335,0.9,
40,5,25.0,TabPFN-V3,14,0.1666666666666666,0.0022934534585203,-0.1643732132081463,-0.383471709605381,0.9,
40,5,25.0,TabPFN-V3,15,0.1666666666666666,0.0092802695302802,-0.1573863971363863,0.0353840928506573,0.9,
40,5,25.0,TabPFN-V3,16,0.1666666666666666,0.0264217915359674,-0.1402448751306992,0.0608042680113861,0.9,
40,5,25.0,TabPFN-V3,17,0.1666666666666666,-0.0241162787213821,-0.1907829453880488,0.0416706252017315,0.9,
40,5,25.0,TabPFN-V3,18,0.1666666666666666,0.0091284023981357,-0.1575382642685308,-0.3868796235460621,0.9,
40,5,25.0,TabPFN-V3,19,0.1666666666666666,-0.0102214429985989,-0.1768881096652655,-0.0004942031522987,0.9,
40,5,25.0,GBM,0,0.1666666666666666,0.5280524489634904,0.3613857822968237,-1.136674039098168,0.1,
40,5,25.0,GBM,1,0.1666666666666666,0.5378484580294933,0.3711817913628267,0.439597016614173,0.1,
40,5,25.0,GBM,2,0.1666666666666666,0.4719592175014657,0.305292550834799,-0.2104288745557905,0.1,
40,5,25.0,GBM,3,0.1666666666666666,0.49515898400301,0.3284923173363434,0.427544481842716,0.1,
40,5,25.0,GBM,4,0.1666666666666666,0.2960732514908409,0.1294065848241742,0.608053846123585,0.1,
40,5,25.0,GBM,5,0.1666666666666666,0.8119764212977634,0.6453097546310967,0.3215511814966724,0.1,
40,5,25.0,GBM,6,0.1666666666666666,0.5123042670799813,0.3456376004133147,-0.6238952399085491,0.1,
40,5,25.0,GBM,7,0.1666666666666666,0.5274232912966131,0.3607566246299465,-1.1042415849664935,0.1,
40,5,25.0,GBM,8,0.1666666666666666,0.6079569572260558,0.4412902905593892,-1.1768044934297266,0.1,
40,5,25.0,GBM,9,0.1666666666666666,0.5680678104897875,0.4014011438231208,-0.8493197183843866,0.1,
40,5,25.0,GBM,10,0.1666666666666666,0.4329118414142751,0.2662451747476084,-1.1327632453206211,0.1,
40,5,25.0,GBM,11,0.1666666666666666,0.6287765643091263,0.4621098976424597,0.2825971604148344,0.1,
40,5,25.0,GBM,12,0.1666666666666666,0.764856733869885,0.5981900672032183,0.6053172676519321,0.1,
40,5,25.0,GBM,13,0.1666666666666666,0.7266042284210297,0.559937561754363,-0.9425913637530512,0.1,
40,5,25.0,GBM,14,0.1666666666666666,0.378597645585436,0.2119309789187694,0.0399616282713628,0.1,
40,5,25.0,GBM,15,0.1666666666666666,0.7053583706566773,0.5386917039900107,-0.4185117279961121,0.1,
40,5,25.0,GBM,16,0.1666666666666666,0.3467914186424071,0.1801247519757404,-1.767319651294749,0.1,
40,5,25.0,GBM,17,0.1666666666666666,0.3263410577186952,0.1596743910520285,-21.06618662890788,0.1,
40,5,25.0,GBM,18,0.1666666666666666,0.5425406173820717,0.3758739507154051,-1.43262089406494,0.1,
40,5,25.0,GBM,19,0.1666666666666666,0.8532873226824894,0.6866206560158228,0.1031196467190929,0.1,
40,10,1.0,TabICLv2,0,0.9090909090909092,0.8703511995277333,-0.0387397095631757,0.9926481119918376,0.7,
40,10,1.0,TabICLv2,1,0.9090909090909092,0.8733959283657384,-0.0356949807251706,0.9917405526041532,0.7,
40,10,1.0,TabICLv2,2,0.9090909090909092,0.8691604940212323,-0.0399304150696767,0.9958192616224956,0.9,
40,10,1.0,TabICLv2,3,0.9090909090909092,0.8750979206661399,-0.0339929884247691,0.991621250869864,0.7,
40,10,1.0,TabICLv2,4,0.9090909090909092,0.8205001382130795,-0.0885907708778295,0.9884035981400668,0.7,
40,10,1.0,TabICLv2,5,0.9090909090909092,0.9265718236252402,0.017480914534331,0.9950509561846402,0.7,
40,10,1.0,TabICLv2,6,0.9090909090909092,0.9240179034233476,0.0149269943324384,0.9937601189555122,0.7,
40,10,1.0,TabICLv2,7,0.9090909090909092,0.9225947051057164,0.0135037960148073,0.9974662242003864,0.7,
40,10,1.0,TabICLv2,8,0.9090909090909092,0.8942932364115667,-0.0147976726793424,0.994120031039766,0.7,
40,10,1.0,TabICLv2,9,0.9090909090909092,0.8446827714523509,-0.0644081376385581,0.989795982687333,0.7,
40,10,1.0,TabICLv2,10,0.9090909090909092,0.8846988147335655,-0.0243920943573435,0.996219796851294,0.7,
40,10,1.0,TabICLv2,11,0.9090909090909092,0.9177824417635968,0.0086915326726877,0.9920330492652304,0.7,
40,10,1.0,TabICLv2,12,0.9090909090909092,0.8956130633792178,-0.0134778457116913,0.9865288056232748,0.7,
40,10,1.0,TabICLv2,13,0.9090909090909092,0.8399278415104677,-0.0691630675804413,0.9842411868913624,0.6,
40,10,1.0,TabICLv2,14,0.9090909090909092,0.9013710400852764,-0.0077198690056327,0.995059111782686,0.6,
40,10,1.0,TabICLv2,15,0.9090909090909092,0.902442008599746,-0.0066489004911629,0.9909703583443517,0.6,
40,10,1.0,TabICLv2,16,0.9090909090909092,0.9069666869518054,-0.0021242221391036,0.9950159023528984,0.7,
40,10,1.0,TabICLv2,17,0.9090909090909092,0.8953034314251019,-0.0137874776658071,0.995784563216322,0.7,
40,10,1.0,TabICLv2,18,0.9090909090909092,0.8297050594745937,-0.0793858496163153,0.9784995041825798,0.6,
40,10,1.0,TabICLv2,19,0.9090909090909092,0.829347695621302,-0.0797432134696071,0.9715567166855836,0.7,
40,10,1.0,TabPFN-V3,0,0.9090909090909092,0.9314150950802422,0.0223241859893331,0.9966470030089544,1.0,
40,10,1.0,TabPFN-V3,1,0.9090909090909092,0.9310150821670043,0.0219241730760954,0.9930249454722808,1.0,
40,10,1.0,TabPFN-V3,2,0.9090909090909092,0.9531230472234048,0.0440321381324957,0.9931114472861676,0.9,
40,10,1.0,TabPFN-V3,3,0.9090909090909092,0.9476880713380016,0.0385971622470926,0.9942558727150614,1.1,
40,10,1.0,TabPFN-V3,4,0.9090909090909092,0.890246296016393,-0.018844613074516,0.9849247878992043,1.1,
40,10,1.0,TabPFN-V3,5,0.9090909090909092,0.9602059115179682,0.0511150024270591,0.9868269826598448,1.0,
40,10,1.0,TabPFN-V3,6,0.9090909090909092,0.9482943600884676,0.0392034509975584,0.9842892411482844,1.0,
40,10,1.0,TabPFN-V3,7,0.9090909090909092,0.9675305186978436,0.0584396096069346,0.9940794512218852,1.0,
40,10,1.0,TabPFN-V3,8,0.9090909090909092,0.9382062775348392,0.02911536844393,0.9900881032322286,1.0,
40,10,1.0,TabPFN-V3,9,0.9090909090909092,0.913754297498759,0.0046633884078499,0.9917164904487004,1.0,
40,10,1.0,TabPFN-V3,10,0.9090909090909092,0.9498609981462468,0.0407700890553376,0.9933822660857636,1.0,
40,10,1.0,TabPFN-V3,11,0.9090909090909092,0.897059793541103,-0.012031115549806,0.977848961833178,0.9,
40,10,1.0,TabPFN-V3,12,0.9090909090909092,0.9589745197845584,0.0498836106936492,0.9939810580120488,1.0,
40,10,1.0,TabPFN-V3,13,0.9090909090909092,0.935447466422247,0.0263565573313379,0.9873710570007324,1.0,
40,10,1.0,TabPFN-V3,14,0.9090909090909092,0.9635579942759516,0.0544670851850426,0.991470639208516,1.1,
40,10,1.0,TabPFN-V3,15,0.9090909090909092,0.9453793141853144,0.0362884050944054,0.9956264691017048,1.2,
40,10,1.0,TabPFN-V3,16,0.9090909090909092,0.9619698804248832,0.052878971333974,0.997566954449961,1.7,
40,10,1.0,TabPFN-V3,17,0.9090909090909092,0.9472563668396392,0.03816545774873,0.9937871829540031,1.8,
40,10,1.0,TabPFN-V3,18,0.9090909090909092,0.9187218195474328,0.0096309104565236,0.9917889561354464,1.7,
40,10,1.0,TabPFN-V3,19,0.9090909090909092,0.9045866801945798,-0.0045042288963292,0.9854655599247998,1.8,
40,10,1.0,GBM,0,0.9090909090909092,0.7807068154383873,-0.1283840936525218,0.8947720732771446,0.2,
40,10,1.0,GBM,1,0.9090909090909092,0.6911080801009222,-0.2179828289899869,0.5816816436596023,0.2,
40,10,1.0,GBM,2,0.9090909090909092,0.7935923109049757,-0.1154985981859333,0.3531086021347774,0.2,
40,10,1.0,GBM,3,0.9090909090909092,0.7273678452939116,-0.1817230637969974,0.8145750493683068,0.2,
40,10,1.0,GBM,4,0.9090909090909092,0.7647064826746779,-0.1443844264162311,0.854372744412889,0.2,
40,10,1.0,GBM,5,0.9090909090909092,0.7480252963677658,-0.1610656127231432,0.4969045836229679,0.2,
40,10,1.0,GBM,6,0.9090909090909092,0.7599032919957003,-0.1491876170952087,0.895500504369704,0.2,
40,10,1.0,GBM,7,0.9090909090909092,0.8071534039837382,-0.1019375051071708,0.843391660124687,0.2,
40,10,1.0,GBM,8,0.9090909090909092,0.8261210794723881,-0.0829698296185209,0.8430846392632181,0.2,
40,10,1.0,GBM,9,0.9090909090909092,0.7856232145896834,-0.1234676945012256,0.735798385773886,0.2,
40,10,1.0,GBM,10,0.9090909090909092,0.791890581349439,-0.11720032774147,0.9041274782239884,0.2,
40,10,1.0,GBM,11,0.9090909090909092,0.7243039143783091,-0.1847869947125999,0.9352717708644632,0.2,
40,10,1.0,GBM,12,0.9090909090909092,0.7525915560992671,-0.1564993529916419,0.8303364713417564,0.2,
40,10,1.0,GBM,13,0.9090909090909092,0.7730091133439922,-0.1360817957469168,0.5159889546738265,0.2,
40,10,1.0,GBM,14,0.9090909090909092,0.7801038601104622,-0.1289870489804468,0.9274438492747988,0.2,
40,10,1.0,GBM,15,0.9090909090909092,0.9028215615246332,-0.0062693475662759,0.932991431829264,0.2,
40,10,1.0,GBM,16,0.9090909090909092,0.8265255938065866,-0.0825653152843224,0.8108798763264844,0.2,
40,10,1.0,GBM,17,0.9090909090909092,0.7408447889105312,-0.1682461201803778,0.8950935205336397,0.2,
40,10,1.0,GBM,18,0.9090909090909092,0.8519907584924588,-0.0571001505984503,0.892469461363556,0.2,
40,10,1.0,GBM,19,0.9090909090909092,0.7202712593848343,-0.1888196497060748,0.7959111044050168,0.2,
40,10,4.0,TabICLv2,0,0.7142857142857143,0.5556560341895441,-0.1586296800961701,0.8929525077059358,1.2,
40,10,4.0,TabICLv2,1,0.7142857142857143,0.6756550170807156,-0.0386306972049986,0.9550328667524608,1.2,
40,10,4.0,TabICLv2,2,0.7142857142857143,0.6444128419461685,-0.0698728723395457,0.9392463973803804,1.1,
40,10,4.0,TabICLv2,3,0.7142857142857143,0.7634538500368697,0.0491681357511554,0.9531577072138844,1.0,
40,10,4.0,TabICLv2,4,0.7142857142857143,0.7722250609895063,0.0579393467037919,0.9793211376631508,1.2,
40,10,4.0,TabICLv2,5,0.7142857142857143,0.3956771044629897,-0.3186086098227246,0.6042112025428272,1.2,
40,10,4.0,TabICLv2,6,0.7142857142857143,0.7027193158212465,-0.0115663984644678,0.9542875061031084,1.2,
40,10,4.0,TabICLv2,7,0.7142857142857143,0.8121084037131076,0.0978226894273932,0.9885853108611732,1.2,
40,10,4.0,TabICLv2,8,0.7142857142857143,0.3266100016789611,-0.3876757126067531,0.3887435098998083,1.2,
40,10,4.0,TabICLv2,9,0.7142857142857143,0.7814336679378271,0.0671479536521127,0.9803194326002428,1.2,
40,10,4.0,TabICLv2,10,0.7142857142857143,0.7612189981355332,0.0469332838498188,0.9421705323330714,1.2,
40,10,4.0,TabICLv2,11,0.7142857142857143,0.7544292973064111,0.0401435830206967,0.9778123678152862,1.1,
40,10,4.0,TabICLv2,12,0.7142857142857143,0.7889595862413125,0.0746738719555981,0.9858056129394888,1.1,
40,10,4.0,TabICLv2,13,0.7142857142857143,0.6059610270859386,-0.1083246871997757,0.90459980102127,1.1,
40,10,4.0,TabICLv2,14,0.7142857142857143,0.1746680754293437,-0.5396176388563706,0.193544362576497,1.2,
40,10,4.0,TabICLv2,15,0.7142857142857143,0.6901218542606852,-0.0241638600250291,0.9580231080438644,1.3,
40,10,4.0,TabICLv2,16,0.7142857142857143,0.7824890736943568,0.0682033594086425,0.9675162759433084,1.2,
40,10,4.0,TabICLv2,17,0.7142857142857143,0.7292009231849962,0.0149152088992818,0.9666071548806824,1.2,
40,10,4.0,TabICLv2,18,0.7142857142857143,0.662674982084437,-0.0516107322012773,0.8787215330480607,1.2,
40,10,4.0,TabICLv2,19,0.7142857142857143,0.2005861436061924,-0.5136995706795218,0.2002653614004105,1.2,
40,10,4.0,TabPFN-V3,0,0.7142857142857143,0.5311253485654627,-0.1831603657202516,0.9018019047656473,1.7,
40,10,4.0,TabPFN-V3,1,0.7142857142857143,0.7770343738242678,0.0627486595385534,0.941635383049498,1.7,
40,10,4.0,TabPFN-V3,2,0.7142857142857143,0.7539298488117966,0.0396441345260822,0.9729097395244586,1.8,
40,10,4.0,TabPFN-V3,3,0.7142857142857143,0.8112550619339274,0.096969347648213,0.9845414981049208,1.7,
40,10,4.0,TabPFN-V3,4,0.7142857142857143,0.7506327994599804,0.0363470851742661,0.978980371694966,1.7,
40,10,4.0,TabPFN-V3,5,0.7142857142857143,0.7414804121117855,0.0271946978260712,0.949569132076617,1.7,
40,10,4.0,TabPFN-V3,6,0.7142857142857143,0.8131890824319008,0.0989033681461865,0.9750512245834752,1.7,
40,10,4.0,TabPFN-V3,7,0.7142857142857143,0.8753328704039345,0.1610471561182201,0.9794615909300396,1.7,
40,10,4.0,TabPFN-V3,8,0.7142857142857143,0.267338544683853,-0.4469471696018613,0.575471573803122,1.9,
40,10,4.0,TabPFN-V3,9,0.7142857142857143,0.7958925789516708,0.0816068646659564,0.976380775255974,1.6,
40,10,4.0,TabPFN-V3,10,0.7142857142857143,0.835911865387546,0.1216261511018317,0.9712696723633094,1.7,
40,10,4.0,TabPFN-V3,11,0.7142857142857143,0.7808610828063327,0.0665753685206184,0.957157223298544,1.7,
40,10,4.0,TabPFN-V3,12,0.7142857142857143,0.7911028030567409,0.0768170887710265,0.952037664127381,1.6,
40,10,4.0,TabPFN-V3,13,0.7142857142857143,0.7011346087354373,-0.0131511055502769,0.9070943732968773,1.6,
40,10,4.0,TabPFN-V3,14,0.7142857142857143,0.017977590626121,-0.6963081236595933,0.3103484978627577,1.6,
40,10,4.0,TabPFN-V3,15,0.7142857142857143,0.7603334558970205,0.0460477416113062,0.9316300658679392,1.7,
40,10,4.0,TabPFN-V3,16,0.7142857142857143,0.6992362338956161,-0.0150494803900982,0.7848413487111612,1.7,
40,10,4.0,TabPFN-V3,17,0.7142857142857143,0.8105186388007295,0.0962329245150152,0.970504225630762,1.8,
40,10,4.0,TabPFN-V3,18,0.7142857142857143,0.7925612506929868,0.0782755364072724,0.9810429448436472,1.7,
40,10,4.0,TabPFN-V3,19,0.7142857142857143,0.3769321450216211,-0.3373535692640932,0.8809189768085404,1.9,
40,10,4.0,GBM,0,0.7142857142857143,0.5983695516781998,-0.1159161626075144,0.6810226511209887,0.2,
40,10,4.0,GBM,1,0.7142857142857143,0.7692728026901483,0.054987088404434,0.4197629469418781,0.2,
40,10,4.0,GBM,2,0.7142857142857143,0.5713776524265289,-0.1429080618591853,-0.4668077099074359,0.2,
40,10,4.0,GBM,3,0.7142857142857143,0.7331319376971625,0.0188462234114481,0.6368001873933999,0.2,
40,10,4.0,GBM,4,0.7142857142857143,0.7954665482622678,0.0811808339765535,0.1451902985506532,0.2,
40,10,4.0,GBM,5,0.7142857142857143,0.6647939334281012,-0.049491780857613,0.8228164191976809,0.2,
40,10,4.0,GBM,6,0.7142857142857143,0.7733219679262353,0.059036253640521,0.8015615573929382,0.2,
40,10,4.0,GBM,7,0.7142857142857143,0.7830487989159107,0.0687630846301964,0.647800922135936,0.2,
40,10,4.0,GBM,8,0.7142857142857143,0.8790167372086853,0.164731022922971,-0.1222146971956115,0.2,
40,10,4.0,GBM,9,0.7142857142857143,0.701869840691741,-0.0124158735939733,-0.2394969115659824,0.2,
40,10,4.0,GBM,10,0.7142857142857143,0.6746418703269985,-0.0396438439587157,0.4549103690542359,0.2,
40,10,4.0,GBM,11,0.7142857142857143,0.7712312304040265,0.0569455161183122,0.7071366852301952,0.2,
40,10,4.0,GBM,12,0.7142857142857143,0.6889213551976245,-0.0253643590880897,0.7881907517160636,0.2,
40,10,4.0,GBM,13,0.7142857142857143,0.6535647480818247,-0.0607209662038895,-15.502706920696202,0.2,
40,10,4.0,GBM,14,0.7142857142857143,0.6102599179533583,-0.1040257963323559,0.4306362732000751,0.2,
40,10,4.0,GBM,15,0.7142857142857143,0.6333529647138895,-0.0809327495718248,0.4697302867647749,0.2,
40,10,4.0,GBM,16,0.7142857142857143,0.7686670060703907,0.0543812917846764,0.0433211834566646,0.2,
40,10,4.0,GBM,17,0.7142857142857143,0.7113829813940145,-0.0029027328916998,0.5166765732563489,0.2,
40,10,4.0,GBM,18,0.7142857142857143,0.6850516570842401,-0.0292340572014742,0.1921995885062707,0.2,
40,10,4.0,GBM,19,0.7142857142857143,0.5363587832921325,-0.1779269309935818,-2.4267293961238896,0.2,
40,10,25.0,TabICLv2,0,0.2857142857142857,0.3172533222777873,0.0315390365635016,0.6883503962655407,1.2,
40,10,25.0,TabICLv2,1,0.2857142857142857,0.0421043198580146,-0.243609965856271,-0.3798097271886287,1.2,
40,10,25.0,TabICLv2,2,0.2857142857142857,0.0397689515289529,-0.2459453341853327,-0.7943670393415927,1.1,
40,10,25.0,TabICLv2,3,0.2857142857142857,0.1102249016137357,-0.1754893841005499,-0.8148303092392764,1.2,
40,10,25.0,TabICLv2,4,0.2857142857142857,0.0128143051433009,-0.2728999805709847,-0.0033064267850977,1.2,
40,10,25.0,TabICLv2,5,0.2857142857142857,0.0938520961847165,-0.1918621895295691,-0.0983652065130757,1.2,
40,10,25.0,TabICLv2,6,0.2857142857142857,0.0550614096626875,-0.2306528760515982,-0.6051727955204398,1.2,
40,10,25.0,TabICLv2,7,0.2857142857142857,0.3085455462112054,0.0228312604969196,0.3511365995195571,1.2,
40,10,25.0,TabICLv2,8,0.2857142857142857,0.2316043274656214,-0.0541099582486642,0.2711029060550756,1.2,
40,10,25.0,TabICLv2,9,0.2857142857142857,0.1492570210159853,-0.1364572646983003,0.1115573282074431,1.2,
40,10,25.0,TabICLv2,10,0.2857142857142857,0.0512904522718882,-0.2344238334423974,0.0308806670495846,1.2,
40,10,25.0,TabICLv2,11,0.2857142857142857,0.2646994417664907,-0.0210148439477949,0.4014488526975247,1.2,
40,10,25.0,TabICLv2,12,0.2857142857142857,0.0628275306908228,-0.2228867550234628,-0.5663929679106028,1.1,
40,10,25.0,TabICLv2,13,0.2857142857142857,0.0957598209053971,-0.1899544648088885,0.055574527493783,1.2,
40,10,25.0,TabICLv2,14,0.2857142857142857,0.1279396552333823,-0.1577746304809033,0.1136941229242988,1.1,
40,10,25.0,TabICLv2,15,0.2857142857142857,0.2340508053022015,-0.0516634804120841,0.5224008278521088,1.1,
40,10,25.0,TabICLv2,16,0.2857142857142857,0.2206892838627372,-0.0650250018515484,0.0424290872038178,1.1,
40,10,25.0,TabICLv2,17,0.2857142857142857,0.0631569314652103,-0.2225573542490753,0.1532025177916431,1.1,
40,10,25.0,TabICLv2,18,0.2857142857142857,0.184519789975512,-0.1011944957387736,-0.2096382509328189,1.1,
40,10,25.0,TabICLv2,19,0.2857142857142857,0.0670780363359401,-0.2186362493783455,0.1430963540951886,1.1,
40,10,25.0,TabPFN-V3,0,0.2857142857142857,0.1049759997603461,-0.1807382859539395,0.5683738067921661,1.8,
40,10,25.0,TabPFN-V3,1,0.2857142857142857,0.0054575962030098,-0.2802566895112758,-0.0582487536739853,2.0,
40,10,25.0,TabPFN-V3,2,0.2857142857142857,0.0071792378099249,-0.2785350479043607,-0.0884567240841702,1.6,
40,10,25.0,TabPFN-V3,3,0.2857142857142857,0.0077134336289502,-0.2780008520853355,-0.0114894437429771,1.6,
40,10,25.0,TabPFN-V3,4,0.2857142857142857,-0.0161143479746324,-0.3018286336889181,0.0441158028428066,1.7,
40,10,25.0,TabPFN-V3,5,0.2857142857142857,0.0066125295381637,-0.2791017561761219,-0.0488527870594268,1.7,
40,10,25.0,TabPFN-V3,6,0.2857142857142857,0.0049148605521199,-0.2807994251621657,-1.2554501271188472,1.7,
40,10,25.0,TabPFN-V3,7,0.2857142857142857,0.077762383426763,-0.2079519022875226,0.0368722688551156,1.6,
40,10,25.0,TabPFN-V3,8,0.2857142857142857,0.1328795441686912,-0.1528347415455944,0.1747467533621746,1.7,
40,10,25.0,TabPFN-V3,9,0.2857142857142857,0.004101967056224,-0.2816123186580616,-0.2456080723767371,1.7,
40,10,25.0,TabPFN-V3,10,0.2857142857142857,0.0063207635750267,-0.2793935221392589,-0.064192494535177,1.7,
40,10,25.0,TabPFN-V3,11,0.2857142857142857,0.0715533263881726,-0.214160959326113,0.2628137078351554,1.8,
40,10,25.0,TabPFN-V3,12,0.2857142857142857,0.0034930814302386,-0.282221204284047,-0.5530131227173516,1.8,
40,10,25.0,TabPFN-V3,13,0.2857142857142857,0.0300710161640861,-0.2556432695501995,0.0630122164963855,1.8,
40,10,25.0,TabPFN-V3,14,0.2857142857142857,0.0300926105325395,-0.2556216751817461,0.1750661919460843,1.7,
40,10,25.0,TabPFN-V3,15,0.2857142857142857,0.0218653390408795,-0.2638489466734062,0.4236144384347515,1.7,
40,10,25.0,TabPFN-V3,16,0.2857142857142857,0.0097551170105336,-0.275959168703752,0.2108110977818857,1.7,
40,10,25.0,TabPFN-V3,17,0.2857142857142857,0.0015249159100098,-0.2841893698042758,-0.4972448322339666,1.8,
40,10,25.0,TabPFN-V3,18,0.2857142857142857,0.0535448843512605,-0.2321694013630251,0.0525701755845435,1.8,
40,10,25.0,TabPFN-V3,19,0.2857142857142857,0.0301484725001229,-0.2555658132141628,0.1052711367063289,1.8,
40,10,25.0,GBM,0,0.2857142857142857,0.6018430533243689,0.3161287676100832,0.376094959857133,0.2,
40,10,25.0,GBM,1,0.2857142857142857,0.4723433765921706,0.1866290908778849,-2.726732630643501,0.2,
40,10,25.0,GBM,2,0.2857142857142857,0.3968254980414041,0.1111112123271184,-2.0435405829335047,0.2,
40,10,25.0,GBM,3,0.2857142857142857,0.4443280237321648,0.1586137380178791,-0.6322247246727855,0.2,
40,10,25.0,GBM,4,0.2857142857142857,0.4515365752719774,0.1658222895576916,-0.8605625884064436,0.2,
40,10,25.0,GBM,5,0.2857142857142857,0.3947645996394796,0.1090503139251939,-4.591475024849222,0.2,
40,10,25.0,GBM,6,0.2857142857142857,0.3760168502717857,0.0903025645575,-0.8373147305752953,0.2,
40,10,25.0,GBM,7,0.2857142857142857,0.6445061040845087,0.358791818370223,-7.095981465118387,0.2,
40,10,25.0,GBM,8,0.2857142857142857,0.6975110030819426,0.4117967173676569,-0.940768288571134,0.2,
40,10,25.0,GBM,9,0.2857142857142857,0.6840873798929136,0.3983730941786279,0.4791598345640263,0.2,
40,10,25.0,GBM,10,0.2857142857142857,0.729805217086101,0.4440909313718153,-0.1224341896054053,0.2,
40,10,25.0,GBM,11,0.2857142857142857,0.3828706817065827,0.097156395992297,0.0776021741563716,0.2,
40,10,25.0,GBM,12,0.2857142857142857,0.4581095465433069,0.1723952608290212,-1.052855956886528,0.2,
40,10,25.0,GBM,13,0.2857142857142857,0.0808431616318592,-0.2048711240824264,-0.635217751203077,0.2,
40,10,25.0,GBM,14,0.2857142857142857,0.6814578219148965,0.3957435362006107,0.2424537181453563,0.2,
40,10,25.0,GBM,15,0.2857142857142857,0.4641452527452188,0.178430967030933,0.4902359300353867,0.2,
40,10,25.0,GBM,16,0.2857142857142857,0.7196903267743787,0.433976041060093,-0.2359347945490462,0.2,
40,10,25.0,GBM,17,0.2857142857142857,0.6278910045738443,0.3421767188595586,0.4988588254969575,0.2,
40,10,25.0,GBM,18,0.2857142857142857,0.6086843702185101,0.3229700845042244,-0.4398124319832528,0.2,
40,10,25.0,GBM,19,0.2857142857142857,0.4486883590325041,0.1629740733182184,0.2406733911392476,0.2,
40,20,1.0,TabICLv2,0,0.9523809523809524,0.9447749057137724,-0.0076060466671797,0.996644087059448,1.5,
40,20,1.0,TabICLv2,1,0.9523809523809524,0.8917599680838763,-0.060620984297076,0.99568491744639,1.6,
40,20,1.0,TabICLv2,2,0.9523809523809524,0.9480739675987244,-0.004306984782228,0.994755644382368,1.6,
40,20,1.0,TabICLv2,3,0.9523809523809524,0.9565532857697469,0.0041723333887945,0.9975016324422528,1.6,
40,20,1.0,TabICLv2,4,0.9523809523809524,0.9407882098433692,-0.0115927425375832,0.9966458381415184,1.6,
40,20,1.0,TabICLv2,5,0.9523809523809524,0.9500264785530924,-0.00235447382786,0.9990315913777816,1.5,
40,20,1.0,TabICLv2,6,0.9523809523809524,0.9256323560376696,-0.0267485963432827,0.9973392967568336,1.6,
40,20,1.0,TabICLv2,7,0.9523809523809524,0.9021981456082931,-0.050182806772659,0.9953016918548846,1.5,
40,20,1.0,TabICLv2,8,0.9523809523809524,0.9336143449458528,-0.0187666074350996,0.9980889385388938,1.5,
40,20,1.0,TabICLv2,9,0.9523809523809524,0.962150689011485,0.0097697366305327,0.9965574251806902,1.6,
40,20,1.0,TabICLv2,10,0.9523809523809524,0.944650690797808,-0.0077302615831442,0.9975074122170798,1.6,
40,20,1.0,TabICLv2,11,0.9523809523809524,0.9520392726488254,-0.0003416797321269,0.9991802814264468,1.7,
40,20,1.0,TabICLv2,12,0.9523809523809524,0.9503447610728462,-0.0020361913081061,0.9981139233691542,1.5,
40,20,1.0,TabICLv2,13,0.9523809523809524,0.9257197677144228,-0.0266611846665296,0.99761327248481,1.5,
40,20,1.0,TabICLv2,14,0.9523809523809524,0.9217996861051384,-0.0305812662758139,0.995424115252622,1.5,
40,20,1.0,TabICLv2,15,0.9523809523809524,0.9090544529665104,-0.0433264994144418,0.9930330002543194,1.5,
40,20,1.0,TabICLv2,16,0.9523809523809524,0.933441449923772,-0.0189395024571803,0.9967085069861044,1.5,
40,20,1.0,TabICLv2,17,0.9523809523809524,0.9303790190179646,-0.0220019333629877,0.9967773572588084,1.6,
40,20,1.0,TabICLv2,18,0.9523809523809524,0.9425574345695146,-0.0098235178114377,0.9962882959980072,1.5,
40,20,1.0,TabICLv2,19,0.9523809523809524,0.9443778681720344,-0.0080030842089178,0.9976002597130924,1.5,
40,20,1.0,TabPFN-V3,0,0.9523809523809524,0.9812191895847284,0.0288382372037759,0.997259577277098,2.5,
40,20,1.0,TabPFN-V3,1,0.9523809523809524,0.9696475234546088,0.0172665710736563,0.9964280313134202,2.4,
40,20,1.0,TabPFN-V3,2,0.9523809523809524,0.9614161594147212,0.0090352070337689,0.996181468674446,2.4,
40,20,1.0,TabPFN-V3,3,0.9523809523809524,0.9908886070145608,0.0385076546336085,0.9986329895915216,2.4,
40,20,1.0,TabPFN-V3,4,0.9523809523809524,0.976100255052372,0.0237193026714195,0.9960971949176156,2.3,
40,20,1.0,TabPFN-V3,5,0.9523809523809524,0.9881783559103108,0.0357974035293583,0.997815951299315,2.4,
40,20,1.0,TabPFN-V3,6,0.9523809523809524,0.9773313538276024,0.02495040144665,0.996430963083496,2.4,
40,20,1.0,TabPFN-V3,7,0.9523809523809524,0.9688415857064472,0.0164606333254947,0.99470692939001,2.5,
40,20,1.0,TabPFN-V3,8,0.9523809523809524,0.9707011501585922,0.0183201977776398,0.9960651508378592,2.5,
40,20,1.0,TabPFN-V3,9,0.9523809523809524,0.99181206839918,0.0394311160182277,0.9975183863343704,2.5,
40,20,1.0,TabPFN-V3,10,0.9523809523809524,0.979561950719086,0.0271809983381337,0.995043678608817,2.4,
40,20,1.0,TabPFN-V3,11,0.9523809523809524,0.9859434412968008,0.0335624889158484,0.9983238655200628,2.4,
40,20,1.0,TabPFN-V3,12,0.9523809523809524,0.9784323337127324,0.0260513813317802,0.99772769371156,2.4,
40,20,1.0,TabPFN-V3,13,0.9523809523809524,0.9615849204786244,0.0092039680976721,0.9972178143979428,2.5,
40,20,1.0,TabPFN-V3,14,0.9523809523809524,0.9603101952848832,0.0079292429039308,0.9957885629553456,2.4,
40,20,1.0,TabPFN-V3,15,0.9523809523809524,0.9701027893745994,0.017721836993647,0.9919294556565708,2.4,
40,20,1.0,TabPFN-V3,16,0.9523809523809524,0.9584269347755452,0.0060459823945927,0.9944255501023392,2.4,
40,20,1.0,TabPFN-V3,17,0.9523809523809524,0.9736908894220684,0.0213099370411161,0.9935390938305342,2.4,
40,20,1.0,TabPFN-V3,18,0.9523809523809524,0.9816911257806552,0.0293101733997028,0.9970360858305372,2.4,
40,20,1.0,TabPFN-V3,19,0.9523809523809524,0.982984417705209,0.0306034653242566,0.9973810926362672,2.3,
40,20,1.0,GBM,0,0.9523809523809524,0.8286972462606056,-0.1236837061203467,0.950315959994374,0.3,
40,20,1.0,GBM,1,0.9523809523809524,0.8565903890891419,-0.0957905632918104,0.9047331510198184,0.2,
40,20,1.0,GBM,2,0.9523809523809524,0.8694675794896322,-0.0829133728913201,0.935153255039922,0.3,
40,20,1.0,GBM,3,0.9523809523809524,0.9035866729106582,-0.0487942794702941,0.967454365087101,0.3,
40,20,1.0,GBM,4,0.9523809523809524,0.9170897539439312,-0.0352911984370212,0.8751123733234283,0.3,
40,20,1.0,GBM,5,0.9523809523809524,0.8566795419163475,-0.0957014104646047,0.9439236730444373,0.2,
40,20,1.0,GBM,6,0.9523809523809524,0.8454874751533465,-0.1068934772276057,0.9543658777078484,0.3,
40,20,1.0,GBM,7,0.9523809523809524,0.7702028593774222,-0.1821780930035301,0.9432337162104236,0.3,
40,20,1.0,GBM,8,0.9523809523809524,0.8618184680686676,-0.0905624843122847,0.9111446972358734,0.3,
40,20,1.0,GBM,9,0.9523809523809524,0.8801414273048518,-0.0722395250761005,0.9501488313240448,0.3,
40,20,1.0,GBM,10,0.9523809523809524,0.7984846384131021,-0.1538963139678502,0.9604961791445452,0.3,
40,20,1.0,GBM,11,0.9523809523809524,0.8668663806953517,-0.0855145716856006,0.9549879251926056,0.3,
40,20,1.0,GBM,12,0.9523809523809524,0.8587998841643191,-0.0935810682166332,0.9732692353597944,0.3,
40,20,1.0,GBM,13,0.9523809523809524,0.7259161097268135,-0.2264648426541388,0.7149100490789215,0.3,
40,20,1.0,GBM,14,0.9523809523809524,0.7743282607717514,-0.1780526916092009,0.7193622768889574,0.3,
40,20,1.0,GBM,15,0.9523809523809524,0.8382937952217333,-0.114087157159219,0.8977394979770528,0.2,
40,20,1.0,GBM,16,0.9523809523809524,0.8362274940383737,-0.1161534583425786,0.7872593538478219,0.2,
40,20,1.0,GBM,17,0.9523809523809524,0.8663824305331366,-0.0859985218478157,0.9154304662718508,0.3,
40,20,1.0,GBM,18,0.9523809523809524,0.8671697361619277,-0.0852112162190246,0.8961740919135753,0.2,
40,20,1.0,GBM,19,0.9523809523809524,0.8230059927241782,-0.1293749596567741,0.94184873633745,0.3,
40,20,4.0,TabICLv2,0,0.8333333333333334,0.7668593773607976,-0.0664739559725358,0.9789349393697004,1.7,
40,20,4.0,TabICLv2,1,0.8333333333333334,0.8405598476063714,0.0072265142730379,0.9684922222766916,1.5,
40,20,4.0,TabICLv2,2,0.8333333333333334,0.8167746859618643,-0.016558647371469,0.9865659379257964,1.4,
40,20,4.0,TabICLv2,3,0.8333333333333334,0.8438670326928943,0.0105336993595609,0.9923436754321252,1.4,
40,20,4.0,TabICLv2,4,0.8333333333333334,0.7570241928745873,-0.076309140458746,0.97280099579795,1.5,
40,20,4.0,TabICLv2,5,0.8333333333333334,0.8344944063672615,0.001161073033928,0.9902099608178908,1.6,
40,20,4.0,TabICLv2,6,0.8333333333333334,0.7741580233336779,-0.0591753099996554,0.9791850096936588,1.5,
40,20,4.0,TabICLv2,7,0.8333333333333334,0.7589710467338691,-0.0743622865994643,0.984035473693081,1.5,
40,20,4.0,TabICLv2,8,0.8333333333333334,0.7688257242194042,-0.0645076091139291,0.9751375517162688,1.6,
40,20,4.0,TabICLv2,9,0.8333333333333334,0.7823897320901694,-0.0509436012431639,0.978838523837864,1.5,
40,20,4.0,TabICLv2,10,0.8333333333333334,0.5397966234309088,-0.2935367099024245,0.8656900778800694,1.5,
40,20,4.0,TabICLv2,11,0.8333333333333334,0.7959568203926349,-0.0373765129406984,0.986862599920777,1.5,
40,20,4.0,TabICLv2,12,0.8333333333333334,0.8400945151966537,0.0067611818633203,0.98488044018436,1.5,
40,20,4.0,TabICLv2,13,0.8333333333333334,0.8648242777389886,0.0314909444056552,0.991064756894166,1.5,
40,20,4.0,TabICLv2,14,0.8333333333333334,0.8445275142184002,0.0111941808850668,0.984183193471406,1.5,
40,20,4.0,TabICLv2,15,0.8333333333333334,0.7960319233187952,-0.0373014100145381,0.9742711557150062,1.5,
40,20,4.0,TabICLv2,16,0.8333333333333334,0.7970454435301397,-0.0362878898031936,0.9838773654166344,1.5,
40,20,4.0,TabICLv2,17,0.8333333333333334,0.3298544530390403,-0.5034788802942931,0.7121858610392113,1.5,
40,20,4.0,TabICLv2,18,0.8333333333333334,0.7953782787624951,-0.0379550545708382,0.9829049866002322,1.5,
40,20,4.0,TabICLv2,19,0.8333333333333334,0.8406129265509271,0.0072795932175937,0.987991022220391,1.4,
40,20,4.0,TabPFN-V3,0,0.8333333333333334,0.8907456692996554,0.057412335966322,0.9741156708726288,2.2,
40,20,4.0,TabPFN-V3,1,0.8333333333333334,0.8967070747220702,0.0633737413887368,0.9793951373725818,2.4,
40,20,4.0,TabPFN-V3,2,0.8333333333333334,0.8960310032655364,0.062697669932203,0.9859363542092594,2.2,
40,20,4.0,TabPFN-V3,3,0.8333333333333334,0.9298483603242028,0.0965150269908694,0.9888770210509448,2.3,
40,20,4.0,TabPFN-V3,4,0.8333333333333334,0.8433357911429628,0.0100024578096293,0.9698715211977808,2.2,
40,20,4.0,TabPFN-V3,5,0.8333333333333334,0.9279736059640724,0.094640272630739,0.9939778916061413,2.2,
40,20,4.0,TabPFN-V3,6,0.8333333333333334,0.8541435416206203,0.0208102082872869,0.9900449843164554,2.4,
40,20,4.0,TabPFN-V3,7,0.8333333333333334,0.8670418323637501,0.0337084990304167,0.9863090748924092,2.4,
40,20,4.0,TabPFN-V3,8,0.8333333333333334,0.8714387619285366,0.0381054285952032,0.985727708978236,2.3,
40,20,4.0,TabPFN-V3,9,0.8333333333333334,0.8615873660777309,0.0282540327443975,0.9866666537194604,2.4,
40,20,4.0,TabPFN-V3,10,0.8333333333333334,0.7241189819278712,-0.1092143514054622,0.9693100155397328,2.3,
40,20,4.0,TabPFN-V3,11,0.8333333333333334,0.9331546390951552,0.0998213057618218,0.9871810744912436,2.2,
40,20,4.0,TabPFN-V3,12,0.8333333333333334,0.9081524646069103,0.074819131273577,0.9840418709435086,2.4,
40,20,4.0,TabPFN-V3,13,0.8333333333333334,0.9370094762956426,0.1036761429623092,0.9840524166123809,2.5,
40,20,4.0,TabPFN-V3,14,0.8333333333333334,0.9258058531214044,0.092472519788071,0.9892530124134876,2.6,
40,20,4.0,TabPFN-V3,15,0.8333333333333334,0.900688784326915,0.0673554509935816,0.9879296857864356,2.4,
40,20,4.0,TabPFN-V3,16,0.8333333333333334,0.9042827227911784,0.0709493894578449,0.9872939027120228,2.4,
40,20,4.0,TabPFN-V3,17,0.8333333333333334,0.672771047902401,-0.1605622854309323,0.9171042954403468,2.4,
40,20,4.0,TabPFN-V3,18,0.8333333333333334,0.8463030129265255,0.0129696795931921,0.9901771972258456,2.5,
40,20,4.0,TabPFN-V3,19,0.8333333333333334,0.8975148757206975,0.0641815423873641,0.9865414111207104,2.4,
40,20,4.0,GBM,0,0.8333333333333334,0.7595842838065692,-0.0737490495267642,0.8117318355616971,0.3,
40,20,4.0,GBM,1,0.8333333333333334,0.7340370630754555,-0.0992962702578779,0.3073902565690425,0.3,
40,20,4.0,GBM,2,0.8333333333333334,0.8380059538062169,0.0046726204728835,0.8405391515042505,0.3,
40,20,4.0,GBM,3,0.8333333333333334,0.6659331923599509,-0.1674001409733825,0.3155520603773638,0.3,
40,20,4.0,GBM,4,0.8333333333333334,0.7431421672714635,-0.0901911660618698,0.7353138576431908,0.3,
40,20,4.0,GBM,5,0.8333333333333334,0.6776028573773035,-0.1557304759560298,0.252042242779174,0.3,
40,20,4.0,GBM,6,0.8333333333333334,0.7798894904573783,-0.053443842875955,0.7941536034432471,0.3,
40,20,4.0,GBM,7,0.8333333333333334,0.7215217203448421,-0.1118116129884913,-4.362924545993967,0.3,
40,20,4.0,GBM,8,0.8333333333333334,0.7769448706107472,-0.0563884627225861,-0.7572115942860727,0.4,
40,20,4.0,GBM,9,0.8333333333333334,0.6481352756455443,-0.185198057687789,-0.0683040189269195,0.4,
40,20,4.0,GBM,10,0.8333333333333334,0.5682681685916428,-0.2650651647416906,0.8138026959765948,0.3,
40,20,4.0,GBM,11,0.8333333333333334,0.7731330849910459,-0.0602002483422874,0.6921761618063544,0.3,
40,20,4.0,GBM,12,0.8333333333333334,0.6663765798933929,-0.1669567534399404,0.8998943041859068,0.3,
40,20,4.0,GBM,13,0.8333333333333334,0.718413303431545,-0.1149200299017884,0.1727028819674242,0.3,
40,20,4.0,GBM,14,0.8333333333333334,0.8489893992843265,0.0156560659509931,0.6729796832201245,0.3,
40,20,4.0,GBM,15,0.8333333333333334,0.7596020176812776,-0.0737313156520558,0.7871604126344004,0.3,
40,20,4.0,GBM,16,0.8333333333333334,0.8036593179833056,-0.0296740153500277,0.6147844006425138,0.3,
40,20,4.0,GBM,17,0.8333333333333334,0.6287284094024641,-0.2046049239308692,0.3939138911176932,0.3,
40,20,4.0,GBM,18,0.8333333333333334,0.7096778928307494,-0.1236554405025839,0.5114729001661321,0.3,
40,20,4.0,GBM,19,0.8333333333333334,0.8298564376266104,-0.0034768957067229,-0.396314935647059,0.3,
40,20,25.0,TabICLv2,0,0.4444444444444444,0.5443892298644664,0.0999447854200219,0.8723487247952347,6.4,
40,20,25.0,TabICLv2,1,0.4444444444444444,0.0738346192437929,-0.3706098252006514,0.0862414292206759,4.4,
40,20,25.0,TabICLv2,2,0.4444444444444444,0.3618075561948932,-0.0826368882495511,0.7286778241370924,4.8,
40,20,25.0,TabICLv2,3,0.4444444444444444,0.0063449112038347,-0.4380995332406097,-2.074311694042572,2.4,
40,20,25.0,TabICLv2,4,0.4444444444444444,0.5316904992223526,0.0872460547779081,0.8328902930567551,4.6,
40,20,25.0,TabICLv2,5,0.4444444444444444,0.3279989041223269,-0.1164455403221174,0.6995422968521283,4.2,
40,20,25.0,TabICLv2,6,0.4444444444444444,0.5587853478586283,0.1143409034141839,0.8296387331875446,3.9,
40,20,25.0,TabICLv2,7,0.4444444444444444,0.130194107454433,-0.3142503369900114,0.124095959231413,4.3,
40,20,25.0,TabICLv2,8,0.4444444444444444,0.415429505016304,-0.0290149394281404,0.7069895920561344,1.9,
40,20,25.0,TabICLv2,9,0.4444444444444444,0.1827705571559842,-0.2616738872884602,0.2663059911944736,3.2,
40,20,25.0,TabICLv2,10,0.4444444444444444,0.2621776964370894,-0.182266748007355,0.6433894143103748,2.5,
40,20,25.0,TabICLv2,11,0.4444444444444444,0.1406918996357073,-0.303752544808737,-0.7969700756724771,3.6,
40,20,25.0,TabICLv2,12,0.4444444444444444,0.1139441415312205,-0.3305003029132238,0.1660552088060376,2.9,
40,20,25.0,TabICLv2,13,0.4444444444444444,0.3040504173671037,-0.1403940270773407,0.5883139995705544,4.4,
40,20,25.0,TabICLv2,14,0.4444444444444444,0.2175093234591422,-0.2269351209853022,0.4202491889947679,2.7,
40,20,25.0,TabICLv2,15,0.4444444444444444,0.2585079129106752,-0.1859365315337692,0.1091564445620666,2.9,
40,20,25.0,TabICLv2,16,0.4444444444444444,0.0510055736793591,-0.3934388707650852,-0.7687324088140621,4.7,
40,20,25.0,TabICLv2,17,0.4444444444444444,0.286957673828052,-0.1574867706163924,0.4206966950359866,4.7,
40,20,25.0,TabICLv2,18,0.4444444444444444,0.0142759975911829,-0.4301684468532615,0.0050384428093408,3.0,
40,20,25.0,TabICLv2,19,0.4444444444444444,0.020585431121009,-0.4238590133234354,0.0312384889343623,3.8,
40,20,25.0,TabPFN-V3,0,0.4444444444444444,0.2747096503221349,-0.1697347941223095,0.6543621780391939,5.8,
40,20,25.0,TabPFN-V3,1,0.4444444444444444,0.0004950865772754,-0.443949357867169,-0.1270517567092732,3.0,
40,20,25.0,TabPFN-V3,2,0.4444444444444444,0.3827704689221206,-0.0616739755223238,0.6130948832135508,5.1,
40,20,25.0,TabPFN-V3,3,0.4444444444444444,-0.0017743990426273,-0.4462188434870718,0.0067223139697908,4.3,
40,20,25.0,TabPFN-V3,4,0.4444444444444444,0.0867742230953093,-0.357670221349135,0.3905978594079872,7.1,
40,20,25.0,TabPFN-V3,5,0.4444444444444444,0.2745573807392237,-0.1698870637052207,0.859885430539948,5.2,
40,20,25.0,TabPFN-V3,6,0.4444444444444444,0.6199102445550174,0.175465800110573,0.8740937317717162,5.3,
40,20,25.0,TabPFN-V3,7,0.4444444444444444,0.0279006584594261,-0.4165437859850183,0.131224465642133,5.4,
40,20,25.0,TabPFN-V3,8,0.4444444444444444,0.4938488471333084,0.049404402688864,0.9595699442945038,8.1,
40,20,25.0,TabPFN-V3,9,0.4444444444444444,0.1995112681988572,-0.2449331762455871,0.7377814443130342,7.3,
40,20,25.0,TabPFN-V3,10,0.4444444444444444,0.2179061418018786,-0.2265383026425658,0.7179252766559057,9.0,
40,20,25.0,TabPFN-V3,11,0.4444444444444444,0.0064727945983528,-0.4379716498460915,-1.0357472532716845,8.0,
40,20,25.0,TabPFN-V3,12,0.4444444444444444,0.0240527506655897,-0.4203916937788546,0.2881930993951814,6.9,
40,20,25.0,TabPFN-V3,13,0.4444444444444444,0.1240034373691112,-0.3204410070753331,0.8406507652455439,9.2,
40,20,25.0,TabPFN-V3,14,0.4444444444444444,0.0337438807924305,-0.4107005636520138,0.1701490807903753,6.6,
40,20,25.0,TabPFN-V3,15,0.4444444444444444,0.0353252514882183,-0.409119192956226,0.214994600945242,9.4,
40,20,25.0,TabPFN-V3,16,0.4444444444444444,0.5425083694391897,0.0980639249947452,0.8671361888205591,7.5,
40,20,25.0,TabPFN-V3,17,0.4444444444444444,0.0275008379465153,-0.4169436064979291,-0.0129573286118478,7.2,
40,20,25.0,TabPFN-V3,18,0.4444444444444444,-0.0011736603671104,-0.4456181048115549,-2.8322280930402965,4.0,
40,20,25.0,TabPFN-V3,19,0.4444444444444444,0.0009093776939611,-0.4435350667504832,-4.242016762045415,6.4,
40,20,25.0,GBM,0,0.4444444444444444,0.5933560847824941,0.1489116403380497,-5.255258311089024,0.4,
40,20,25.0,GBM,1,0.4444444444444444,0.696984094011562,0.2525396495671176,0.6236139237526115,0.3,
40,20,25.0,GBM,2,0.4444444444444444,0.4807263593106643,0.0362819148662199,-1.9238170012523972,0.3,
40,20,25.0,GBM,3,0.4444444444444444,0.4279995885087993,-0.016444855935645,-15.38361588505084,0.4,
40,20,25.0,GBM,4,0.4444444444444444,0.6209944960916156,0.1765500516471712,0.3048984882401271,0.3,
40,20,25.0,GBM,5,0.4444444444444444,0.6041212759292034,0.1596768314847589,0.5328383746074727,0.3,
40,20,25.0,GBM,6,0.4444444444444444,0.6983917374847618,0.2539472930403174,0.7866925918185493,0.3,
40,20,25.0,GBM,7,0.4444444444444444,0.642871414796051,0.1984269703516066,-0.6346109390815393,0.4,
40,20,25.0,GBM,8,0.4444444444444444,0.5214985758818441,0.0770541314373997,0.4166700098194021,0.4,
40,20,25.0,GBM,9,0.4444444444444444,0.5965667431220147,0.1521222986775703,0.6890909734889534,0.3,
40,20,25.0,GBM,10,0.4444444444444444,0.6261726279099682,0.1817281834655237,0.6901539658513305,0.3,
40,20,25.0,GBM,11,0.4444444444444444,0.4212692768086566,-0.0231751676357878,0.4929483514019142,0.3,
40,20,25.0,GBM,12,0.4444444444444444,0.8151092093712681,0.3706647649268236,0.3838536063293845,0.3,
40,20,25.0,GBM,13,0.4444444444444444,0.6874018334124744,0.2429573889680299,0.0301612951528255,0.3,
40,20,25.0,GBM,14,0.4444444444444444,0.5606553263070256,0.1162108818625812,0.4395082889911363,0.3,
40,20,25.0,GBM,15,0.4444444444444444,0.7430196760617108,0.2985752316172664,-0.4852257815249634,0.3,
40,20,25.0,GBM,16,0.4444444444444444,0.7062878512924445,0.2618434068480001,-0.595553131626974,0.3,
40,20,25.0,GBM,17,0.4444444444444444,0.5556433477895996,0.1111989033451551,0.3709576289381242,0.3,
40,20,25.0,GBM,18,0.4444444444444444,0.5739778605078487,0.1295334160634043,-0.665768951071612,0.3,
40,20,25.0,GBM,19,0.4444444444444444,0.5330634781647091,0.0886190337202647,-4.129562230518062,0.3,
40,50,1.0,TabICLv2,0,0.9803921568627452,0.979363866902142,-0.001028289960603,0.99869530695851,5.8,
40,50,1.0,TabICLv2,1,0.9803921568627452,0.991567978063677,0.0111758212009319,0.9987868847800464,5.2,
40,50,1.0,TabICLv2,2,0.9803921568627452,0.9765528349413176,-0.0038393219214274,0.999269225218103,5.9,
40,50,1.0,TabICLv2,3,0.9803921568627452,0.9653086935175752,-0.0150834633451699,0.9987649156034292,5.8,
40,50,1.0,TabICLv2,4,0.9803921568627452,0.9908058842278878,0.0104137273651427,0.9992357593066328,6.1,
40,50,1.0,TabICLv2,5,0.9803921568627452,0.9696177123368298,-0.0107744445259152,0.9983353076250306,6.6,
40,50,1.0,TabICLv2,6,0.9803921568627452,0.9926769423932664,0.0122847855305214,0.9986616921118264,4.2,
40,50,1.0,TabICLv2,7,0.9803921568627452,0.9832219423550244,0.0028297854922793,0.9986510216075042,6.7,
40,50,1.0,TabICLv2,8,0.9803921568627452,0.9814062748896892,0.0010141180269442,0.999187181051874,5.3,
40,50,1.0,TabICLv2,9,0.9803921568627452,0.9709457643330552,-0.0094463925296898,0.996756447679645,5.6,
40,50,1.0,TabICLv2,10,0.9803921568627452,0.984682178482821,0.0042900216200759,0.999241921515527,5.9,
40,50,1.0,TabICLv2,11,0.9803921568627452,0.9629124289139046,-0.0174797279488404,0.9987623897757772,7.3,
40,50,1.0,TabICLv2,12,0.9803921568627452,0.9917547971108868,0.0113626402481418,0.9987834848404672,6.6,
40,50,1.0,TabICLv2,13,0.9803921568627452,0.9808843226248496,0.0004921657621044,0.9988070586403296,3.5,
40,50,1.0,TabICLv2,14,0.9803921568627452,0.9725214151590514,-0.0078707417036936,0.998471160358394,3.1,
40,50,1.0,TabICLv2,15,0.9803921568627452,0.9750941760219626,-0.0052979808407824,0.9989067570317464,3.2,
40,50,1.0,TabICLv2,16,0.9803921568627452,0.9846820344005628,0.0042898775378176,0.9994016613592086,2.7,
40,50,1.0,TabICLv2,17,0.9803921568627452,0.9524517237450568,-0.0279404331176883,0.9982375636517063,2.9,
40,50,1.0,TabICLv2,18,0.9803921568627452,0.9897563377803212,0.009364180917576,0.9989930153400112,3.3,
40,50,1.0,TabICLv2,19,0.9803921568627452,0.9696286551516876,-0.0107635017110574,0.9982832595281004,3.1,
40,50,1.0,TabPFN-V3,0,0.9803921568627452,0.997238859545947,0.0168467026832019,0.9979438221493576,5.0,
40,50,1.0,TabPFN-V3,1,0.9803921568627452,0.994435185700443,0.0140430288376979,0.9982182607398716,4.9,
40,50,1.0,TabPFN-V3,2,0.9803921568627452,0.995821414509752,0.015429257647007,0.9988820048607456,5.0,
40,50,1.0,TabPFN-V3,3,0.9803921568627452,1.0021601490004204,0.0217679921376753,0.9986023414494096,5.0,
40,50,1.0,TabPFN-V3,4,0.9803921568627452,0.9951695001727376,0.0147773433099925,0.9992161684419896,5.5,
40,50,1.0,TabPFN-V3,5,0.9803921568627452,1.0007352242932963,0.0203430674305512,0.9991050012075712,5.3,
40,50,1.0,TabPFN-V3,6,0.9803921568627452,1.0059178715401378,0.0255257146773927,0.9976601137351836,4.9,
40,50,1.0,TabPFN-V3,7,0.9803921568627452,0.9988377534028282,0.0184455965400831,0.9993098995189088,4.9,
40,50,1.0,TabPFN-V3,8,0.9803921568627452,0.9938581020774035,0.0134659452146586,0.9980790251276354,5.2,
40,50,1.0,TabPFN-V3,9,0.9803921568627452,0.9906407137858232,0.0102485569230781,0.9983391044191944,4.8,
40,50,1.0,TabPFN-V3,10,0.9803921568627452,0.9969562692467938,0.0165641123840487,0.9993639012439928,4.9,
40,50,1.0,TabPFN-V3,11,0.9803921568627452,1.0003716795841495,0.0199795227214044,0.998428748394171,7.0,
40,50,1.0,TabPFN-V3,12,0.9803921568627452,0.99588640342982,0.0154942465670748,0.9986358721854868,5.3,
40,50,1.0,TabPFN-V3,13,0.9803921568627452,1.002712482492058,0.022320325629313,0.9978097159113754,4.6,
40,50,1.0,TabPFN-V3,14,0.9803921568627452,1.0008370222587513,0.0204448653960062,0.9984149657483036,5.0,
40,50,1.0,TabPFN-V3,15,0.9803921568627452,0.989152056385734,0.0087598995229888,0.9984333411259738,5.4,
40,50,1.0,TabPFN-V3,16,0.9803921568627452,1.000036304354037,0.0196441474912919,0.9990713639905442,5.0,
40,50,1.0,TabPFN-V3,17,0.9803921568627452,0.9885025529643414,0.0081103961015963,0.9983402630147492,5.2,
40,50,1.0,TabPFN-V3,18,0.9803921568627452,1.0038999846628378,0.0235078278000927,0.99906024289972,6.2,
40,50,1.0,TabPFN-V3,19,0.9803921568627452,0.9962645522379612,0.015872395375216,0.9980720123324186,5.3,
40,50,1.0,GBM,0,0.9803921568627452,0.8486303950178818,-0.1317617618448632,0.970459447766641,0.5,
40,50,1.0,GBM,1,0.9803921568627452,0.8847848800389567,-0.0956072768237883,0.9669387978859356,0.5,
40,50,1.0,GBM,2,0.9803921568627452,0.894421571464811,-0.085970585397934,0.9862920380893128,0.5,
40,50,1.0,GBM,3,0.9803921568627452,0.8944029024581936,-0.0859892544045514,0.9172891556547575,0.5,
40,50,1.0,GBM,4,0.9803921568627452,0.9124728312775936,-0.0679193255851514,0.983116543462512,0.4,
40,50,1.0,GBM,5,0.9803921568627452,0.8586000137596682,-0.1217921431030768,0.979184157175002,0.3,
40,50,1.0,GBM,6,0.9803921568627452,0.8884212040573354,-0.0919709528054096,0.9804621208041518,0.3,
40,50,1.0,GBM,7,0.9803921568627452,0.897098011104578,-0.083294145758167,0.8387265600887035,0.5,
40,50,1.0,GBM,8,0.9803921568627452,0.8480530094384182,-0.1323391474243268,0.9671205379205275,0.4,
40,50,1.0,GBM,9,0.9803921568627452,0.8660586064011481,-0.1143335504615969,0.9656702523753312,0.4,
40,50,1.0,GBM,10,0.9803921568627452,0.897508620263421,-0.082883536599324,0.9555425213108584,0.4,
40,50,1.0,GBM,11,0.9803921568627452,0.8733131447458745,-0.1070790121168705,0.9781324295133262,0.4,
40,50,1.0,GBM,12,0.9803921568627452,0.8982708024982551,-0.0821213543644899,0.809602878617354,0.4,
40,50,1.0,GBM,13,0.9803921568627452,0.8673509116937979,-0.1130412451689472,0.9741297934070688,0.4,
40,50,1.0,GBM,14,0.9803921568627452,0.8593528398720954,-0.1210393169906496,0.8567642302227234,0.5,
40,50,1.0,GBM,15,0.9803921568627452,0.8886999917009092,-0.0916921651618358,0.978874327697711,0.5,
40,50,1.0,GBM,16,0.9803921568627452,0.8679083683144996,-0.1124837885482454,0.9766185237971532,0.5,
40,50,1.0,GBM,17,0.9803921568627452,0.9031619336641602,-0.0772302231985848,0.8960429072643584,0.5,
40,50,1.0,GBM,18,0.9803921568627452,0.915959331466372,-0.0644328253963729,0.9857403352208468,0.4,
40,50,1.0,GBM,19,0.9803921568627452,0.8697241797601987,-0.1106679771025463,0.9748273419252602,0.4,
40,50,4.0,TabICLv2,0,0.925925925925926,0.8673435187764058,-0.0585824071495201,0.987758651745621,3.9,
40,50,4.0,TabICLv2,1,0.925925925925926,0.8987295955749535,-0.0271963303509724,0.9919292534350216,4.2,
40,50,4.0,TabICLv2,2,0.925925925925926,0.8458368558968296,-0.0800890700290963,0.9848875070870402,3.8,
40,50,4.0,TabICLv2,3,0.925925925925926,0.8891718751425176,-0.0367540507834083,0.9907929764943368,6.5,
40,50,4.0,TabICLv2,4,0.925925925925926,0.9417467604665876,0.0158208345406615,0.9956350950459008,6.3,
40,50,4.0,TabICLv2,5,0.925925925925926,0.9168227586655864,-0.0091031672603396,0.9947468415426411,5.6,
40,50,4.0,TabICLv2,6,0.925925925925926,0.8652466743548815,-0.0606792515710444,0.981626481205015,5.8,
40,50,4.0,TabICLv2,7,0.925925925925926,0.9101087221799578,-0.0158172037459681,0.995046078208495,6.8,
40,50,4.0,TabICLv2,8,0.925925925925926,0.9281442628632826,0.0022183369373566,0.994752815965624,4.8,
40,50,4.0,TabICLv2,9,0.925925925925926,0.9145036470903848,-0.0114222788355412,0.9968265531647572,5.1,
40,50,4.0,TabICLv2,10,0.925925925925926,0.9109315155792344,-0.0149944103466914,0.993807982844634,4.4,
40,50,4.0,TabICLv2,11,0.925925925925926,0.912447551221539,-0.0134783747043869,0.9955832582087633,3.2,
40,50,4.0,TabICLv2,12,0.925925925925926,0.9303126475775652,0.0043867216516392,0.9932531815698638,2.9,
40,50,4.0,TabICLv2,13,0.925925925925926,0.9033476341516878,-0.022578291774238,0.978884577541592,3.0,
40,50,4.0,TabICLv2,14,0.925925925925926,0.8983305453037728,-0.0275953806221531,0.9909609402982132,3.0,
40,50,4.0,TabICLv2,15,0.925925925925926,0.9122702750151672,-0.0136556509107587,0.9931524899737368,3.0,
40,50,4.0,TabICLv2,16,0.925925925925926,0.882442489736282,-0.0434834361896439,0.9873937618998188,2.9,
40,50,4.0,TabICLv2,17,0.925925925925926,0.8982354233818014,-0.0276905025441245,0.993994486242312,3.0,
40,50,4.0,TabICLv2,18,0.925925925925926,0.9283620887826494,0.0024361628567234,0.9940113117844142,2.9,
40,50,4.0,TabICLv2,19,0.925925925925926,0.8960772244762677,-0.0298487014496582,0.9918203910796296,3.1,
40,50,4.0,TabPFN-V3,0,0.925925925925926,0.930342874045184,0.0044169481192579,0.9898047521189848,4.7,
40,50,4.0,TabPFN-V3,1,0.925925925925926,0.9658257539043354,0.0398998279784095,0.993269548408756,4.5,
40,50,4.0,TabPFN-V3,2,0.925925925925926,0.9306670098329108,0.0047410839069848,0.992020986407174,5.0,
40,50,4.0,TabPFN-V3,3,0.925925925925926,0.9458343724809652,0.0199084465550393,0.9960223084670682,4.7,
40,50,4.0,TabPFN-V3,4,0.925925925925926,0.9874994035270444,0.0615734776011184,0.9961906409004804,4.4,
40,50,4.0,TabPFN-V3,5,0.925925925925926,0.9628589521656956,0.0369330262397696,0.9943559594779636,4.4,
40,50,4.0,TabPFN-V3,6,0.925925925925926,0.9030707607355496,-0.0228551651903762,0.9884850384722544,4.7,
40,50,4.0,TabPFN-V3,7,0.925925925925926,0.975487155564147,0.049561229638221,0.9946322643274912,4.6,
40,50,4.0,TabPFN-V3,8,0.925925925925926,0.9681074926461212,0.0421815667201953,0.993160073758828,4.9,
40,50,4.0,TabPFN-V3,9,0.925925925925926,0.971339902150927,0.045413976225001,0.9947155220703342,4.9,
40,50,4.0,TabPFN-V3,10,0.925925925925926,0.9691255267395292,0.0431996008136033,0.9942728761742724,4.8,
40,50,4.0,TabPFN-V3,11,0.925925925925926,0.9893341696328126,0.0634082437068866,0.9935188214407537,4.5,
40,50,4.0,TabPFN-V3,12,0.925925925925926,0.977788072819039,0.051862146893113,0.9928399654584515,4.7,
40,50,4.0,TabPFN-V3,13,0.925925925925926,0.9825442434289556,0.0566183175030298,0.9906267992888814,4.6,
40,50,4.0,TabPFN-V3,14,0.925925925925926,0.9542168812841868,0.0282909553582607,0.995088129544318,4.6,
40,50,4.0,TabPFN-V3,15,0.925925925925926,0.9684306423346808,0.0425047164087548,0.9953921320775754,4.7,
40,50,4.0,TabPFN-V3,16,0.925925925925926,0.9573853916370936,0.0314594657111675,0.9960448563059088,4.6,
40,50,4.0,TabPFN-V3,17,0.925925925925926,0.970162341403332,0.0442364154774059,0.9959001433837312,4.7,
40,50,4.0,TabPFN-V3,18,0.925925925925926,0.9721136575446389,0.0461877316187128,0.9949207847798652,4.6,
40,50,4.0,TabPFN-V3,19,0.925925925925926,0.971278169212632,0.045352243286706,0.994957323577497,4.9,
40,50,4.0,GBM,0,0.925925925925926,0.6392158238438556,-0.2867101020820704,0.7694443700618467,0.4,
40,50,4.0,GBM,1,0.925925925925926,0.7668513188710634,-0.1590746070548625,0.951858040502723,0.4,
40,50,4.0,GBM,2,0.925925925925926,0.7351708061507477,-0.1907551197751782,0.8746348629066635,0.3,
40,50,4.0,GBM,3,0.925925925925926,0.812651794122041,-0.1132741318038849,0.9318530648437916,0.4,
40,50,4.0,GBM,4,0.925925925925926,0.9115011535181836,-0.0144247724077422,0.8875464083618182,0.3,
40,50,4.0,GBM,5,0.925925925925926,0.8305369842390675,-0.0953889416868584,0.7338096026342243,0.2,
40,50,4.0,GBM,6,0.925925925925926,0.7590524097846726,-0.1668735161412533,0.921163111890522,0.2,
40,50,4.0,GBM,7,0.925925925925926,0.6830305819169421,-0.2428953440089838,0.808559274511909,0.2,
40,50,4.0,GBM,8,0.925925925925926,0.8619001249349509,-0.0640258009909749,0.8140550546080795,0.2,
40,50,4.0,GBM,9,0.925925925925926,0.78431103132921,-0.1416148945967159,0.9223664342164332,0.2,
40,50,4.0,GBM,10,0.925925925925926,0.7302775885349553,-0.1956483373909706,0.9341763905974998,0.2,
40,50,4.0,GBM,11,0.925925925925926,0.8286657110198654,-0.0972602149060605,0.950553594869014,0.2,
40,50,4.0,GBM,12,0.925925925925926,0.8026097791059138,-0.1233161468200121,0.8632482778163832,0.2,
40,50,4.0,GBM,13,0.925925925925926,0.9044331375530786,-0.0214927883728472,0.8499848575063871,0.2,
40,50,4.0,GBM,14,0.925925925925926,0.7568166409436882,-0.1691092849822377,0.9509417188985476,0.2,
40,50,4.0,GBM,15,0.925925925925926,0.7989649586905653,-0.1269609672353606,-2.5296985518468325,0.2,
40,50,4.0,GBM,16,0.925925925925926,0.7541622872247563,-0.1717636387011696,-1.3056193007290733,0.2,
40,50,4.0,GBM,17,0.925925925925926,0.8572201783300711,-0.0687057475958548,0.8826700113423747,0.2,
40,50,4.0,GBM,18,0.925925925925926,0.7651728526541743,-0.1607530732717516,0.930303295909228,0.2,
40,50,4.0,GBM,19,0.925925925925926,0.8775358607772817,-0.0483900651486441,0.9198124118763468,0.2,
40,50,25.0,TabICLv2,0,0.6666666666666666,0.2456174444746046,-0.421049222192062,0.0969978686530401,1.8,
40,50,25.0,TabICLv2,1,0.6666666666666666,0.2335663794554351,-0.4331002872112315,0.080767405859885,1.9,
40,50,25.0,TabICLv2,2,0.6666666666666666,-0.0396479935848446,-0.7063146602515112,-0.0915577499678008,1.8,
40,50,25.0,TabICLv2,3,0.6666666666666666,0.2552642634795348,-0.4114024031871318,0.2983518717369718,1.8,
40,50,25.0,TabICLv2,4,0.6666666666666666,0.1599389761532846,-0.506727690513382,0.1948347979338719,1.9,
40,50,25.0,TabICLv2,5,0.6666666666666666,0.4665531162154022,-0.2001135504512644,0.7563112986245312,1.7,
40,50,25.0,TabICLv2,6,0.6666666666666666,0.3827725873412411,-0.2838940793254255,0.3493692697106855,2.8,
40,50,25.0,TabICLv2,7,0.6666666666666666,0.5116028679890412,-0.1550637986776254,0.7626252276267086,2.9,
40,50,25.0,TabICLv2,8,0.6666666666666666,0.1190290036355843,-0.5476376630310823,-0.1016600645612948,3.1,
40,50,25.0,TabICLv2,9,0.6666666666666666,0.3727411859076424,-0.2939254807590242,0.5073386458967967,2.8,
40,50,25.0,TabICLv2,10,0.6666666666666666,0.1206416351614905,-0.546025031505176,0.2484407807330513,2.8,
40,50,25.0,TabICLv2,11,0.6666666666666666,0.1677032356686202,-0.4989634309980464,0.2065134767223025,3.1,
40,50,25.0,TabICLv2,12,0.6666666666666666,0.6466439020084113,-0.0200227646582553,0.9014627783169782,2.9,
40,50,25.0,TabICLv2,13,0.6666666666666666,0.5738225874940188,-0.0928440791726478,0.8179942387983216,2.8,
40,50,25.0,TabICLv2,14,0.6666666666666666,0.3043484259783972,-0.3623182406882694,0.5319730422508567,2.8,
40,50,25.0,TabICLv2,15,0.6666666666666666,0.4883627114988427,-0.1783039551678238,0.7850207338753066,2.8,
40,50,25.0,TabICLv2,16,0.6666666666666666,0.4828311343353634,-0.1838355323313032,0.7292245431194477,2.7,
40,50,25.0,TabICLv2,17,0.6666666666666666,0.5477369657923977,-0.1189297008742689,0.7903293540756019,2.8,
40,50,25.0,TabICLv2,18,0.6666666666666666,0.8203922293272565,0.1537255626605899,0.9795960139139605,2.8,
40,50,25.0,TabICLv2,19,0.6666666666666666,0.6576472432062392,-0.0090194234604273,0.850042793627152,2.7,
40,50,25.0,TabPFN-V3,0,0.6666666666666666,0.4506974889061294,-0.2159691777605372,0.8798890144922129,4.8,
40,50,25.0,TabPFN-V3,1,0.6666666666666666,0.5081225624666817,-0.1585441041999848,0.8640020888849665,5.0,
40,50,25.0,TabPFN-V3,2,0.6666666666666666,0.012900612602852,-0.6537660540638146,-0.0091410457810978,4.8,
40,50,25.0,TabPFN-V3,3,0.6666666666666666,0.2417220536077009,-0.4249446130589657,0.3505961983862791,4.8,
40,50,25.0,TabPFN-V3,4,0.6666666666666666,0.064633767400771,-0.6020328992658956,0.1528398319331182,4.8,
40,50,25.0,TabPFN-V3,5,0.6666666666666666,0.7607574486329723,0.0940907819663057,0.9491067162568426,6.0,
40,50,25.0,TabPFN-V3,6,0.6666666666666666,0.7428744718533898,0.0762078051867232,0.9334212966261864,5.0,
40,50,25.0,TabPFN-V3,7,0.6666666666666666,0.058412954997711,-0.6082537116689556,0.1637793160487447,5.2,
40,50,25.0,TabPFN-V3,8,0.6666666666666666,0.0367140054619813,-0.6299526612046853,0.1767704337713918,4.9,
40,50,25.0,TabPFN-V3,9,0.6666666666666666,0.5205067760737281,-0.1461598905929385,0.7815914165461967,5.0,
40,50,25.0,TabPFN-V3,10,0.6666666666666666,0.6277443284970503,-0.0389223381696163,0.883868588386918,4.8,
40,50,25.0,TabPFN-V3,11,0.6666666666666666,0.0349749126473874,-0.6316917540192792,0.0752482256607163,4.9,
40,50,25.0,TabPFN-V3,12,0.6666666666666666,0.016187539473327,-0.6504791271933396,0.3201189508518904,4.7,
40,50,25.0,TabPFN-V3,13,0.6666666666666666,0.6983878218961812,0.0317211552295145,0.958755967050533,5.1,
40,50,25.0,TabPFN-V3,14,0.6666666666666666,0.1328551525914351,-0.5338115140752315,0.46960780658777,5.1,
40,50,25.0,TabPFN-V3,15,0.6666666666666666,0.7530584769307562,0.0863918102640896,0.9600042303237066,5.2,
40,50,25.0,TabPFN-V3,16,0.6666666666666666,0.6385838542891916,-0.028082812377475,0.9424835700872956,5.2,
40,50,25.0,TabPFN-V3,17,0.6666666666666666,0.6624497864348652,-0.0042168802318014,0.9127420558953075,5.0,
40,50,25.0,TabPFN-V3,18,0.6666666666666666,0.8716037752514523,0.2049371085847856,0.9830242189354582,5.0,
40,50,25.0,TabPFN-V3,19,0.6666666666666666,0.7586366356388248,0.0919699689721581,0.947956113853288,5.1,
40,50,25.0,GBM,0,0.6666666666666666,0.6210935962749473,-0.0455730703917193,0.6662792494263536,0.4,
40,50,25.0,GBM,1,0.6666666666666666,0.6394433318047711,-0.0272233348618955,-0.8843068533525094,0.4,
40,50,25.0,GBM,2,0.6666666666666666,0.3818445962177116,-0.284822070448955,-0.800543418722816,0.4,
40,50,25.0,GBM,3,0.6666666666666666,0.7188461221188847,0.052179455452218,-0.5502010767060654,0.5,
40,50,25.0,GBM,4,0.6666666666666666,0.660816903457383,-0.0058497632092836,0.5871604784848191,0.4,
40,50,25.0,GBM,5,0.6666666666666666,0.4917997371469532,-0.1748669295197134,0.8651269361553129,0.5,
40,50,25.0,GBM,6,0.6666666666666666,0.7359610807314769,0.0692944140648103,0.6594843537532776,0.4,
40,50,25.0,GBM,7,0.6666666666666666,0.6246952690329267,-0.0419713976337399,0.4625733362268213,0.4,
40,50,25.0,GBM,8,0.6666666666666666,0.6259483667458566,-0.04071829992081,0.6714193654167901,0.4,
40,50,25.0,GBM,9,0.6666666666666666,0.5794118910474386,-0.087254775619228,0.2698763921156785,0.4,
40,50,25.0,GBM,10,0.6666666666666666,0.6556887711793379,-0.0109778954873287,0.6698650139299391,0.5,
40,50,25.0,GBM,11,0.6666666666666666,0.3832851191702877,-0.2833815474963789,0.0942422384775613,0.4,
40,50,25.0,GBM,12,0.6666666666666666,0.6885903632304545,0.0219236965637878,0.8112580128231273,0.4,
40,50,25.0,GBM,13,0.6666666666666666,0.5277318653554969,-0.1389348013111697,0.1169424163805745,0.3,
40,50,25.0,GBM,14,0.6666666666666666,0.6416607540775718,-0.0250059125890947,0.4590722356481238,0.4,
40,50,25.0,GBM,15,0.6666666666666666,0.6674061738954483,0.0007395072287816,-0.5654526180538149,0.5,
40,50,25.0,GBM,16,0.6666666666666666,0.6910390151724615,0.0243723485057948,0.6408165686102685,0.5,
40,50,25.0,GBM,17,0.6666666666666666,0.5808913421727593,-0.0857753244939073,0.6802455757745587,0.3,
40,50,25.0,GBM,18,0.6666666666666666,0.7745975775370749,0.1079309108704082,0.841292686219267,0.5,
40,50,25.0,GBM,19,0.6666666666666666,0.6689101371208296,0.0022434704541629,0.8032429823100989,0.4,
