xi_true,tail_type,seed,n_est,n_train,q50,q999,q9999,q99999,ratio,xi_implied,eta_r_median,seconds,reason
0.0,exp,0,1,2000,0.6172741651535034,8.166402339935303,11.178392345794798,14.156536930632283,1.28199140790759,0.021176402811470024,,10.5,
0.0,exp,1,1,2000,0.6512479782104492,8.253623485565186,11.278714688918091,14.324359004306752,1.2865823434967845,0.02405676635392679,,7.3,
0.0,exp,2,1,2000,0.6436256170272827,7.890118837356567,10.697929217710538,13.505739598069788,1.27926453107786,0.019447969748913135,,7.4,
0.0,gpd,0,1,2000,0.6172741651535034,8.166402339935303,10.688570627788376,12.418109570260201,1.1717295234916896,-0.06296273814188698,-0.14237673574682813,7.4,
0.0,gpd,1,1,2000,0.6512479782104492,8.253623485565186,10.714153121733187,12.336311474685044,1.1612017931020648,-0.07315932907090213,-0.156157231114745,7.4,
0.0,gpd,2,1,2000,0.6436256170272827,7.890118837356567,10.19996781143,11.742080167412906,1.1613705667515908,-0.0729915501010594,-0.14543343604966064,7.7,
0.2,exp,0,1,2000,0.658722996711731,14.632343769073486,20.682740910622677,26.67865405759806,1.2994360658661788,0.03193215584259104,,7.5,
0.2,exp,1,1,2000,0.6625162959098816,14.573381423950195,20.449704767491433,25.979818719340177,1.279479520791502,0.019584724635284108,,7.3,
0.2,exp,2,1,2000,0.6665838956832886,14.501400470733643,20.366873911135677,25.645857761436645,1.2679647784961678,0.012139909906936122,,7.5,
0.2,gpd,0,1,2000,0.658722996711731,14.632343769073486,19.525179734116453,22.665373169936238,1.1664432002005987,-0.06801575441840343,-0.16250957881596595,7.5,
0.2,gpd,1,1,2000,0.6625162959098816,14.573381423950195,19.30585558462751,22.32446365444671,1.1619134867993295,-0.07245282003259582,-0.16767063031160795,7.9,
0.2,gpd,2,1,2000,0.6665838956832886,14.501400470733643,19.217305131455483,22.244248003401182,1.1631711691138298,-0.07121060253751735,-0.16454976896569648,7.6,
0.5,exp,0,1,2000,0.7894811630249023,43.66161918640137,63.81388408247148,84.29631487959387,1.3249920641580946,0.0468336418521952,,7.5,
0.5,exp,1,1,2000,0.7713566422462463,38.73902702331543,56.27326677816068,73.29269222861396,1.3066457606373492,0.03623379771242079,,7.4,
0.5,exp,2,1,2000,0.8169834613800049,44.894935607910156,64.50178067892098,84.18886353461329,1.3091331638922108,0.03769950307865786,,7.5,
0.5,gpd,0,1,2000,0.7894811630249023,43.66161918640137,60.058659118324215,70.30801183104006,1.1729288825373263,-0.06183430503160786,-0.1848054494149129,7.4,
0.5,gpd,1,1,2000,0.7713566422462463,38.73902702331543,52.60290582486678,60.85325570113012,1.1591762161534955,-0.07518448419951508,-0.1895452941832826,7.4,
0.5,gpd,2,1,2000,0.8169834613800049,44.894935607910156,60.29868188983874,70.0019786466592,1.1631307950712106,-0.07125035601539635,-0.19236122185672616,7.5,
0.8,exp,0,1,2000,0.991117000579834,140.0782241821289,214.36945444897688,288.32450071457447,1.3465911636108925,0.058731498236007734,,7.1,
0.8,exp,1,1,2000,0.9345048666000366,143.95169830322266,217.381233519017,290.0161068930331,1.3355785223747019,0.052739458620649014,,7.5,
0.8,exp,2,1,2000,0.9842453002929688,152.60250091552734,232.21161866854715,311.44699527181353,1.3426729951954073,0.05661673328996325,,7.5,
0.8,gpd,0,1,2000,0.991117000579834,140.0782241821289,201.3903939230854,242.38458276950718,1.2045625586876454,-0.03417386315780837,-0.17031464376483646,7.6,
0.8,gpd,1,1,2000,0.9345048666000366,143.95169830322266,202.90166893860163,239.14305009367428,1.17944194701943,-0.0558171372360414,-0.1895190212034833,7.2,
0.8,gpd,2,1,2000,0.9842453002929688,152.60250091552734,218.25976719700031,262.0260643749474,1.201432249688732,-0.03674783457860961,-0.16868600552471782,7.1,
