threads,model,xi,variant,clip_c,sd_shift_target,sd_shift,seed,n_est,n_train,n_test,n_clipped,borders_in_data,same_bar_90_99,xi_implied,xi_ratio,q50,q90,q99,q999,pb50,pb90,pb99,pb999,seconds,reason
3,TabPFN-V3,0.7,raw,0.0,1.0,1.0,7000,1,2000,900,0,2593,0.0,0.6733692687151707,0.671892561663844,0.717966616153717,4.333127021789551,24.83184242248535,109.4098892211914,1.342079667453148,1.5377685843190032,0.6070894761376532,0.1175250693151152,9.3,
3,TabPFN-V3,0.7,robust,0.0,1.0,1.0,7000,1,2000,900,0,2593,0.0,0.6733691876695522,0.6718925311922848,0.7179664439704556,4.333127178295795,24.83184241003422,109.4098974570463,1.342079675994451,1.5377685869299669,0.6070894792883486,0.1175250734734784,5.9,
3,TabPFN-V3,0.7,clip,20.0,1.0,1.0,7000,1,2000,900,31,2661,0.0,0.6447023582116022,0.6462570396563802,0.7314557135105133,4.553058862686157,26.45724391937256,52.859134674072266,1.340684434236722,1.5231625059813976,0.5965736568217462,0.1862063668366212,6.2,
3,TabPFN-V3,0.7,clip,50.0,1.0,1.0,7000,1,2000,900,8,2623,0.0,0.6802064439026404,0.6778357538466734,0.7405019700527191,4.540389776229858,27.00112628936768,89.51977157592773,1.3398150896072816,1.529384587114608,0.5953959361156285,0.0940821920627484,6.1,
3,TabPFN-V3,0.7,clip,200.0,1.0,1.0,7000,1,2000,900,0,2593,0.0,0.6733692687151707,0.671892561663844,0.717966616153717,4.333127021789551,24.83184242248535,109.4098892211914,1.342079667453148,1.5377685843190032,0.6070894761376532,0.1175250693151152,6.1,
3,TabPFN-V3,0.7,log,0.0,1.0,1.0,7000,1,2000,900,0,3254,0.0,0.6349897779995907,0.6413979183158492,0.8947788417422684,5.777701669496027,31.197365776096326,133.42963204051267,1.3367641901721885,1.5011038186215162,0.5925784785432431,0.1768925375367871,6.5,
3,TabPFN-V3,0.7,tail_log,50.0,1.0,1.0,7000,1,2000,900,8,2604,0.0,0.6805603113971553,0.6762047629329276,0.7372665107250214,4.414393186569214,25.38910484313965,100.31302551647926,1.3405270553675503,1.5355292172339925,0.6043672097007903,0.2533821624930462,6.7,
3,TabPFN-V3,0.7,evt_trim,0.0,1.0,1.0,7000,1,2000,900,0,2593,0.0,0.6733692687151707,0.671892561663844,0.717966616153717,4.333127021789551,24.83184242248535,109.4098892211914,1.342079667453148,1.5377685843190032,0.6070894761376532,0.1175250693151152,6.5,
3,TabPFN-V3,0.7,sd_cap,1.2,1.0,1.0,7000,1,2000,900,0,2593,0.0,0.6733692687151707,0.671892561663844,0.717966616153717,4.333127021789551,24.83184242248535,109.4098892211914,1.342079667453148,1.5377685843190032,0.6070894761376532,0.1175250693151152,6.4,
3,TabPFN-V3,0.7,rank_emp,0.0,1.0,1.0,7000,1,2000,900,2000,5001,0.0,0.6764301039599213,0.6758323637991721,0.8907804762852538,5.333826777135465,34.71556448817762,144.3306521903915,1.3365436924153284,1.5006818491582483,0.6124594567256804,0.1439336745782274,6.5,
3,TabPFN-V3,0.7,rank_gpd,0.0,1.0,1.0,7000,1,2000,900,2000,3607,0.0,0.651009999536821,0.6537970855536681,0.8907804762852538,5.333826777135465,31.00783460578365,126.0340224035383,1.3365436924153284,1.499586906660439,0.5960086942682505,0.1743647872841491,7.0,
3,TabPFN-V3,0.7,rank_gpd_trim,0.0,1.0,1.0,7000,1,2000,900,2000,3634,0.0,0.6234455130759956,0.6299737313285041,0.8907804762852538,5.333826777135465,30.156480977546924,113.23206483905066,1.3365436924153284,1.4992991328082066,0.5917213799178269,0.1492144845431994,7.0,
3,TabPFN-V3,0.7,rank_exp,0.0,1.0,1.0,7000,1,2000,900,2000,4541,0.0,0.6900514687944433,0.6921412373239417,0.799847211483032,5.167661003850339,31.02406970568538,123.57393641685962,1.3374885944640291,1.5037713849059708,0.596135658046592,0.1874459456978917,7.1,
3,TabPFN-V3,0.7,raw,0.0,1.0,1.0,8000,1,2000,900,0,2531,0.0,0.5150757906359219,0.4870473504688234,1.013978362083435,5.220277547836304,19.61690616607666,78.96883010864258,1.4276293974378789,1.743911905354386,0.8188591426143841,0.3355453628248667,6.5,
3,TabPFN-V3,0.7,robust,0.0,1.0,1.0,8000,1,2000,900,0,2531,0.0,0.515075781749523,0.4870472913266956,1.013978810487687,5.220278110642864,19.616905649202277,78.968820957193,1.42762941285015,1.7439119004743082,0.8188591408120934,0.3355453711094451,7.4,
3,TabPFN-V3,0.7,clip,20.0,1.0,1.0,8000,1,2000,900,30,2673,0.0,0.5537426425463082,0.5574178050583227,0.8090881407260895,4.720491170883179,23.85832500457764,47.58090782165527,1.424501837828946,1.7484035330470649,0.8476856748319662,0.3860831182634208,6.9,
3,TabPFN-V3,0.7,clip,50.0,1.0,1.0,8000,1,2000,900,13,2624,0.0,0.6119906304589273,0.6047747835933779,0.8498527109622955,4.5928635597229,23.131065368652344,85.64572143554688,1.423331698127243,1.7481888338041154,0.8039233540505485,0.2761893706348235,6.3,
3,TabPFN-V3,0.7,clip,200.0,1.0,1.0,8000,1,2000,900,1,2590,0.0,0.5802257317056422,0.573911379580459,0.8574295341968536,4.518742561340332,21.331966400146484,95.88644409179688,1.4246822260831733,1.7521719804474405,0.8113550778510555,0.2871402359184178,7.1,
3,TabPFN-V3,0.7,log,0.0,1.0,1.0,8000,1,2000,900,0,2754,0.0,0.626448075939355,0.6220968616508669,0.9847378012598288,5.6232949515193065,29.71706488104606,139.90638500168453,1.4304727077614912,1.7471903371329356,0.7649774402462198,0.2846826576730963,6.4,
3,TabPFN-V3,0.7,tail_log,50.0,1.0,1.0,8000,1,2000,900,13,2589,0.0,0.5824423779882277,0.5782685510135152,0.8666453957557678,4.490118026733398,21.2878532409668,102.25273647766738,1.423920729896486,1.7521978564966505,0.8248007190226541,44.22373082259168,7.0,
3,TabPFN-V3,0.7,evt_trim,0.0,1.0,1.0,8000,1,2000,900,0,2531,0.0,0.5150757906359219,0.4870473504688234,1.013978362083435,5.220277547836304,19.61690616607666,78.96883010864258,1.4276293974378789,1.743911905354386,0.8188591426143841,0.3355453628248667,7.1,
3,TabPFN-V3,0.7,sd_cap,1.2,1.0,1.0,8000,1,2000,900,1,2588,0.0,0.57656080830045,0.5713820178118095,0.8571077883243561,4.539755582809448,21.30980396270752,92.41228103637695,1.424565151900821,1.7531196325159522,0.8121156660837319,0.2880808239338682,6.6,
3,TabPFN-V3,0.7,rank_emp,0.0,1.0,1.0,8000,1,2000,900,2000,5001,0.0,0.6393096398334578,0.635422598938701,0.9911021571116034,5.699677279953999,31.86103389123914,137.86887845607697,1.4285706555674529,1.74158470159145,0.7986667024692395,0.4905116442902405,7.1,
3,TabPFN-V3,0.7,rank_gpd,0.0,1.0,1.0,8000,1,2000,900,2000,3703,0.0,0.6064125659803784,0.6058752838665142,0.9911021571116034,5.699677279953999,28.359852214500396,169.47488380533207,1.4285706555674529,1.7409693402226791,0.8056927402281685,0.4975910728015472,6.5,
3,TabPFN-V3,0.7,rank_gpd_trim,0.0,1.0,1.0,8000,1,2000,900,2000,3741,0.0,0.5820008439069261,0.5839990979862012,0.9911021571116034,5.699677279953999,27.22538929549941,142.58111317186786,1.4285706555674529,1.7394854097931012,0.7863096655830092,0.4065526243399344,6.6,
3,TabPFN-V3,0.7,rank_exp,0.0,1.0,1.0,8000,1,2000,900,2000,4718,0.0,0.6415788016756208,0.6421065498786739,0.8856140543939692,5.326267994253977,29.494376128599235,163.13882261687263,1.4249801858417408,1.7469037365909208,0.8148582708667036,0.866465384114535,7.1,
3,TabPFN-V3,0.7,raw,0.0,20.0,20.0,7000,1,2000,900,0,421,0.0,0.7003414987099216,0.612733981231156,1.2526739835739136,4.7576093673706055,28.515832901000977,108.39338684082033,1.3750925788726631,1.5364483008058616,0.6623725458221069,0.1089858346896167,7.1,
3,TabPFN-V3,0.7,robust,0.0,20.0,20.0,7000,1,2000,900,0,421,0.0,0.7003415862025671,0.6127339687581106,1.2526750265060398,4.757609620688844,28.515833467048367,108.39338045505689,1.3750926626119953,1.5364482910573527,0.6623725325906353,0.1089858282751624,7.2,
3,TabPFN-V3,0.7,clip,20.0,20.0,20.0,7000,1,2000,900,32,2661,0.0,0.6469478303370152,0.6500825692102534,0.7200084030628204,4.586554527282715,26.92067050933838,54.26129150390625,1.340785813972951,1.521381713072357,0.5955230574453856,0.1862662622778885,7.0,
3,TabPFN-V3,0.7,clip,50.0,20.0,20.0,7000,1,2000,900,9,2621,0.0,0.689986399581585,0.6879139323305541,0.7457087934017181,4.56044340133667,27.600860595703125,94.40042114257812,1.3400875243822838,1.52873357002328,0.5943305225028388,0.0983509992281062,6.2,
3,TabPFN-V3,0.7,clip,200.0,20.0,20.0,7000,1,2000,900,1,2582,0.0,0.6654113070489411,0.66133493876319,0.7732938230037689,4.514048099517822,25.334474563598636,120.57263565063477,1.339111050532662,1.535038823294504,0.6151752888547507,0.1310854870265851,6.7,
3,TabPFN-V3,0.7,log,0.0,20.0,20.0,7000,1,2000,900,0,3238,0.0,0.6690332623558288,0.6712905034543091,0.8978594246947613,5.75864064906843,33.26937895387708,165.50286802074385,1.336721598915842,1.501238627799616,0.5995647716719952,0.2216096056599253,7.4,
3,TabPFN-V3,0.7,tail_log,50.0,20.0,20.0,7000,1,2000,900,9,2543,0.0,0.6676551528822366,0.6617912086663248,0.7571432888507843,4.408778190612793,24.67249870300293,126.74036550655693,1.339566440964923,1.5359496748957755,0.6294238365924846,15.407605856580952,6.9,
3,TabPFN-V3,0.7,evt_trim,0.0,20.0,20.0,7000,1,2000,900,0,421,0.0,0.7003414987099216,0.612733981231156,1.2526739835739136,4.7576093673706055,28.515832901000977,108.39338684082033,1.3750925788726631,1.5364483008058616,0.6623725458221069,0.1089858346896167,6.7,
3,TabPFN-V3,0.7,sd_cap,1.2,20.0,20.0,7000,1,2000,900,1,2581,0.0,0.6661785019407179,0.6613073663033964,0.7706524133682251,4.504963159561157,25.197340965271,118.54507827758788,1.338989831622842,1.5347568303027386,0.6156961304532613,0.1317719243812027,7.2,
3,TabPFN-V3,0.7,rank_emp,0.0,20.0,20.0,7000,1,2000,900,2001,3558,0.0,0.6956488129742427,0.6936161793371969,0.8934393809128763,5.4412293097805176,34.95663536227016,155.52700288791976,1.3365303863216635,1.5009686906463362,0.6178441586281175,1.815185879863731,7.0,
3,TabPFN-V3,0.7,rank_gpd,0.0,20.0,20.0,7000,1,2000,900,2001,3546,0.0,0.7187008103452124,0.7122789651966114,0.8934393809128763,5.4412293097805176,33.516258671843815,176.7758398468819,1.3365303863216635,1.500763392865611,0.6156062608016103,0.2779715963193637,6.5,
3,TabPFN-V3,0.7,rank_gpd_trim,0.0,20.0,20.0,7000,1,2000,900,2001,3608,0.0,0.6531878213070867,0.6562019712998179,0.8934393809128763,5.4412293097805176,31.37770543300223,129.94393598103773,1.3365303863216635,1.499563988978252,0.5958608051721972,0.1752254738134753,6.3,
3,TabPFN-V3,0.7,rank_exp,0.0,20.0,20.0,7000,1,2000,900,2001,4500,0.0,0.7112242127736901,0.711816610441913,0.801877224071823,5.220138737878442,32.114343424872104,147.88815919506334,1.337362233955283,1.5049470037645136,0.6022317098553074,0.2240905261367836,6.9,
3,TabPFN-V3,0.7,raw,0.0,20.0,20.0,8000,1,2000,900,0,735,0.0,-0.3055197782550097,-0.2177747785512122,2.325234055519104,8.807809352874756,14.035387992858888,19.539057731628414,1.6911595383748546,1.825120578547902,0.9652906102257712,0.5815079427203205,6.4,
3,TabPFN-V3,0.7,robust,0.0,20.0,20.0,8000,1,2000,900,0,735,0.0,-0.3055197411034479,-0.2177746786545298,2.325234063517173,8.807808791892718,14.035387179377665,19.539057676333226,1.69115949997879,1.8251205653490288,0.9652906082554225,0.5815079337305153,5.5,
3,TabPFN-V3,0.7,clip,20.0,20.0,20.0,8000,1,2000,900,31,2672,0.0,0.5648544576396379,0.5678436424368067,0.8089423775672913,4.719565391540527,24.402233123779297,48.50284767150879,1.4246439472380197,1.7464007607754315,0.8454565629830293,0.3818360660198703,5.5,
3,TabPFN-V3,0.7,clip,50.0,20.0,20.0,8000,1,2000,900,14,2623,0.0,0.6309961219200744,0.6245426116312511,0.841529130935669,4.622641801834106,24.044782638549805,92.25043869018556,1.4237528151618422,1.7455651571795523,0.8046348925825938,0.2748965351968369,5.5,
3,TabPFN-V3,0.7,clip,200.0,20.0,20.0,8000,1,2000,900,2,2583,0.0,0.5915464003513319,0.5839609366712775,0.860139399766922,4.417048454284668,21.67078685760498,101.13665771484376,1.4254923952170764,1.751543306749923,0.8223987470006663,0.2899303996645459,5.3,
3,TabPFN-V3,0.7,log,0.0,20.0,20.0,8000,1,2000,900,0,2733,0.0,0.6618146763624826,0.6552686251736118,0.9783220634369296,5.603682233834877,31.14510738133948,193.56711561815365,1.430139972692403,1.7464803315184934,0.7694865264972699,0.2855845970207645,5.3,
3,TabPFN-V3,0.7,tail_log,50.0,20.0,20.0,8000,1,2000,900,14,2567,0.0,0.5905862638528717,0.5803292971762127,0.8913729190826416,4.540678262710571,21.629441261291504,125.62340269635447,1.4245587828458,1.7493098144753312,0.8637370964922118,888.1583331194081,5.3,
3,TabPFN-V3,0.7,evt_trim,0.0,20.0,20.0,8000,1,2000,900,0,735,0.0,-0.3055197782550097,-0.2177747785512122,2.325234055519104,8.807809352874756,14.035387992858888,19.539057731628414,1.6911595383748546,1.825120578547902,0.9652906102257712,0.5815079427203205,10.9,
3,TabPFN-V3,0.7,sd_cap,1.2,20.0,20.0,8000,1,2000,900,2,2569,0.0,0.5804927495613542,0.5701303626711892,0.9059957563877106,4.63236665725708,21.159981727600098,110.46506118774414,1.424784828964191,1.7526645316267393,0.8322905297888469,0.2974979217302024,6.8,
3,TabPFN-V3,0.7,rank_emp,0.0,20.0,20.0,8000,1,2000,900,2001,3558,0.0,0.6693220845737957,0.6631836243031746,0.987930605739598,5.69003617536373,32.235085936751226,157.74409923402754,1.428395866245009,1.741511989707068,0.8449314349478024,6.557470559394818,6.7,
3,TabPFN-V3,0.7,rank_gpd,0.0,20.0,20.0,8000,1,2000,900,2001,3653,0.0,0.6559347540630888,0.6519341028545701,0.987930605739598,5.69003617536373,31.77437415520604,254.2578642516047,1.428395866245009,1.741389771889155,0.8462018119379422,0.7248900814283249,7.2,
3,TabPFN-V3,0.7,rank_gpd_trim,0.0,20.0,20.0,8000,1,2000,900,2001,3709,0.0,0.6155557842932459,0.6152791843793223,0.987930605739598,5.69003617536373,29.4584172082415,184.9676514563081,1.428395866245009,1.7390021109958125,0.7943443563582009,0.4774618882516094,6.9,
3,TabPFN-V3,0.7,rank_exp,0.0,20.0,20.0,8000,1,2000,900,2001,4663,0.0,0.686114438450675,0.6822413650698489,0.8875153083961924,5.310727224551229,31.134426479969868,214.8957220418077,1.42472877332937,1.7444934468845263,0.8312097066208053,1.0157642973434429,6.9,
4,TabPFN-V3,0.7,raw,0.0,1.0,1.0,7000,1,2000,900,0,2593,0.0,0.6735321491465647,0.6725016405761449,0.7158704102039337,4.339958190917969,25.163631439208984,109.41150665283205,1.34230256102332,1.5366435689096656,0.6069651754140475,0.1185161289362903,9.9,
4,TabPFN-V3,0.7,robust,0.0,1.0,1.0,7000,1,2000,900,0,2593,0.0,0.6735321424498139,0.6725016291744689,0.7158702293542454,4.339958346727663,25.163630498513637,109.41151912527536,1.342302568798888,1.5366435648062835,0.6069651830225202,0.1185161331668821,6.1,
4,TabPFN-V3,0.7,clip,20.0,1.0,1.0,7000,1,2000,900,31,2661,0.0,0.647542001640956,0.6495829432764151,0.7203013002872467,4.555500268936157,26.461737632751465,53.67806434631348,1.3410418423387085,1.52169920867761,0.5967897311242076,0.186966844919914,6.0,
4,TabPFN-V3,0.7,clip,50.0,1.0,1.0,7000,1,2000,900,8,2623,0.0,0.6827662458778943,0.6819785782447599,0.7362193167209625,4.540860652923584,27.0041618347168,89.58082580566406,1.340283959108662,1.5284516338218368,0.5931166523854395,0.0946283125537762,6.2,
4,TabPFN-V3,0.7,clip,200.0,1.0,1.0,7000,1,2000,900,0,2593,0.0,0.6735321491465647,0.6725016405761449,0.7158704102039337,4.339958190917969,25.163631439208984,109.41150665283205,1.34230256102332,1.5366435689096656,0.6069651754140475,0.1185161289362903,6.0,
4,TabPFN-V3,0.7,log,0.0,1.0,1.0,7000,1,2000,900,0,3254,0.0,0.635673652098098,0.6413230010034116,0.8977101715226437,5.782341651510373,31.21723607274924,133.93706063355444,1.3369644820049598,1.5008923482919692,0.5919002384998381,0.1793843590936334,5.9,
4,TabPFN-V3,0.7,tail_log,50.0,1.0,1.0,7000,1,2000,900,8,2604,0.0,0.6816460908112214,0.6781717785153792,0.732057124376297,4.4203407764434814,25.402697563171387,101.82593585756416,1.3411275075323417,1.5345679164635506,0.6043618784457312,0.2530120752295726,5.9,
4,TabPFN-V3,0.7,evt_trim,0.0,1.0,1.0,7000,1,2000,900,0,2593,0.0,0.6735321491465647,0.6725016405761449,0.7158704102039337,4.339958190917969,25.163631439208984,109.41150665283205,1.34230256102332,1.5366435689096656,0.6069651754140475,0.1185161289362903,5.8,
4,TabPFN-V3,0.7,sd_cap,1.2,1.0,1.0,7000,1,2000,900,0,2593,0.0,0.6735321491465647,0.6725016405761449,0.7158704102039337,4.339958190917969,25.163631439208984,109.41150665283205,1.34230256102332,1.5366435689096656,0.6069651754140475,0.1185161289362903,5.8,
4,TabPFN-V3,0.7,rank_emp,0.0,1.0,1.0,7000,1,2000,900,2000,5001,0.0,0.6786034402827301,0.6777385002956513,0.8925892577051611,5.381272608627885,34.74570006265132,145.8123574725965,1.3367114881350688,1.5003577073026797,0.6117483705457406,0.1459576315169943,5.9,
4,TabPFN-V3,0.7,rank_gpd,0.0,1.0,1.0,7000,1,2000,900,2000,3607,0.0,0.6533747649766761,0.6559123938346217,0.8925892577051611,5.381272608627885,31.12201155456578,128.25928019610558,1.3367114881350688,1.4994099188826044,0.595506000122874,0.1786792439405484,6.0,
4,TabPFN-V3,0.7,rank_gpd_trim,0.0,1.0,1.0,7000,1,2000,900,2000,3634,0.0,0.6268825250090233,0.6322925524334247,0.8925892577051611,5.381272608627885,30.262672712337125,115.09698791089228,1.3367114881350688,1.4990981771382126,0.5927664640519453,0.1525890716543539,5.9,
4,TabPFN-V3,0.7,rank_exp,0.0,1.0,1.0,7000,1,2000,900,2000,4541,0.0,0.6935180303420626,0.6957814783698757,0.8023959157039032,5.184471382727937,31.0217381862588,127.22787781955594,1.3374903685803898,1.5041390709875315,0.5983001796221296,0.1941112910475771,6.0,
4,TabPFN-V3,0.7,raw,0.0,1.0,1.0,8000,1,2000,900,0,2531,0.0,0.512336536061631,0.4814808233771557,1.014230728149414,5.21956992149353,19.64988422393799,79.64253997802734,1.4281006199155155,1.7470062995951794,0.8239927992194462,0.3416554044188422,6.0,
4,TabPFN-V3,0.7,robust,0.0,1.0,1.0,8000,1,2000,900,0,2531,0.0,0.5123364800151273,0.481480828089937,1.0142311733862788,5.219570372969807,19.649884052064408,79.6425357208511,1.4281006353930348,1.747006285660473,0.8239927872235885,0.3416554255254054,5.9,
4,TabPFN-V3,0.7,clip,20.0,1.0,1.0,8000,1,2000,900,30,2673,0.0,0.5542220144576882,0.5579050736800949,0.8289660215377808,4.698543548583984,24.14385223388672,47.91828536987305,1.4246156921186528,1.749490256215756,0.8493033975445891,0.3855769354571939,5.8,
4,TabPFN-V3,0.7,clip,50.0,1.0,1.0,8000,1,2000,900,13,2624,0.0,0.6183552276608343,0.6113291338131125,0.8514408469200134,4.622863292694092,23.542595863342285,90.04055404663086,1.4234012108389666,1.750641956889903,0.8028312195740754,0.2774106933132836,6.0,
4,TabPFN-V3,0.7,clip,200.0,1.0,1.0,8000,1,2000,900,1,2590,0.0,0.5838266859782736,0.5768592497758473,0.8652988374233246,4.506687879562378,21.48661422729492,96.9831428527832,1.424880014830106,1.7555877934517148,0.8208937391800071,0.2944635074430591,5.8,
4,TabPFN-V3,0.7,log,0.0,1.0,1.0,8000,1,2000,900,0,2754,0.0,0.6288970446988259,0.6239671492439133,0.986740478572935,5.592808438675075,29.543680469520908,146.8600407874399,1.4304395500962936,1.747415439709445,0.7669527133807701,0.2917739803415015,5.9,
4,TabPFN-V3,0.7,tail_log,50.0,1.0,1.0,8000,1,2000,900,13,2589,0.0,0.5896590519058094,0.5842264702301952,0.8705678582191467,4.431872129440308,21.44925117492676,102.2634245923114,1.4241476201713783,1.7548557811671517,0.8357070887178013,40.68795569603412,6.0,
4,TabPFN-V3,0.7,evt_trim,0.0,1.0,1.0,8000,1,2000,900,0,2531,0.0,0.512336536061631,0.4814808233771557,1.014230728149414,5.21956992149353,19.64988422393799,79.64253997802734,1.4281006199155155,1.7470062995951794,0.8239927992194462,0.3416554044188422,5.8,
4,TabPFN-V3,0.7,sd_cap,1.2,1.0,1.0,8000,1,2000,900,1,2588,0.0,0.581468223536586,0.5744592002904952,0.8666357398033142,4.514527320861816,21.460532188415527,92.41452407836914,1.4248359680552432,1.7563419886650329,0.8218153846941775,0.2939877994023978,6.0,
4,TabPFN-V3,0.7,rank_emp,0.0,1.0,1.0,8000,1,2000,900,2000,5001,0.0,0.6436089033276947,0.6399321406389035,0.992137758526497,5.609589435901752,31.847865641139613,138.76395424262608,1.4288243334637616,1.741423777481821,0.797220379307976,0.4973901523730673,5.9,
4,TabPFN-V3,0.7,rank_gpd,0.0,1.0,1.0,8000,1,2000,900,2000,3703,0.0,0.6080446704144031,0.6064367127670344,0.992137758526497,5.609589435901752,28.301931732901323,170.74719752671882,1.4288243334637616,1.740709824671191,0.8055618662777652,0.5048505097411454,5.9,
4,TabPFN-V3,0.7,rank_gpd_trim,0.0,1.0,1.0,8000,1,2000,900,2000,3741,0.0,0.5833044417479468,0.5849210217303916,0.992137758526497,5.609589435901752,27.173217505606686,143.5655157825569,1.4288243334637616,1.7392872108176092,0.789144073198361,0.4115995151687485,6.0,
4,TabPFN-V3,0.7,rank_exp,0.0,1.0,1.0,8000,1,2000,900,2000,4718,0.0,0.6478373882519882,0.6475487523347015,0.8769034244577252,5.306213116762922,29.695281559038563,167.3362245315467,1.424940357808856,1.746533530193625,0.8162941461501944,0.8670837570688897,5.9,
4,TabPFN-V3,0.7,raw,0.0,20.0,20.0,7000,1,2000,900,0,421,0.0,0.6549811749998753,0.5842330646242082,1.2225974202156067,4.680741786956787,28.43501663208008,101.00454330444336,1.36953268922067,1.5221299362436835,0.6637831571219192,0.1060669190893699,5.6,
4,TabPFN-V3,0.7,robust,0.0,20.0,20.0,7000,1,2000,900,0,421,0.0,0.6549812530742656,0.5842330548217807,1.2225985093564944,4.680742050996435,28.435017918685705,101.00453231163392,1.3695327630514678,1.5221299230381549,0.6637831482452059,0.1060669129393754,5.9,
4,TabPFN-V3,0.7,clip,20.0,20.0,20.0,7000,1,2000,900,32,2661,0.0,0.6545174937290391,0.6567195947839423,0.7194691002368927,4.612955331802368,26.95405387878418,53.63790321350098,1.3408780373009717,1.5205710185836008,0.5942628531540419,0.186545834389654,5.8,
4,TabPFN-V3,0.7,clip,50.0,20.0,20.0,7000,1,2000,900,9,2621,0.0,0.6968321741083714,0.6938496181886336,0.7457595765590668,4.565273284912109,27.614588737487797,94.43425369262695,1.3401621115093116,1.5273606353507123,0.591637718155588,0.0982814527617026,5.9,
4,TabPFN-V3,0.7,clip,200.0,20.0,20.0,7000,1,2000,900,1,2582,0.0,0.6790917176983542,0.6718084093552109,0.7766960859298706,4.499641180038452,25.51966667175293,122.27136611938477,1.3392876565909708,1.5323358205502533,0.6083271648645858,0.1313637885389854,6.1,
4,TabPFN-V3,0.7,log,0.0,20.0,20.0,7000,1,2000,900,0,3238,0.0,0.6707603729382637,0.6726162103765996,0.9003306618119544,5.727668842591809,33.27689526479239,165.41209783538062,1.336824326676054,1.4992991306354575,0.59921485537824,0.2138926724972377,5.8,
4,TabPFN-V3,0.7,tail_log,50.0,20.0,20.0,7000,1,2000,900,9,2543,0.0,0.6758585146182566,0.6698852276990744,0.7587651610374451,4.368631601333618,25.02117729187012,126.7634522084772,1.339488411517204,1.5341320551265472,0.6222368232577284,6.70226143011961,6.0,
4,TabPFN-V3,0.7,evt_trim,0.0,20.0,20.0,7000,1,2000,900,0,421,0.0,0.6549811749998753,0.5842330646242082,1.2225974202156067,4.680741786956787,28.43501663208008,101.00454330444336,1.36953268922067,1.5221299362436835,0.6637831571219192,0.1060669190893699,5.9,
4,TabPFN-V3,0.7,sd_cap,1.2,20.0,20.0,7000,1,2000,900,1,2581,0.0,0.6778407872440003,0.6706663177046597,0.7733546495437622,4.469181776046753,25.40872383117676,121.40328216552734,1.338925601624954,1.5326320198984913,0.6085659807656003,0.1320064046202232,6.1,
4,TabPFN-V3,0.7,rank_emp,0.0,20.0,20.0,7000,1,2000,900,2001,3558,0.0,0.69987722356987,0.6978209667273111,0.8990321432766435,5.489184914898872,35.15330452965232,155.72833556750751,1.3364324480184824,1.4997416441649496,0.6148351497557559,1.8444273765719936,5.9,
4,TabPFN-V3,0.7,rank_gpd,0.0,20.0,20.0,7000,1,2000,900,2001,3546,0.0,0.7198690493310633,0.714247106861458,0.8990321432766435,5.489184914898872,33.88419198615974,178.7317445524239,1.3364324480184824,1.4988820499634006,0.615359119598474,0.2777251100453626,6.0,
4,TabPFN-V3,0.7,rank_gpd_trim,0.0,20.0,20.0,7000,1,2000,900,2001,3608,0.0,0.6564792234088634,0.6597173361130423,0.8990321432766435,5.489184914898872,31.682724668392037,131.14063083546176,1.3364324480184824,1.4978983905339749,0.5949084750039358,0.1756267202472409,6.0,
4,TabPFN-V3,0.7,rank_exp,0.0,20.0,20.0,7000,1,2000,900,2001,4500,0.0,0.715176876379531,0.7157084921809436,0.8051546835569289,5.2065766480769895,32.11719327751695,147.97998355786717,1.337411278055737,1.5021450217821413,0.602542319911528,0.2293545765418413,5.8,
4,TabPFN-V3,0.7,raw,0.0,20.0,20.0,8000,1,2000,900,0,735,0.0,-0.3071105260156388,-0.2169271346344238,2.2949639558792114,8.821473121643066,14.046344757080078,19.657633781433105,1.6753681938701412,1.8188140173957617,0.9188677732072252,0.628817675038852,5.9,
4,TabPFN-V3,0.7,robust,0.0,20.0,20.0,8000,1,2000,900,0,735,0.0,-0.3071103754857162,-0.2169270751814183,2.2949639860234647,8.821472821678665,14.046344666157424,19.65763327894384,1.6753681690362734,1.8188140006390656,0.9188677761189274,0.6288176731494021,6.0,
4,TabPFN-V3,0.7,clip,20.0,20.0,20.0,8000,1,2000,900,31,2672,0.0,0.5612812341771637,0.5657462601350326,0.8045922815799713,4.7484681606292725,24.40335750579834,48.50179290771485,1.42489604141504,1.7481101737475642,0.844059824628664,0.3782520778545448,6.6,
4,TabPFN-V3,0.7,clip,50.0,20.0,20.0,8000,1,2000,900,14,2623,0.0,0.6293476486754674,0.6232739104851319,0.8401748538017273,4.632271766662598,24.05000305175781,92.23543930053712,1.4235665044854358,1.748331740031478,0.7950373265952186,0.2724427441856625,5.6,
4,TabPFN-V3,0.7,clip,200.0,20.0,20.0,8000,1,2000,900,2,2583,0.0,0.585963948102278,0.5780396827884149,0.860068142414093,4.413544416427612,21.204242706298828,101.12952041625977,1.4254867672694935,1.7534116026314064,0.8215262418891799,0.2900802723299512,5.7,
4,TabPFN-V3,0.7,log,0.0,20.0,20.0,8000,1,2000,900,0,2733,0.0,0.6602288286415945,0.6530810870565631,0.9837219748201406,5.585228032690242,31.369511879998875,193.67102477754776,1.430421527376765,1.7465523414268809,0.7718083139663175,0.284171817505065,5.9,
4,TabPFN-V3,0.7,tail_log,50.0,20.0,20.0,8000,1,2000,900,14,2567,0.0,0.5830477121527207,0.573873461959769,0.8920600712299347,4.538467884063721,21.372553825378414,125.617147952854,1.4248076969577494,1.749818388709446,0.8632733407381936,591.5557462479336,5.9,
4,TabPFN-V3,0.7,evt_trim,0.0,20.0,20.0,8000,1,2000,900,0,735,0.0,-0.3071105260156388,-0.2169271346344238,2.2949639558792114,8.821473121643066,14.046344757080078,19.657633781433105,1.6753681938701412,1.8188140173957617,0.9188677732072252,0.628817675038852,5.9,
4,TabPFN-V3,0.7,sd_cap,1.2,20.0,20.0,8000,1,2000,900,2,2569,0.0,0.5721054088223065,0.5609116143497596,0.9105224013328552,4.630815982818604,20.81795597076416,109.9498291015625,1.425389306284106,1.7554640815915945,0.832928798979843,0.2981992667532517,5.8,
4,TabPFN-V3,0.7,rank_emp,0.0,20.0,20.0,8000,1,2000,900,2001,3558,0.0,0.6706345847882353,0.6628225724875243,0.9909267430849116,5.694577471918091,32.23255310884609,157.7857971239315,1.4286453353660795,1.741420836875659,0.8450684843236917,6.541904621009057,5.9,
4,TabPFN-V3,0.7,rank_gpd,0.0,20.0,20.0,8000,1,2000,900,2001,3653,0.0,0.658527437960417,0.6539863399406473,0.9909267430849116,5.694577471918091,31.739715574559504,254.34552443218968,1.4286453353660795,1.7418165461537056,0.8490893058428542,0.7211316004359969,6.2,
4,TabPFN-V3,0.7,rank_gpd_trim,0.0,20.0,20.0,8000,1,2000,900,2001,3709,0.0,0.6150694630237026,0.6153611080514793,0.9909267430849116,5.694577471918091,29.42952592379341,185.02355948891372,1.4286453353660795,1.7393912849626596,0.7967540326770495,0.4761630165109787,6.0,
4,TabPFN-V3,0.7,rank_exp,0.0,20.0,20.0,8000,1,2000,900,2001,4663,0.0,0.683524566561599,0.6808131196819004,0.8875316007795329,5.351271115751103,31.12732776660893,217.7059183914525,1.4253358300670445,1.7462357439339795,0.8346227818522692,1.0234039823131418,5.9,
6,TabPFN-V3,0.7,raw,0.0,1.0,1.0,7000,1,2000,900,0,2593,0.0,0.6785521080504298,0.6756922059724045,0.7197891175746918,4.334163904190064,25.18234920501709,109.4112548828125,1.3418887735093488,1.535293027636448,0.6078627536694666,0.1184667567973133,8.7,
6,TabPFN-V3,0.7,robust,0.0,1.0,1.0,7000,1,2000,900,0,2593,0.0,0.6785520687545585,0.6756922035670686,0.7197889339585859,4.334164043318063,25.182350304183693,109.41126454080069,1.3418887822800434,1.5352930210681577,0.607862759399264,0.1184667610959652,4.9,
6,TabPFN-V3,0.7,clip,20.0,1.0,1.0,7000,1,2000,900,31,2661,0.0,0.6491762069583942,0.6507334385201895,0.7262625098228455,4.567747116088867,26.726208686828613,54.32300567626953,1.340781711475687,1.5207553469806316,0.5936637894820822,0.1843348382217293,5.1,
6,TabPFN-V3,0.7,clip,50.0,1.0,1.0,7000,1,2000,900,8,2623,0.0,0.6844720243011689,0.6827514524094604,0.7449922561645508,4.547611951828003,27.015928268432617,90.5216941833496,1.3398045592795245,1.5275923398641589,0.5945399580187726,0.094946422845999,4.9,
6,TabPFN-V3,0.7,clip,200.0,1.0,1.0,7000,1,2000,900,0,2593,0.0,0.6785521080504298,0.6756922059724045,0.7197891175746918,4.334163904190064,25.18234920501709,109.4112548828125,1.3418887735093488,1.535293027636448,0.6078627536694666,0.1184667567973133,5.0,
6,TabPFN-V3,0.7,log,0.0,1.0,1.0,7000,1,2000,900,0,3254,0.0,0.6351007131333161,0.6415414472913505,0.8944517017526733,5.797580940501296,31.212054489574413,135.4122063074218,1.3368328689455045,1.4995004479533185,0.5913916841702868,0.1806130726970624,5.0,
6,TabPFN-V3,0.7,tail_log,50.0,1.0,1.0,7000,1,2000,900,8,2604,0.0,0.6847799459951069,0.6798618096594462,0.7380249500274658,4.425652027130127,25.54238605499268,101.80934866807736,1.3403650579152964,1.5338764694805516,0.6063907020325757,0.3086590281287096,4.9,
6,TabPFN-V3,0.7,evt_trim,0.0,1.0,1.0,7000,1,2000,900,0,2593,0.0,0.6785521080504298,0.6756922059724045,0.7197891175746918,4.334163904190064,25.18234920501709,109.4112548828125,1.3418887735093488,1.535293027636448,0.6078627536694666,0.1184667567973133,4.9,
6,TabPFN-V3,0.7,sd_cap,1.2,1.0,1.0,7000,1,2000,900,0,2593,0.0,0.6785521080504298,0.6756922059724045,0.7197891175746918,4.334163904190064,25.18234920501709,109.4112548828125,1.3418887735093488,1.535293027636448,0.6078627536694666,0.1184667567973133,4.9,
6,TabPFN-V3,0.7,rank_emp,0.0,1.0,1.0,7000,1,2000,900,2000,5001,0.0,0.6783877038011881,0.6785447940208945,0.890954068569447,5.440383004625371,34.762348000766906,147.04696972722576,1.3364833300505554,1.4992635114216823,0.6092473812558554,0.146310284095042,5.0,
6,TabPFN-V3,0.7,rank_gpd,0.0,1.0,1.0,7000,1,2000,900,2000,3607,0.0,0.6536726481658416,0.6573498114529251,0.890954068569447,5.440383004625371,31.18567140308534,130.14408070111568,1.3364833300505554,1.4980139844643954,0.5932016057341429,0.1797791025358167,5.0,
6,TabPFN-V3,0.7,rank_gpd_trim,0.0,1.0,1.0,7000,1,2000,900,2000,3634,0.0,0.6273520389393978,0.6333759085969641,0.890954068569447,5.440383004625371,30.321863207765396,116.67577201414676,1.3364833300505554,1.4977328454934329,0.5905912184793137,0.1534343151983628,5.1,
6,TabPFN-V3,0.7,rank_exp,0.0,1.0,1.0,7000,1,2000,900,2000,4541,0.0,0.6932271352590907,0.6949769838489414,0.800963345986013,5.194704492087737,31.031962878737883,127.2400543689144,1.337182249996396,1.502263818545556,0.597012916443143,0.197446178124171,5.0,
6,TabPFN-V3,0.7,raw,0.0,1.0,1.0,8000,1,2000,900,0,2531,0.0,0.5133320728253288,0.4813544338681042,1.014966368675232,5.21416449546814,19.570232391357425,77.88239669799805,1.4280384661371492,1.7492246749009832,0.8259084969671677,0.3387127553224592,5.1,
6,TabPFN-V3,0.7,robust,0.0,1.0,1.0,8000,1,2000,900,0,2531,0.0,0.5133320989920441,0.4813543717332963,1.014966799102238,5.2141649711683895,19.570231979190886,77.88238931149077,1.4280384820386431,1.7492246638287914,0.8259084984591272,0.338712768169914,5.0,
6,TabPFN-V3,0.7,clip,20.0,1.0,1.0,8000,1,2000,900,30,2673,0.0,0.5506201439250477,0.5547412911482603,0.8119596838951111,4.700482368469238,23.52703189849853,47.10659217834473,1.424565689326898,1.7492156509680463,0.8482393742803399,0.3816529193449724,5.0,
6,TabPFN-V3,0.7,clip,50.0,1.0,1.0,8000,1,2000,900,13,2624,0.0,0.6154709722754654,0.6088605996207973,0.8483711779117584,4.588356971740723,22.95718097686768,85.62765884399414,1.4234762093662467,1.7504514729080969,0.8060185678471408,0.2725931804609327,5.0,
6,TabPFN-V3,0.7,clip,200.0,1.0,1.0,8000,1,2000,900,1,2590,0.0,0.5801453985696894,0.5738752845521679,0.8565556704998016,4.48425030708313,21.15946578979492,95.91299057006836,1.42497087233347,1.755651186549068,0.8203211787557322,0.28504328703303,4.8,
6,TabPFN-V3,0.7,log,0.0,1.0,1.0,8000,1,2000,900,0,2754,0.0,0.6268121571168629,0.6232488529891336,0.9819604504283028,5.590247678655306,29.209220125532088,139.96013254249607,1.4304181193237355,1.7481447554059844,0.7672087042928285,0.2736387795445596,5.0,
6,TabPFN-V3,0.7,tail_log,50.0,1.0,1.0,8000,1,2000,900,13,2589,0.0,0.5825975343814437,0.5769558666506611,0.8679653406143188,4.425155162811279,21.11600399017334,98.82145220685464,1.4244050399016746,1.7547581785532622,0.8362881456424448,42.61850299229931,4.9,
6,TabPFN-V3,0.7,evt_trim,0.0,1.0,1.0,8000,1,2000,900,0,2531,0.0,0.5133320728253288,0.4813544338681042,1.014966368675232,5.21416449546814,19.570232391357425,77.88239669799805,1.4280384661371492,1.7492246749009832,0.8259084969671677,0.3387127553224592,5.0,
6,TabPFN-V3,0.7,sd_cap,1.2,1.0,1.0,8000,1,2000,900,1,2588,0.0,0.5776487842651152,0.5707537198617015,0.8566751778125763,4.475179195404053,21.063342094421387,93.492919921875,1.425055566557887,1.7561696957459556,0.8224711156781235,0.2855136919069839,5.1,
6,TabPFN-V3,0.7,rank_emp,0.0,1.0,1.0,8000,1,2000,900,2000,5001,0.0,0.642747406195211,0.6369492513493312,0.9931143507343252,5.561846957342981,31.83381350332337,137.93359481143483,1.428760415411945,1.7417758963742744,0.7982609119838654,0.4839790127909411,5.1,
6,TabPFN-V3,0.7,rank_gpd,0.0,1.0,1.0,8000,1,2000,900,2000,3703,0.0,0.6062545142363747,0.605354758757,0.9931143507343252,5.561846957342981,28.240411179142438,169.5658272521281,1.428760415411945,1.7415718111352447,0.8064743842279327,0.4749766578293381,5.2,
6,TabPFN-V3,0.7,rank_gpd_trim,0.0,1.0,1.0,8000,1,2000,900,2000,3741,0.0,0.5812365476037081,0.5837273242785935,0.9931143507343252,5.561846957342981,27.117792520258533,142.65150972732965,1.428760415411945,1.740074499079832,0.790838349757419,0.3874948321175476,5.0,
6,TabPFN-V3,0.7,rank_exp,0.0,1.0,1.0,8000,1,2000,900,2000,4718,0.0,0.6439500870250521,0.6440257273355863,0.8868003327662684,5.285895620763776,28.792976456420107,163.11900184340865,1.425158191874765,1.746455306875697,0.814308445683758,0.8522656679020725,5.0,
6,TabPFN-V3,0.7,raw,0.0,20.0,20.0,7000,1,2000,900,0,421,0.0,0.6516007144412214,0.564347883044625,1.315510332584381,4.798819303512573,28.43842887878418,96.52521896362305,1.372590125704229,1.5094330314934234,0.6374129430619643,0.1042732233650945,5.0,
6,TabPFN-V3,0.7,robust,0.0,20.0,20.0,7000,1,2000,900,0,421,0.0,0.6516007484402734,0.5643478804788934,1.3155113486956551,4.798819631110044,28.438429983497272,96.52521477403512,1.372590210836361,1.509433021532752,0.6374129330547067,0.1042732169674718,5.0,
6,TabPFN-V3,0.7,clip,20.0,20.0,20.0,7000,1,2000,900,32,2661,0.0,0.652188013827964,0.6541717558266409,0.7210943698883057,4.6086790561676025,27.217924118041992,54.35065841674805,1.3405605822012832,1.5230060318697574,0.5957765177811171,0.1833641772745654,5.0,
6,TabPFN-V3,0.7,clip,50.0,20.0,20.0,7000,1,2000,900,9,2621,0.0,0.6964564528094124,0.6934542383079308,0.7492466270923615,4.559610605239868,27.609158515930176,94.61725234985352,1.3399299747029412,1.5305585300478763,0.594697918429557,0.0986146804724265,5.0,
6,TabPFN-V3,0.7,clip,200.0,20.0,20.0,7000,1,2000,900,1,2582,0.0,0.6798562756370001,0.6722523573812257,0.7810800671577454,4.496001958847046,25.37521171569824,122.23626327514648,1.3383508663978845,1.534157637000763,0.6089579555909297,0.1316200609842402,5.0,
6,TabPFN-V3,0.7,log,0.0,20.0,20.0,7000,1,2000,900,0,3238,0.0,0.6696788772870318,0.6727666742949495,0.9013910003731896,5.805718314410688,33.605317713662664,165.56755379229418,1.3362923355263543,1.500287639007194,0.5984769476076937,0.2215413625440355,5.0,
6,TabPFN-V3,0.7,tail_log,50.0,20.0,20.0,7000,1,2000,900,9,2543,0.0,0.6766007870848927,0.6693167333582488,0.7643661499023438,4.391186237335205,24.73530960083008,126.7099696507628,1.3387244787318089,1.5356155624304233,0.6248782552392792,13.86481489123196,4.9,
6,TabPFN-V3,0.7,evt_trim,0.0,20.0,20.0,7000,1,2000,900,0,421,0.0,0.6516007144412214,0.564347883044625,1.315510332584381,4.798819303512573,28.43842887878418,96.52521896362305,1.372590125704229,1.5094330314934234,0.6374129430619643,0.1042732233650945,5.0,
6,TabPFN-V3,0.7,sd_cap,1.2,20.0,20.0,7000,1,2000,900,1,2581,0.0,0.6783556620294909,0.6707218554857579,0.7782337069511414,4.476212024688721,25.243678092956543,121.35905075073242,1.338537892993646,1.534239500240289,0.6084433139351136,0.132343992317994,5.0,
6,TabPFN-V3,0.7,rank_emp,0.0,20.0,20.0,7000,1,2000,900,2001,3558,0.0,0.6990538167301757,0.6970353467217573,0.9007178847523178,5.532068597204025,35.652640967186706,155.6435375742534,1.336019387682087,1.499954913886626,0.6048841402450279,1.833298012005494,4.9,
6,TabPFN-V3,0.7,rank_gpd,0.0,20.0,20.0,7000,1,2000,900,2001,3546,0.0,0.7213626292952011,0.71519526643308,0.9007178847523178,5.532068597204025,34.63158239554563,177.90501490674075,1.336019387682087,1.499470678255768,0.6118956800931347,0.2769455877294241,5.0,
6,TabPFN-V3,0.7,rank_gpd_trim,0.0,20.0,20.0,7000,1,2000,900,2001,3608,0.0,0.6535860607893599,0.657195001288616,0.9007178847523178,5.532068597204025,32.30052893157661,130.63495682091906,1.336019387682087,1.4986831036475063,0.5933805697067067,0.1746361876598863,4.9,
6,TabPFN-V3,0.7,rank_exp,0.0,20.0,20.0,7000,1,2000,900,2001,4500,0.0,0.7122864197527757,0.7131793510785146,0.8048554799794495,5.252248289421245,33.00308432994722,150.8102879213875,1.336986055883223,1.5041620633522517,0.6068241992267566,0.2300171626363032,5.1,
6,TabPFN-V3,0.7,raw,0.0,20.0,20.0,8000,1,2000,900,0,735,0.0,-0.3062100420841976,-0.2187508917333601,2.337280869483948,8.82412338256836,14.081745147705078,19.83880615234375,1.6760105378454353,1.813059624930806,0.954037453056534,0.5964447906670214,5.1,
6,TabPFN-V3,0.7,robust,0.0,20.0,20.0,8000,1,2000,900,0,735,0.0,-0.3062098794971201,-0.2187509166355292,2.3372808244279595,8.82412221844887,14.081744935530782,19.83880711162205,1.6760105051124707,1.8130596084846275,0.9540374542390704,0.5964447800463716,4.9,
6,TabPFN-V3,0.7,clip,20.0,20.0,20.0,8000,1,2000,900,31,2672,0.0,0.5608156841515912,0.5649217029678564,0.7956727147102356,4.732085943222046,24.231637954711918,48.9498233795166,1.4251227203449526,1.7498072576273245,0.8469783503509557,0.3802865096013455,5.1,
6,TabPFN-V3,0.7,clip,50.0,20.0,20.0,8000,1,2000,900,14,2623,0.0,0.6241307391993703,0.6193177735169804,0.8378466665744781,4.624390602111816,23.764832496643063,92.09555435180664,1.4238455681852091,1.7497930109976247,0.8049521521035482,0.275186232623527,5.0,
6,TabPFN-V3,0.7,clip,200.0,20.0,20.0,8000,1,2000,900,2,2583,0.0,0.5868711287702881,0.5771180630111812,0.8584182560443878,4.410268545150757,21.56754493713379,101.12631225585938,1.4254383362218994,1.7544947085703486,0.8248210371370162,0.2893084319801179,5.0,
6,TabPFN-V3,0.7,log,0.0,20.0,20.0,8000,1,2000,900,0,2733,0.0,0.6570370713396906,0.6511489232881187,0.9834354727747844,5.605948940435649,31.286979179044508,188.41046436205303,1.4308615604850432,1.7481869879551537,0.7684559930646692,0.2830691859558634,5.1,
6,TabPFN-V3,0.7,tail_log,50.0,20.0,20.0,8000,1,2000,900,14,2567,0.0,0.5833724986214427,0.5747236043752946,0.8858903050422668,4.537355661392212,21.678309440612797,120.65586423760696,1.4245208036173078,1.7527158173942103,0.8703341648375443,844.4081636063829,5.0,
6,TabPFN-V3,0.7,evt_trim,0.0,20.0,20.0,8000,1,2000,900,0,735,0.0,-0.3062100420841976,-0.2187508917333601,2.337280869483948,8.82412338256836,14.081745147705078,19.83880615234375,1.6760105378454353,1.813059624930806,0.954037453056534,0.5964447906670214,4.9,
6,TabPFN-V3,0.7,sd_cap,1.2,20.0,20.0,8000,1,2000,900,2,2569,0.0,0.5720632209415244,0.5646428498029521,0.903547465801239,4.627161741256714,20.92201137542725,107.04529190063477,1.42498632915537,1.7557378008530355,0.8353429057886114,0.2999471999227225,4.9,
6,TabPFN-V3,0.7,rank_emp,0.0,20.0,20.0,8000,1,2000,900,2001,3558,0.0,0.6681329373572964,0.6604531093661299,0.98849156599978,5.618849321321671,32.15511555505216,155.7933456889981,1.4290266017091775,1.7426146767548087,0.8435612717822943,6.395242992773146,4.8,
6,TabPFN-V3,0.7,rank_gpd,0.0,20.0,20.0,8000,1,2000,900,2001,3653,0.0,0.658463203512274,0.6538371237980048,0.98849156599978,5.618849321321671,31.03100919038569,242.08247085189737,1.4290266017091775,1.7434105451642103,0.8436224220593406,0.6956003393660118,5.1,
6,TabPFN-V3,0.7,rank_gpd_trim,0.0,20.0,20.0,8000,1,2000,900,2001,3709,0.0,0.6134728369086638,0.6132562430184744,0.98849156599978,5.618849321321671,28.83775917767332,177.17852663945587,1.4290266017091775,1.740815053277524,0.7932651553750436,0.4643733086664719,5.0,
6,TabPFN-V3,0.7,rank_exp,0.0,20.0,20.0,8000,1,2000,900,2001,4663,0.0,0.6780294080199057,0.676175223165245,0.8777753752150967,5.307089397915174,31.11100463416448,204.4108631026467,1.4253075787560052,1.7477999549839291,0.8353069034693458,1.0631682628957098,5.1,
10,TabPFN-V3,0.7,raw,0.0,1.0,1.0,7000,1,2000,900,0,2593,0.0,0.6785521080504298,0.6756922059724045,0.7197891175746918,4.334163904190064,25.18234920501709,109.4112548828125,1.3418887735093488,1.535293027636448,0.6078627536694666,0.1184667567973133,12.0,
10,TabPFN-V3,0.7,robust,0.0,1.0,1.0,7000,1,2000,900,0,2593,0.0,0.6785520687545585,0.6756922035670686,0.7197889339585859,4.334164043318063,25.182350304183693,109.41126454080069,1.3418887822800434,1.5352930210681577,0.607862759399264,0.1184667610959652,4.1,
10,TabPFN-V3,0.7,clip,20.0,1.0,1.0,7000,1,2000,900,31,2661,0.0,0.6491762069583942,0.6507334385201895,0.7262625098228455,4.567747116088867,26.726208686828613,54.32300567626953,1.340781711475687,1.5207553469806316,0.5936637894820822,0.1843348382217293,4.5,
10,TabPFN-V3,0.7,clip,50.0,1.0,1.0,7000,1,2000,900,8,2623,0.0,0.6844720243011689,0.6827514524094604,0.7449922561645508,4.547611951828003,27.015928268432617,90.5216941833496,1.3398045592795245,1.5275923398641589,0.5945399580187726,0.094946422845999,4.8,
10,TabPFN-V3,0.7,clip,200.0,1.0,1.0,7000,1,2000,900,0,2593,0.0,0.6785521080504298,0.6756922059724045,0.7197891175746918,4.334163904190064,25.18234920501709,109.4112548828125,1.3418887735093488,1.535293027636448,0.6078627536694666,0.1184667567973133,4.9,
10,TabPFN-V3,0.7,log,0.0,1.0,1.0,7000,1,2000,900,0,3254,0.0,0.6351007131333161,0.6415414472913505,0.8944517017526733,5.797580940501296,31.212054489574413,135.4122063074218,1.3368328689455045,1.4995004479533185,0.5913916841702868,0.1806130726970624,4.6,
10,TabPFN-V3,0.7,tail_log,50.0,1.0,1.0,7000,1,2000,900,8,2604,0.0,0.6847799459951069,0.6798618096594462,0.7380249500274658,4.425652027130127,25.54238605499268,101.80934866807736,1.3403650579152964,1.5338764694805516,0.6063907020325757,0.3086590281287096,4.7,
10,TabPFN-V3,0.7,evt_trim,0.0,1.0,1.0,7000,1,2000,900,0,2593,0.0,0.6785521080504298,0.6756922059724045,0.7197891175746918,4.334163904190064,25.18234920501709,109.4112548828125,1.3418887735093488,1.535293027636448,0.6078627536694666,0.1184667567973133,4.5,
10,TabPFN-V3,0.7,sd_cap,1.2,1.0,1.0,7000,1,2000,900,0,2593,0.0,0.6785521080504298,0.6756922059724045,0.7197891175746918,4.334163904190064,25.18234920501709,109.4112548828125,1.3418887735093488,1.535293027636448,0.6078627536694666,0.1184667567973133,4.4,
10,TabPFN-V3,0.7,rank_emp,0.0,1.0,1.0,7000,1,2000,900,2000,5001,0.0,0.6783877038011881,0.6785447940208945,0.890954068569447,5.440383004625371,34.762348000766906,147.04696972722576,1.3364833300505554,1.4992635114216823,0.6092473812558554,0.146310284095042,4.1,
10,TabPFN-V3,0.7,rank_gpd,0.0,1.0,1.0,7000,1,2000,900,2000,3607,0.0,0.6536726481658416,0.6573498114529251,0.890954068569447,5.440383004625371,31.18567140308534,130.14408070111568,1.3364833300505554,1.4980139844643954,0.5932016057341429,0.1797791025358167,4.1,
10,TabPFN-V3,0.7,rank_gpd_trim,0.0,1.0,1.0,7000,1,2000,900,2000,3634,0.0,0.6273520389393978,0.6333759085969641,0.890954068569447,5.440383004625371,30.321863207765396,116.67577201414676,1.3364833300505554,1.4977328454934329,0.5905912184793137,0.1534343151983628,3.9,
10,TabPFN-V3,0.7,rank_exp,0.0,1.0,1.0,7000,1,2000,900,2000,4541,0.0,0.6932271352590907,0.6949769838489414,0.800963345986013,5.194704492087737,31.031962878737883,127.2400543689144,1.337182249996396,1.502263818545556,0.597012916443143,0.197446178124171,4.0,
10,TabPFN-V3,0.7,raw,0.0,1.0,1.0,8000,1,2000,900,0,2531,0.0,0.5133320728253288,0.4813544338681042,1.014966368675232,5.21416449546814,19.570232391357425,77.88239669799805,1.4280384661371492,1.7492246749009832,0.8259084969671677,0.3387127553224592,4.6,
10,TabPFN-V3,0.7,robust,0.0,1.0,1.0,8000,1,2000,900,0,2531,0.0,0.5133320989920441,0.4813543717332963,1.014966799102238,5.2141649711683895,19.570231979190886,77.88238931149077,1.4280384820386431,1.7492246638287914,0.8259084984591272,0.338712768169914,4.4,
10,TabPFN-V3,0.7,clip,20.0,1.0,1.0,8000,1,2000,900,30,2673,0.0,0.5506201439250477,0.5547412911482603,0.8119596838951111,4.700482368469238,23.52703189849853,47.10659217834473,1.424565689326898,1.7492156509680463,0.8482393742803399,0.3816529193449724,4.5,
10,TabPFN-V3,0.7,clip,50.0,1.0,1.0,8000,1,2000,900,13,2624,0.0,0.6154709722754654,0.6088605996207973,0.8483711779117584,4.588356971740723,22.95718097686768,85.62765884399414,1.4234762093662467,1.7504514729080969,0.8060185678471408,0.2725931804609327,4.3,
10,TabPFN-V3,0.7,clip,200.0,1.0,1.0,8000,1,2000,900,1,2590,0.0,0.5801453985696894,0.5738752845521679,0.8565556704998016,4.48425030708313,21.15946578979492,95.91299057006836,1.42497087233347,1.755651186549068,0.8203211787557322,0.28504328703303,4.5,
10,TabPFN-V3,0.7,log,0.0,1.0,1.0,8000,1,2000,900,0,2754,0.0,0.6268121571168629,0.6232488529891336,0.9819604504283028,5.590247678655306,29.209220125532088,139.96013254249607,1.4304181193237355,1.7481447554059844,0.7672087042928285,0.2736387795445596,5.0,
10,TabPFN-V3,0.7,tail_log,50.0,1.0,1.0,8000,1,2000,900,13,2589,0.0,0.5825975343814437,0.5769558666506611,0.8679653406143188,4.425155162811279,21.11600399017334,98.82145220685464,1.4244050399016746,1.7547581785532622,0.8362881456424448,42.61850299229931,4.7,
10,TabPFN-V3,0.7,evt_trim,0.0,1.0,1.0,8000,1,2000,900,0,2531,0.0,0.5133320728253288,0.4813544338681042,1.014966368675232,5.21416449546814,19.570232391357425,77.88239669799805,1.4280384661371492,1.7492246749009832,0.8259084969671677,0.3387127553224592,4.8,
10,TabPFN-V3,0.7,sd_cap,1.2,1.0,1.0,8000,1,2000,900,1,2588,0.0,0.5776487842651152,0.5707537198617015,0.8566751778125763,4.475179195404053,21.063342094421387,93.492919921875,1.425055566557887,1.7561696957459556,0.8224711156781235,0.2855136919069839,5.2,
10,TabPFN-V3,0.7,rank_emp,0.0,1.0,1.0,8000,1,2000,900,2000,5001,0.0,0.642747406195211,0.6369492513493312,0.9931143507343252,5.561846957342981,31.83381350332337,137.93359481143483,1.428760415411945,1.7417758963742744,0.7982609119838654,0.4839790127909411,4.6,
10,TabPFN-V3,0.7,rank_gpd,0.0,1.0,1.0,8000,1,2000,900,2000,3703,0.0,0.6062545142363747,0.605354758757,0.9931143507343252,5.561846957342981,28.240411179142438,169.5658272521281,1.428760415411945,1.7415718111352447,0.8064743842279327,0.4749766578293381,4.7,
10,TabPFN-V3,0.7,rank_gpd_trim,0.0,1.0,1.0,8000,1,2000,900,2000,3741,0.0,0.5812365476037081,0.5837273242785935,0.9931143507343252,5.561846957342981,27.117792520258533,142.65150972732965,1.428760415411945,1.740074499079832,0.790838349757419,0.3874948321175476,4.5,
10,TabPFN-V3,0.7,rank_exp,0.0,1.0,1.0,8000,1,2000,900,2000,4718,0.0,0.6439500870250521,0.6440257273355863,0.8868003327662684,5.285895620763776,28.792976456420107,163.11900184340865,1.425158191874765,1.746455306875697,0.814308445683758,0.8522656679020725,4.6,
10,TabPFN-V3,0.7,raw,0.0,20.0,20.0,7000,1,2000,900,0,421,0.0,0.6516007144412214,0.564347883044625,1.315510332584381,4.798819303512573,28.43842887878418,96.52521896362305,1.372590125704229,1.5094330314934234,0.6374129430619643,0.1042732233650945,4.4,
10,TabPFN-V3,0.7,robust,0.0,20.0,20.0,7000,1,2000,900,0,421,0.0,0.6516007484402734,0.5643478804788934,1.3155113486956551,4.798819631110044,28.438429983497272,96.52521477403512,1.372590210836361,1.509433021532752,0.6374129330547067,0.1042732169674718,4.4,
10,TabPFN-V3,0.7,clip,20.0,20.0,20.0,7000,1,2000,900,32,2661,0.0,0.652188013827964,0.6541717558266409,0.7210943698883057,4.6086790561676025,27.217924118041992,54.35065841674805,1.3405605822012832,1.5230060318697574,0.5957765177811171,0.1833641772745654,4.5,
10,TabPFN-V3,0.7,clip,50.0,20.0,20.0,7000,1,2000,900,9,2621,0.0,0.6964564528094124,0.6934542383079308,0.7492466270923615,4.559610605239868,27.609158515930176,94.61725234985352,1.3399299747029412,1.5305585300478763,0.594697918429557,0.0986146804724265,4.5,
10,TabPFN-V3,0.7,clip,200.0,20.0,20.0,7000,1,2000,900,1,2582,0.0,0.6798562756370001,0.6722523573812257,0.7810800671577454,4.496001958847046,25.37521171569824,122.23626327514648,1.3383508663978845,1.534157637000763,0.6089579555909297,0.1316200609842402,5.1,
10,TabPFN-V3,0.7,log,0.0,20.0,20.0,7000,1,2000,900,0,3238,0.0,0.6696788772870318,0.6727666742949495,0.9013910003731896,5.805718314410688,33.605317713662664,165.56755379229418,1.3362923355263543,1.500287639007194,0.5984769476076937,0.2215413625440355,4.5,
10,TabPFN-V3,0.7,tail_log,50.0,20.0,20.0,7000,1,2000,900,9,2543,0.0,0.6766007870848927,0.6693167333582488,0.7643661499023438,4.391186237335205,24.73530960083008,126.7099696507628,1.3387244787318089,1.5356155624304233,0.6248782552392792,13.86481489123196,3.9,
10,TabPFN-V3,0.7,evt_trim,0.0,20.0,20.0,7000,1,2000,900,0,421,0.0,0.6516007144412214,0.564347883044625,1.315510332584381,4.798819303512573,28.43842887878418,96.52521896362305,1.372590125704229,1.5094330314934234,0.6374129430619643,0.1042732233650945,4.1,
10,TabPFN-V3,0.7,sd_cap,1.2,20.0,20.0,7000,1,2000,900,1,2581,0.0,0.6783556620294909,0.6707218554857579,0.7782337069511414,4.476212024688721,25.243678092956543,121.35905075073242,1.338537892993646,1.534239500240289,0.6084433139351136,0.132343992317994,4.1,
10,TabPFN-V3,0.7,rank_emp,0.0,20.0,20.0,7000,1,2000,900,2001,3558,0.0,0.6990538167301757,0.6970353467217573,0.9007178847523178,5.532068597204025,35.652640967186706,155.6435375742534,1.336019387682087,1.499954913886626,0.6048841402450279,1.833298012005494,3.9,
10,TabPFN-V3,0.7,rank_gpd,0.0,20.0,20.0,7000,1,2000,900,2001,3546,0.0,0.7213626292952011,0.71519526643308,0.9007178847523178,5.532068597204025,34.63158239554563,177.90501490674075,1.336019387682087,1.499470678255768,0.6118956800931347,0.2769455877294241,4.0,
10,TabPFN-V3,0.7,rank_gpd_trim,0.0,20.0,20.0,7000,1,2000,900,2001,3608,0.0,0.6535860607893599,0.657195001288616,0.9007178847523178,5.532068597204025,32.30052893157661,130.63495682091906,1.336019387682087,1.4986831036475063,0.5933805697067067,0.1746361876598863,4.5,
10,TabPFN-V3,0.7,rank_exp,0.0,20.0,20.0,7000,1,2000,900,2001,4500,0.0,0.7122864197527757,0.7131793510785146,0.8048554799794495,5.252248289421245,33.00308432994722,150.8102879213875,1.336986055883223,1.5041620633522517,0.6068241992267566,0.2300171626363032,4.4,
10,TabPFN-V3,0.7,raw,0.0,20.0,20.0,8000,1,2000,900,0,735,0.0,-0.3062100420841976,-0.2187508917333601,2.337280869483948,8.82412338256836,14.081745147705078,19.83880615234375,1.6760105378454353,1.813059624930806,0.954037453056534,0.5964447906670214,4.9,
10,TabPFN-V3,0.7,robust,0.0,20.0,20.0,8000,1,2000,900,0,735,0.0,-0.3062098794971201,-0.2187509166355292,2.3372808244279595,8.82412221844887,14.081744935530782,19.83880711162205,1.6760105051124707,1.8130596084846275,0.9540374542390704,0.5964447800463716,4.9,
10,TabPFN-V3,0.7,clip,20.0,20.0,20.0,8000,1,2000,900,31,2672,0.0,0.5608156841515912,0.5649217029678564,0.7956727147102356,4.732085943222046,24.231637954711918,48.9498233795166,1.4251227203449526,1.7498072576273245,0.8469783503509557,0.3802865096013455,5.1,
10,TabPFN-V3,0.7,clip,50.0,20.0,20.0,8000,1,2000,900,14,2623,0.0,0.6241307391993703,0.6193177735169804,0.8378466665744781,4.624390602111816,23.764832496643063,92.09555435180664,1.4238455681852091,1.7497930109976247,0.8049521521035482,0.275186232623527,5.2,
10,TabPFN-V3,0.7,clip,200.0,20.0,20.0,8000,1,2000,900,2,2583,0.0,0.5868711287702881,0.5771180630111812,0.8584182560443878,4.410268545150757,21.56754493713379,101.12631225585938,1.4254383362218994,1.7544947085703486,0.8248210371370162,0.2893084319801179,4.9,
10,TabPFN-V3,0.7,log,0.0,20.0,20.0,8000,1,2000,900,0,2733,0.0,0.6570370713396906,0.6511489232881187,0.9834354727747844,5.605948940435649,31.286979179044508,188.41046436205303,1.4308615604850432,1.7481869879551537,0.7684559930646692,0.2830691859558634,5.1,
10,TabPFN-V3,0.7,tail_log,50.0,20.0,20.0,8000,1,2000,900,14,2567,0.0,0.5833724986214427,0.5747236043752946,0.8858903050422668,4.537355661392212,21.678309440612797,120.65586423760696,1.4245208036173078,1.7527158173942103,0.8703341648375443,844.4081636063829,4.9,
10,TabPFN-V3,0.7,evt_trim,0.0,20.0,20.0,8000,1,2000,900,0,735,0.0,-0.3062100420841976,-0.2187508917333601,2.337280869483948,8.82412338256836,14.081745147705078,19.83880615234375,1.6760105378454353,1.813059624930806,0.954037453056534,0.5964447906670214,5.1,
10,TabPFN-V3,0.7,sd_cap,1.2,20.0,20.0,8000,1,2000,900,2,2569,0.0,0.5720632209415244,0.5646428498029521,0.903547465801239,4.627161741256714,20.92201137542725,107.04529190063477,1.42498632915537,1.7557378008530355,0.8353429057886114,0.2999471999227225,4.9,
10,TabPFN-V3,0.7,rank_emp,0.0,20.0,20.0,8000,1,2000,900,2001,3558,0.0,0.6681329373572964,0.6604531093661299,0.98849156599978,5.618849321321671,32.15511555505216,155.7933456889981,1.4290266017091775,1.7426146767548087,0.8435612717822943,6.395242992773146,5.0,
10,TabPFN-V3,0.7,rank_gpd,0.0,20.0,20.0,8000,1,2000,900,2001,3653,0.0,0.658463203512274,0.6538371237980048,0.98849156599978,5.618849321321671,31.03100919038569,242.08247085189737,1.4290266017091775,1.7434105451642103,0.8436224220593406,0.6956003393660118,5.0,
10,TabPFN-V3,0.7,rank_gpd_trim,0.0,20.0,20.0,8000,1,2000,900,2001,3709,0.0,0.6134728369086638,0.6132562430184744,0.98849156599978,5.618849321321671,28.83775917767332,177.17852663945587,1.4290266017091775,1.740815053277524,0.7932651553750436,0.4643733086664719,4.9,
10,TabPFN-V3,0.7,rank_exp,0.0,20.0,20.0,8000,1,2000,900,2001,4663,0.0,0.6780294080199057,0.676175223165245,0.8777753752150967,5.307089397915174,31.11100463416448,204.4108631026467,1.4253075787560052,1.7477999549839291,0.8353069034693458,1.0631682628957098,4.8,
12,TabPFN-V3,0.7,raw,0.0,1.0,1.0,7000,1,2000,900,0,2593,0.0,0.6785521080504298,0.6756922059724045,0.7197891175746918,4.334163904190064,25.18234920501709,109.4112548828125,1.3418887735093488,1.535293027636448,0.6078627536694666,0.1184667567973133,8.8,
12,TabPFN-V3,0.7,robust,0.0,1.0,1.0,7000,1,2000,900,0,2593,0.0,0.6785520687545585,0.6756922035670686,0.7197889339585859,4.334164043318063,25.182350304183693,109.41126454080069,1.3418887822800434,1.5352930210681577,0.607862759399264,0.1184667610959652,5.1,
12,TabPFN-V3,0.7,clip,20.0,1.0,1.0,7000,1,2000,900,31,2661,0.0,0.6491762069583942,0.6507334385201895,0.7262625098228455,4.567747116088867,26.726208686828613,54.32300567626953,1.340781711475687,1.5207553469806316,0.5936637894820822,0.1843348382217293,5.0,
12,TabPFN-V3,0.7,clip,50.0,1.0,1.0,7000,1,2000,900,8,2623,0.0,0.6844720243011689,0.6827514524094604,0.7449922561645508,4.547611951828003,27.015928268432617,90.5216941833496,1.3398045592795245,1.5275923398641589,0.5945399580187726,0.094946422845999,5.1,
12,TabPFN-V3,0.7,clip,200.0,1.0,1.0,7000,1,2000,900,0,2593,0.0,0.6785521080504298,0.6756922059724045,0.7197891175746918,4.334163904190064,25.18234920501709,109.4112548828125,1.3418887735093488,1.535293027636448,0.6078627536694666,0.1184667567973133,5.1,
12,TabPFN-V3,0.7,log,0.0,1.0,1.0,7000,1,2000,900,0,3254,0.0,0.6351007131333161,0.6415414472913505,0.8944517017526733,5.797580940501296,31.212054489574413,135.4122063074218,1.3368328689455045,1.4995004479533185,0.5913916841702868,0.1806130726970624,5.0,
12,TabPFN-V3,0.7,tail_log,50.0,1.0,1.0,7000,1,2000,900,8,2604,0.0,0.6847799459951069,0.6798618096594462,0.7380249500274658,4.425652027130127,25.54238605499268,101.80934866807736,1.3403650579152964,1.5338764694805516,0.6063907020325757,0.3086590281287096,4.9,
12,TabPFN-V3,0.7,evt_trim,0.0,1.0,1.0,7000,1,2000,900,0,2593,0.0,0.6785521080504298,0.6756922059724045,0.7197891175746918,4.334163904190064,25.18234920501709,109.4112548828125,1.3418887735093488,1.535293027636448,0.6078627536694666,0.1184667567973133,4.9,
12,TabPFN-V3,0.7,sd_cap,1.2,1.0,1.0,7000,1,2000,900,0,2593,0.0,0.6785521080504298,0.6756922059724045,0.7197891175746918,4.334163904190064,25.18234920501709,109.4112548828125,1.3418887735093488,1.535293027636448,0.6078627536694666,0.1184667567973133,5.0,
12,TabPFN-V3,0.7,rank_emp,0.0,1.0,1.0,7000,1,2000,900,2000,5001,0.0,0.6783877038011881,0.6785447940208945,0.890954068569447,5.440383004625371,34.762348000766906,147.04696972722576,1.3364833300505554,1.4992635114216823,0.6092473812558554,0.146310284095042,4.8,
12,TabPFN-V3,0.7,rank_gpd,0.0,1.0,1.0,7000,1,2000,900,2000,3607,0.0,0.6536726481658416,0.6573498114529251,0.890954068569447,5.440383004625371,31.18567140308534,130.14408070111568,1.3364833300505554,1.4980139844643954,0.5932016057341429,0.1797791025358167,4.2,
12,TabPFN-V3,0.7,rank_gpd_trim,0.0,1.0,1.0,7000,1,2000,900,2000,3634,0.0,0.6273520389393978,0.6333759085969641,0.890954068569447,5.440383004625371,30.321863207765396,116.67577201414676,1.3364833300505554,1.4977328454934329,0.5905912184793137,0.1534343151983628,5.3,
12,TabPFN-V3,0.7,rank_exp,0.0,1.0,1.0,7000,1,2000,900,2000,4541,0.0,0.6932271352590907,0.6949769838489414,0.800963345986013,5.194704492087737,31.031962878737883,127.2400543689144,1.337182249996396,1.502263818545556,0.597012916443143,0.197446178124171,5.9,
12,TabPFN-V3,0.7,raw,0.0,1.0,1.0,8000,1,2000,900,0,2531,0.0,0.5133320728253288,0.4813544338681042,1.014966368675232,5.21416449546814,19.570232391357425,77.88239669799805,1.4280384661371492,1.7492246749009832,0.8259084969671677,0.3387127553224592,5.3,
12,TabPFN-V3,0.7,robust,0.0,1.0,1.0,8000,1,2000,900,0,2531,0.0,0.5133320989920441,0.4813543717332963,1.014966799102238,5.2141649711683895,19.570231979190886,77.88238931149077,1.4280384820386431,1.7492246638287914,0.8259084984591272,0.338712768169914,4.7,
12,TabPFN-V3,0.7,clip,20.0,1.0,1.0,8000,1,2000,900,30,2673,0.0,0.5506201439250477,0.5547412911482603,0.8119596838951111,4.700482368469238,23.52703189849853,47.10659217834473,1.424565689326898,1.7492156509680463,0.8482393742803399,0.3816529193449724,4.5,
12,TabPFN-V3,0.7,clip,50.0,1.0,1.0,8000,1,2000,900,13,2624,0.0,0.6154709722754654,0.6088605996207973,0.8483711779117584,4.588356971740723,22.95718097686768,85.62765884399414,1.4234762093662467,1.7504514729080969,0.8060185678471408,0.2725931804609327,4.9,
12,TabPFN-V3,0.7,clip,200.0,1.0,1.0,8000,1,2000,900,1,2590,0.0,0.5801453985696894,0.5738752845521679,0.8565556704998016,4.48425030708313,21.15946578979492,95.91299057006836,1.42497087233347,1.755651186549068,0.8203211787557322,0.28504328703303,4.6,
12,TabPFN-V3,0.7,log,0.0,1.0,1.0,8000,1,2000,900,0,2754,0.0,0.6268121571168629,0.6232488529891336,0.9819604504283028,5.590247678655306,29.209220125532088,139.96013254249607,1.4304181193237355,1.7481447554059844,0.7672087042928285,0.2736387795445596,4.6,
12,TabPFN-V3,0.7,tail_log,50.0,1.0,1.0,8000,1,2000,900,13,2589,0.0,0.5825975343814437,0.5769558666506611,0.8679653406143188,4.425155162811279,21.11600399017334,98.82145220685464,1.4244050399016746,1.7547581785532622,0.8362881456424448,42.61850299229931,4.6,
12,TabPFN-V3,0.7,evt_trim,0.0,1.0,1.0,8000,1,2000,900,0,2531,0.0,0.5133320728253288,0.4813544338681042,1.014966368675232,5.21416449546814,19.570232391357425,77.88239669799805,1.4280384661371492,1.7492246749009832,0.8259084969671677,0.3387127553224592,4.6,
12,TabPFN-V3,0.7,sd_cap,1.2,1.0,1.0,8000,1,2000,900,1,2588,0.0,0.5776487842651152,0.5707537198617015,0.8566751778125763,4.475179195404053,21.063342094421387,93.492919921875,1.425055566557887,1.7561696957459556,0.8224711156781235,0.2855136919069839,4.5,
12,TabPFN-V3,0.7,rank_emp,0.0,1.0,1.0,8000,1,2000,900,2000,5001,0.0,0.642747406195211,0.6369492513493312,0.9931143507343252,5.561846957342981,31.83381350332337,137.93359481143483,1.428760415411945,1.7417758963742744,0.7982609119838654,0.4839790127909411,4.6,
12,TabPFN-V3,0.7,rank_gpd,0.0,1.0,1.0,8000,1,2000,900,2000,3703,0.0,0.6062545142363747,0.605354758757,0.9931143507343252,5.561846957342981,28.240411179142438,169.5658272521281,1.428760415411945,1.7415718111352447,0.8064743842279327,0.4749766578293381,4.6,
12,TabPFN-V3,0.7,rank_gpd_trim,0.0,1.0,1.0,8000,1,2000,900,2000,3741,0.0,0.5812365476037081,0.5837273242785935,0.9931143507343252,5.561846957342981,27.117792520258533,142.65150972732965,1.428760415411945,1.740074499079832,0.790838349757419,0.3874948321175476,4.7,
12,TabPFN-V3,0.7,rank_exp,0.0,1.0,1.0,8000,1,2000,900,2000,4718,0.0,0.6439500870250521,0.6440257273355863,0.8868003327662684,5.285895620763776,28.792976456420107,163.11900184340865,1.425158191874765,1.746455306875697,0.814308445683758,0.8522656679020725,4.6,
12,TabPFN-V3,0.7,raw,0.0,20.0,20.0,7000,1,2000,900,0,421,0.0,0.6516007144412214,0.564347883044625,1.315510332584381,4.798819303512573,28.43842887878418,96.52521896362305,1.372590125704229,1.5094330314934234,0.6374129430619643,0.1042732233650945,4.4,
12,TabPFN-V3,0.7,robust,0.0,20.0,20.0,7000,1,2000,900,0,421,0.0,0.6516007484402734,0.5643478804788934,1.3155113486956551,4.798819631110044,28.438429983497272,96.52521477403512,1.372590210836361,1.509433021532752,0.6374129330547067,0.1042732169674718,4.5,
12,TabPFN-V3,0.7,clip,20.0,20.0,20.0,7000,1,2000,900,32,2661,0.0,0.652188013827964,0.6541717558266409,0.7210943698883057,4.6086790561676025,27.217924118041992,54.35065841674805,1.3405605822012832,1.5230060318697574,0.5957765177811171,0.1833641772745654,4.5,
12,TabPFN-V3,0.7,clip,50.0,20.0,20.0,7000,1,2000,900,9,2621,0.0,0.6964564528094124,0.6934542383079308,0.7492466270923615,4.559610605239868,27.609158515930176,94.61725234985352,1.3399299747029412,1.5305585300478763,0.594697918429557,0.0986146804724265,4.6,
12,TabPFN-V3,0.7,clip,200.0,20.0,20.0,7000,1,2000,900,1,2582,0.0,0.6798562756370001,0.6722523573812257,0.7810800671577454,4.496001958847046,25.37521171569824,122.23626327514648,1.3383508663978845,1.534157637000763,0.6089579555909297,0.1316200609842402,4.5,
12,TabPFN-V3,0.7,log,0.0,20.0,20.0,7000,1,2000,900,0,3238,0.0,0.6696788772870318,0.6727666742949495,0.9013910003731896,5.805718314410688,33.605317713662664,165.56755379229418,1.3362923355263543,1.500287639007194,0.5984769476076937,0.2215413625440355,4.4,
12,TabPFN-V3,0.7,tail_log,50.0,20.0,20.0,7000,1,2000,900,9,2543,0.0,0.6766007870848927,0.6693167333582488,0.7643661499023438,4.391186237335205,24.73530960083008,126.7099696507628,1.3387244787318089,1.5356155624304233,0.6248782552392792,13.86481489123196,4.5,
12,TabPFN-V3,0.7,evt_trim,0.0,20.0,20.0,7000,1,2000,900,0,421,0.0,0.6516007144412214,0.564347883044625,1.315510332584381,4.798819303512573,28.43842887878418,96.52521896362305,1.372590125704229,1.5094330314934234,0.6374129430619643,0.1042732233650945,4.6,
12,TabPFN-V3,0.7,sd_cap,1.2,20.0,20.0,7000,1,2000,900,1,2581,0.0,0.6783556620294909,0.6707218554857579,0.7782337069511414,4.476212024688721,25.243678092956543,121.35905075073242,1.338537892993646,1.534239500240289,0.6084433139351136,0.132343992317994,4.7,
12,TabPFN-V3,0.7,rank_emp,0.0,20.0,20.0,7000,1,2000,900,2001,3558,0.0,0.6990538167301757,0.6970353467217573,0.9007178847523178,5.532068597204025,35.652640967186706,155.6435375742534,1.336019387682087,1.499954913886626,0.6048841402450279,1.833298012005494,4.7,
12,TabPFN-V3,0.7,rank_gpd,0.0,20.0,20.0,7000,1,2000,900,2001,3546,0.0,0.7213626292952011,0.71519526643308,0.9007178847523178,5.532068597204025,34.63158239554563,177.90501490674075,1.336019387682087,1.499470678255768,0.6118956800931347,0.2769455877294241,4.8,
12,TabPFN-V3,0.7,rank_gpd_trim,0.0,20.0,20.0,7000,1,2000,900,2001,3608,0.0,0.6535860607893599,0.657195001288616,0.9007178847523178,5.532068597204025,32.30052893157661,130.63495682091906,1.336019387682087,1.4986831036475063,0.5933805697067067,0.1746361876598863,4.8,
12,TabPFN-V3,0.7,rank_exp,0.0,20.0,20.0,7000,1,2000,900,2001,4500,0.0,0.7122864197527757,0.7131793510785146,0.8048554799794495,5.252248289421245,33.00308432994722,150.8102879213875,1.336986055883223,1.5041620633522517,0.6068241992267566,0.2300171626363032,4.7,
12,TabPFN-V3,0.7,raw,0.0,20.0,20.0,8000,1,2000,900,0,735,0.0,-0.3062100420841976,-0.2187508917333601,2.337280869483948,8.82412338256836,14.081745147705078,19.83880615234375,1.6760105378454353,1.813059624930806,0.954037453056534,0.5964447906670214,4.5,
12,TabPFN-V3,0.7,robust,0.0,20.0,20.0,8000,1,2000,900,0,735,0.0,-0.3062098794971201,-0.2187509166355292,2.3372808244279595,8.82412221844887,14.081744935530782,19.83880711162205,1.6760105051124707,1.8130596084846275,0.9540374542390704,0.5964447800463716,4.6,
12,TabPFN-V3,0.7,clip,20.0,20.0,20.0,8000,1,2000,900,31,2672,0.0,0.5608156841515912,0.5649217029678564,0.7956727147102356,4.732085943222046,24.231637954711918,48.9498233795166,1.4251227203449526,1.7498072576273245,0.8469783503509557,0.3802865096013455,4.6,
12,TabPFN-V3,0.7,clip,50.0,20.0,20.0,8000,1,2000,900,14,2623,0.0,0.6241307391993703,0.6193177735169804,0.8378466665744781,4.624390602111816,23.764832496643063,92.09555435180664,1.4238455681852091,1.7497930109976247,0.8049521521035482,0.275186232623527,4.5,
12,TabPFN-V3,0.7,clip,200.0,20.0,20.0,8000,1,2000,900,2,2583,0.0,0.5868711287702881,0.5771180630111812,0.8584182560443878,4.410268545150757,21.56754493713379,101.12631225585938,1.4254383362218994,1.7544947085703486,0.8248210371370162,0.2893084319801179,4.6,
12,TabPFN-V3,0.7,log,0.0,20.0,20.0,8000,1,2000,900,0,2733,0.0,0.6570370713396906,0.6511489232881187,0.9834354727747844,5.605948940435649,31.286979179044508,188.41046436205303,1.4308615604850432,1.7481869879551537,0.7684559930646692,0.2830691859558634,4.7,
12,TabPFN-V3,0.7,tail_log,50.0,20.0,20.0,8000,1,2000,900,14,2567,0.0,0.5833724986214427,0.5747236043752946,0.8858903050422668,4.537355661392212,21.678309440612797,120.65586423760696,1.4245208036173078,1.7527158173942103,0.8703341648375443,844.4081636063829,4.6,
12,TabPFN-V3,0.7,evt_trim,0.0,20.0,20.0,8000,1,2000,900,0,735,0.0,-0.3062100420841976,-0.2187508917333601,2.337280869483948,8.82412338256836,14.081745147705078,19.83880615234375,1.6760105378454353,1.813059624930806,0.954037453056534,0.5964447906670214,4.5,
12,TabPFN-V3,0.7,sd_cap,1.2,20.0,20.0,8000,1,2000,900,2,2569,0.0,0.5720632209415244,0.5646428498029521,0.903547465801239,4.627161741256714,20.92201137542725,107.04529190063477,1.42498632915537,1.7557378008530355,0.8353429057886114,0.2999471999227225,4.5,
12,TabPFN-V3,0.7,rank_emp,0.0,20.0,20.0,8000,1,2000,900,2001,3558,0.0,0.6681329373572964,0.6604531093661299,0.98849156599978,5.618849321321671,32.15511555505216,155.7933456889981,1.4290266017091775,1.7426146767548087,0.8435612717822943,6.395242992773146,4.6,
12,TabPFN-V3,0.7,rank_gpd,0.0,20.0,20.0,8000,1,2000,900,2001,3653,0.0,0.658463203512274,0.6538371237980048,0.98849156599978,5.618849321321671,31.03100919038569,242.08247085189737,1.4290266017091775,1.7434105451642103,0.8436224220593406,0.6956003393660118,4.7,
12,TabPFN-V3,0.7,rank_gpd_trim,0.0,20.0,20.0,8000,1,2000,900,2001,3709,0.0,0.6134728369086638,0.6132562430184744,0.98849156599978,5.618849321321671,28.83775917767332,177.17852663945587,1.4290266017091775,1.740815053277524,0.7932651553750436,0.4643733086664719,4.5,
12,TabPFN-V3,0.7,rank_exp,0.0,20.0,20.0,8000,1,2000,900,2001,4663,0.0,0.6780294080199057,0.676175223165245,0.8777753752150967,5.307089397915174,31.11100463416448,204.4108631026467,1.4253075787560052,1.7477999549839291,0.8353069034693458,1.0631682628957098,4.6,
