dataset,model,bin,repeat,arm,clip_c,n_est,n_fit,n_test,sd_shift,leverage,n_clipped,d_q50,d_q90,d_q99,d_q999,pb50,pb90,pb99,pb999,n_above99,seconds,reason
freMTPL2sev,TabICLv2,0.0-1.2,0,without_max,0.0,1,2000,1000,1.190379752558811,1.1869279151750427,0,0.0,0.0,0.0,0.0,633.0738034899903,813.3169541127929,484.83489835683616,248.62290438304692,6,3.6,
freMTPL2sev,TabICLv2,0.0-1.2,0,raw,0.0,1,2000,1000,1.190379752558811,1.1869279151750427,0,0.0005659210046974781,0.02867140304649049,0.07111799678186188,0.09832208842116069,633.9994156201172,813.0452035976563,499.90707900625017,245.19351691429694,5,3.6,
freMTPL2sev,TabICLv2,0.0-1.2,0,clip,200.0,1,2000,1000,1.190379752558811,1.1869279151750427,4,0.0009585539054971884,-0.008648005680015098,-0.002804151454367176,-0.023069602621076553,632.4810123168945,812.6316013930665,479.623657736719,252.0801919211328,5,3.6,
freMTPL2sev,TabICLv2-FT-A0-s1,0.0-1.2,0,without_max,0.0,1,2000,1000,1.190379752558811,1.1869279151750427,0,0.0,0.0,0.0,0.0,633.3478318164063,810.419921583496,475.26623091054705,257.9602701369531,7,2.9,
freMTPL2sev,TabICLv2-FT-A0-s1,0.0-1.2,0,raw,0.0,1,2000,1000,1.190379752558811,1.1869279151750427,0,0.0007584841099469086,0.02284116063619939,0.03632334587409626,0.07551847309660326,634.1345230273437,808.5622023427734,478.4390484691409,257.1749484279688,7,2.9,
freMTPL2sev,TabICLv2-FT-A0-s1,0.0-1.2,0,clip,200.0,1,2000,1000,1.190379752558811,1.1869279151750427,4,-0.003646781222816417,-0.009713141718342491,0.0015180328098277828,-0.026670702946861247,632.8233683837891,809.9549318764649,472.271075314844,259.0108170842188,7,2.9,
freMTPL2sev,TabICLv2-FT-A1-s1,0.0-1.2,0,without_max,0.0,1,2000,1000,1.190379752558811,1.1869279151750427,0,0.0,0.0,0.0,0.0,633.0417773510742,812.5055515297851,469.5575720287111,247.32005046703125,10,2.5,
freMTPL2sev,TabICLv2-FT-A1-s1,0.0-1.2,0,raw,0.0,1,2000,1000,1.190379752558811,1.1869279151750427,0,-0.005731906064336305,0.018119449451748218,0.017292930775820715,0.07426737478339189,633.9630330273438,810.4371489541016,468.62981839101576,244.85313882445314,9,2.5,
freMTPL2sev,TabICLv2-FT-A1-s1,0.0-1.2,0,clip,200.0,1,2000,1000,1.190379752558811,1.1869279151750427,4,0.001821852644102978,0.00951170814768142,0.018846331413672902,-0.017666840978668275,632.516383894043,811.2462937099608,466.95420294667986,249.47455833421884,8,2.5,
freMTPL2sev,TabICLv2-FT-A0-s2,0.0-1.2,0,without_max,0.0,1,2000,1000,1.190379752558811,1.1869279151750427,0,0.0,0.0,0.0,0.0,633.0283572607423,808.4673057070313,478.99429445058615,258.72650739183604,7,3.3,
freMTPL2sev,TabICLv2-FT-A0-s2,0.0-1.2,0,raw,0.0,1,2000,1000,1.190379752558811,1.1869279151750427,0,-0.004600054226933933,0.019815040716089173,0.0405272007231829,0.07822146332166038,634.1135795263673,805.5575445205078,482.3671414867189,257.25713045335937,7,3.3,
freMTPL2sev,TabICLv2-FT-A0-s2,0.0-1.2,0,clip,200.0,1,2000,1000,1.190379752558811,1.1869279151750427,4,0.0026940221800485415,-0.006091719597144389,-0.0033132251795563467,-0.029886573044850283,632.5209336010743,809.634294166504,474.9905834398438,260.07231864476563,7,3.3,
freMTPL2sev,TabICLv2-FT-A1-s2,0.0-1.2,0,without_max,0.0,1,2000,1000,1.190379752558811,1.1869279151750427,0,0.0,0.0,0.0,0.0,632.3520335668944,812.0392470424805,474.3767599095705,249.6846539963282,9,2.8,
freMTPL2sev,TabICLv2-FT-A1-s2,0.0-1.2,0,raw,0.0,1,2000,1000,1.190379752558811,1.1869279151750427,0,-0.004640250825458441,0.017614626559726707,0.009632385848879186,0.06583195303246947,633.1883712817382,809.1783424648438,473.0003456029299,247.3697693127345,8,2.8,
freMTPL2sev,TabICLv2-FT-A1-s2,0.0-1.2,0,clip,200.0,1,2000,1000,1.190379752558811,1.1869279151750427,4,0.0029925945448036964,0.007646172710691084,0.024200277281139392,-0.011835409983030645,632.1502630175781,811.2758391054687,470.5620492992189,250.5725127678125,8,2.8,
freMTPL2sev,TabICLv2,0.0-1.2,1,without_max,0.0,1,2000,1000,1.1918433442054714,1.0207553787249848,0,0.0,0.0,0.0,0.0,663.170802249756,862.8702251147461,458.92817300195327,182.62082728457037,13,2.4,
freMTPL2sev,TabICLv2,0.0-1.2,1,raw,0.0,1,2000,1000,1.1918433442054714,1.0207553787249848,0,-0.006695006017888621,0.012100340892718163,-0.008601798953449707,0.014225186377791087,663.8908061132813,863.1626730371095,453.7652331972658,178.1184362748047,13,2.4,
freMTPL2sev,TabICLv2,0.0-1.2,1,clip,200.0,1,2000,1000,1.1918433442054714,1.0207553787249848,5,0.00868418217365291,-0.022963226184687047,0.004586492175325635,-0.041701386666397146,662.0336765905762,866.4466518041991,467.3243804140627,200.12883245351568,14,2.4,
freMTPL2sev,TabICLv2-FT-A0-s1,0.0-1.2,1,without_max,0.0,1,2000,1000,1.1918433442054714,1.0207553787249848,0,0.0,0.0,0.0,0.0,663.4314971411133,859.2163302539062,458.4369082363283,190.32878842226566,14,2.7,
freMTPL2sev,TabICLv2-FT-A0-s1,0.0-1.2,1,raw,0.0,1,2000,1000,1.1918433442054714,1.0207553787249848,0,0.0046360165147065775,0.0028502416263985093,0.01671901886148889,0.05076778976402935,663.3674594445802,859.8881774853515,452.6951676503908,181.25915813515627,14,2.7,
freMTPL2sev,TabICLv2-FT-A0-s1,0.0-1.2,1,clip,200.0,1,2000,1000,1.1918433442054714,1.0207553787249848,5,-0.0049961466809304265,-0.02514381220239255,-0.008199260881644497,-0.06527832316056784,662.9069470654298,858.3353319238282,463.36010054101575,206.23093019375003,14,2.7,
freMTPL2sev,TabICLv2-FT-A1-s1,0.0-1.2,1,without_max,0.0,1,2000,1000,1.1918433442054714,1.0207553787249848,0,0.0,0.0,0.0,0.0,663.0977252331544,859.336952553711,473.6761141494141,166.4285914378907,15,2.6,
freMTPL2sev,TabICLv2-FT-A1-s1,0.0-1.2,1,raw,0.0,1,2000,1000,1.1918433442054714,1.0207553787249848,0,-0.0011945645837748691,0.008356691455460901,0.016767042808235044,0.07194679870379761,663.0378017407228,858.9722786181642,472.50575058984384,155.4277855082032,15,2.6,
freMTPL2sev,TabICLv2-FT-A1-s1,0.0-1.2,1,clip,200.0,1,2000,1000,1.1918433442054714,1.0207553787249848,5,0.0013703565941190858,0.0015865792333542258,0.002798368665230043,-0.08385188500392476,662.7415391186522,859.3795448608398,477.7790070986329,182.03342846132816,16,2.6,
freMTPL2sev,TabICLv2-FT-A0-s2,0.0-1.2,1,without_max,0.0,1,2000,1000,1.1918433442054714,1.0207553787249848,0,0.0,0.0,0.0,0.0,664.7674889550782,858.6931250659179,452.532960404297,192.70805158046875,14,2.5,
freMTPL2sev,TabICLv2-FT-A0-s2,0.0-1.2,1,raw,0.0,1,2000,1000,1.1918433442054714,1.0207553787249848,0,-0.0011655254246277858,0.0019258118300382043,0.02507683178301951,0.05946961950620998,665.1059940832521,859.0213859838867,448.80668815820326,182.05614632265628,13,2.5,
freMTPL2sev,TabICLv2-FT-A0-s2,0.0-1.2,1,clip,200.0,1,2000,1000,1.1918433442054714,1.0207553787249848,5,0.009549783640149842,-0.004742833816056523,-0.00811140295637194,-0.06666321871082244,663.4500850146485,858.5996978222656,459.6891571621095,209.25690159218752,14,2.5,
freMTPL2sev,TabICLv2-FT-A1-s2,0.0-1.2,1,without_max,0.0,1,2000,1000,1.1918433442054714,1.0207553787249848,0,0.0,0.0,0.0,0.0,663.5820615649415,859.2908201855467,468.8937508486329,169.5833960921875,16,2.7,
freMTPL2sev,TabICLv2-FT-A1-s2,0.0-1.2,1,raw,0.0,1,2000,1000,1.1918433442054714,1.0207553787249848,0,-0.0004833063229615403,0.012444440627146919,0.016228265027924956,0.07118529531196299,663.5998565063477,859.4007704809569,470.5188071621094,160.33294240664065,15,2.7,
freMTPL2sev,TabICLv2-FT-A1-s2,0.0-1.2,1,clip,200.0,1,2000,1000,1.1918433442054714,1.0207553787249848,5,0.007138750165991674,0.002840401176926642,0.012658502457996507,-0.07580425156945686,663.2510252526855,860.3444907031251,474.44386260644546,183.71869787539063,16,2.7,
freMTPL2sev,TabICLv2,0.0-1.2,2,without_max,0.0,1,2000,1000,1.0760785859620288,1.0683557142857143,0,0.0,0.0,0.0,0.0,617.8752828735353,777.5847903881837,469.14460829003934,245.38497387539067,6,2.5,
freMTPL2sev,TabICLv2,0.0-1.2,2,raw,0.0,1,2000,1000,1.0760785859620288,1.0683557142857143,0,0.000882697047687103,0.016533675428015007,0.07706467940812145,0.08286160349042128,618.1418932055665,780.4782557421873,475.8860256289064,236.72851170449218,6,2.5,
freMTPL2sev,TabICLv2,0.0-1.2,2,clip,200.0,1,2000,1000,1.0760785859620288,1.0683557142857143,0,0.000882697047687103,0.016533675428015007,0.07706467940812145,0.08286160349042128,618.1418932055665,780.4782557421873,475.8860256289064,236.72851170449218,6,2.5,
freMTPL2sev,TabICLv2-FT-A0-s1,0.0-1.2,2,without_max,0.0,1,2000,1000,1.0760785859620288,1.0683557142857143,0,0.0,0.0,0.0,0.0,618.2311595629882,774.6535535107423,460.41012733300795,263.78162952187506,8,2.6,
freMTPL2sev,TabICLv2-FT-A0-s1,0.0-1.2,2,raw,0.0,1,2000,1000,1.0760785859620288,1.0683557142857143,0,-0.00010212232985169027,0.004901047659342192,0.06721964044680478,0.07707508953936597,618.6977433129882,775.465048486328,462.623783607422,256.1635904291016,8,2.6,
freMTPL2sev,TabICLv2-FT-A0-s1,0.0-1.2,2,clip,200.0,1,2000,1000,1.0760785859620288,1.0683557142857143,0,-0.00010212232985169027,0.004901047659342192,0.06721964044680478,0.07707508953936597,618.6977433129882,775.465048486328,462.623783607422,256.1635904291016,8,2.6,
freMTPL2sev,TabICLv2-FT-A1-s1,0.0-1.2,2,without_max,0.0,1,2000,1000,1.0760785859620288,1.0683557142857143,0,0.0,0.0,0.0,0.0,618.2774194580079,768.7785710351562,456.13635049218766,231.31602507656248,7,2.8,
freMTPL2sev,TabICLv2-FT-A1-s1,0.0-1.2,2,raw,0.0,1,2000,1000,1.0760785859620288,1.0683557142857143,0,-1.5152870815638975e-05,0.0074873360431131335,0.05235406602844862,0.06564748729282266,618.6341751147461,769.4043322973633,456.0377239296876,222.31908950625004,6,2.8,
freMTPL2sev,TabICLv2-FT-A1-s1,0.0-1.2,2,clip,200.0,1,2000,1000,1.0760785859620288,1.0683557142857143,0,-1.5152870815638975e-05,0.0074873360431131335,0.05235406602844862,0.06564748729282266,618.6341751147461,769.4043322973633,456.0377239296876,222.31908950625004,6,2.8,
freMTPL2sev,TabICLv2-FT-A0-s2,0.0-1.2,2,without_max,0.0,1,2000,1000,1.0760785859620288,1.0683557142857143,0,0.0,0.0,0.0,0.0,618.1044386889648,776.4755459667969,459.4770146474611,263.62317196230475,8,2.8,
freMTPL2sev,TabICLv2-FT-A0-s2,0.0-1.2,2,raw,0.0,1,2000,1000,1.0760785859620288,1.0683557142857143,0,-0.0009707136812587471,0.0041986763329375475,0.07029553176569323,0.07903911813782485,618.6221020776368,777.8638019482421,461.26716868554695,254.99266710585937,8,2.8,
freMTPL2sev,TabICLv2-FT-A0-s2,0.0-1.2,2,clip,200.0,1,2000,1000,1.0760785859620288,1.0683557142857143,0,-0.0009707136812587471,0.0041986763329375475,0.07029553176569323,0.07903911813782485,618.6221020776368,777.8638019482421,461.26716868554695,254.99266710585937,8,2.8,
freMTPL2sev,TabICLv2-FT-A1-s2,0.0-1.2,2,without_max,0.0,1,2000,1000,1.0760785859620288,1.0683557142857143,0,0.0,0.0,0.0,0.0,617.865122487793,770.073435895996,459.76409477929707,238.87546627382818,7,2.6,
freMTPL2sev,TabICLv2-FT-A1-s2,0.0-1.2,2,raw,0.0,1,2000,1000,1.0760785859620288,1.0683557142857143,0,0.00035261001909874326,0.005892574383649054,0.04431844881279286,0.05990338691135162,618.0532981274414,771.0069286816406,458.7536414345704,230.58497411074222,7,2.6,
freMTPL2sev,TabICLv2-FT-A1-s2,0.0-1.2,2,clip,200.0,1,2000,1000,1.0760785859620288,1.0683557142857143,0,0.00035261001909874326,0.005892574383649054,0.04431844881279286,0.05990338691135162,618.0532981274414,771.0069286816406,458.7536414345704,230.58497411074222,7,2.6,
freMTPL2sev,TabICLv2,0.0-1.2,3,without_max,0.0,1,2000,1000,1.1522299155351141,1.4044580541631588,0,0.0,0.0,0.0,0.0,915.1693147619629,1312.528002482422,921.8136670675783,616.6871998005078,12,2.6,
freMTPL2sev,TabICLv2,0.0-1.2,3,raw,0.0,1,2000,1000,1.1522299155351141,1.4044580541631588,0,7.145650597887478e-05,0.01691782467547371,0.028676494896097315,0.05672134556117297,915.2396213562013,1323.2792970820312,933.5435167062501,609.3793405592968,13,2.6,
freMTPL2sev,TabICLv2,0.0-1.2,3,clip,200.0,1,2000,1000,1.1522299155351141,1.4044580541631588,1,-0.0004853427403662008,0.010156499595061869,0.01646038602495417,0.03713291727122484,915.1921033459473,1319.2394683222656,929.3190582638674,611.6360679665235,13,2.6,
freMTPL2sev,TabICLv2-FT-A0-s1,0.0-1.2,3,without_max,0.0,1,2000,1000,1.1522299155351141,1.4044580541631588,0,0.0,0.0,0.0,0.0,915.9250673559571,1316.0402757490235,928.9456679660159,646.4724784567578,15,3.2,
freMTPL2sev,TabICLv2-FT-A0-s1,0.0-1.2,3,raw,0.0,1,2000,1000,1.1522299155351141,1.4044580541631588,0,0.0003602093974890842,0.01364019821669153,0.058402103143590026,0.0856446096985753,916.0162756884765,1315.8666008564455,927.159900558789,626.4819752301953,13,3.2,
freMTPL2sev,TabICLv2-FT-A0-s1,0.0-1.2,3,clip,200.0,1,2000,1000,1.1522299155351141,1.4044580541631588,1,0.0005366423591556594,0.007212153295823101,0.03938402368289755,0.05710858172695729,915.8974164733887,1315.931839274414,926.6113591281251,631.9359619216017,14,3.2,
freMTPL2sev,TabICLv2-FT-A1-s1,0.0-1.2,3,without_max,0.0,1,2000,1000,1.1522299155351141,1.4044580541631588,0,0.0,0.0,0.0,0.0,915.5717983105469,1307.5101546455078,908.0686368527347,585.2518549167188,13,3.3,
freMTPL2sev,TabICLv2-FT-A1-s1,0.0-1.2,3,raw,0.0,1,2000,1000,1.1522299155351141,1.4044580541631588,0,8.904530586487096e-05,0.013701809232852153,0.025093397210862314,0.06435336192589478,915.5324658496094,1307.571801828125,912.3193876681643,574.072542610078,12,3.3,
freMTPL2sev,TabICLv2-FT-A1-s1,0.0-1.2,3,clip,200.0,1,2000,1000,1.1522299155351141,1.4044580541631588,1,9.810057984949069e-05,0.009580906834714114,0.01417468686489565,0.04185508165863455,915.4677030175781,1307.3430785004882,909.7979359103518,577.7815169548046,12,3.3,
freMTPL2sev,TabICLv2-FT-A0-s2,0.0-1.2,3,without_max,0.0,1,2000,1000,1.1522299155351141,1.4044580541631588,0,0.0,0.0,0.0,0.0,915.731800958252,1314.2150818867187,927.0666449875002,646.6956879313672,15,3.4,
freMTPL2sev,TabICLv2-FT-A0-s2,0.0-1.2,3,raw,0.0,1,2000,1000,1.1522299155351141,1.4044580541631588,0,-0.004084842490833003,0.005402387361253796,0.05258194927497398,0.08314650295102222,915.9338740795899,1313.817215668457,925.9407417697269,630.8085700475783,13,3.4,
freMTPL2sev,TabICLv2-FT-A0-s2,0.0-1.2,3,clip,200.0,1,2000,1000,1.1522299155351141,1.4044580541631588,1,-0.002369900884572935,0.0020044116810033286,0.03362399570852767,0.05276492384513417,915.7707321630861,1313.9877085395506,925.0120548507813,635.395126945039,13,3.4,
freMTPL2sev,TabICLv2-FT-A1-s2,0.0-1.2,3,without_max,0.0,1,2000,1000,1.1522299155351141,1.4044580541631588,0,0.0,0.0,0.0,0.0,915.5445043212892,1308.3472068305664,913.0010130343752,588.1653717682813,12,3.4,
freMTPL2sev,TabICLv2-FT-A1-s2,0.0-1.2,3,raw,0.0,1,2000,1000,1.1522299155351141,1.4044580541631588,0,-0.0032277782428758433,0.014305235475088284,0.02123245882709278,0.060857822992299235,915.7826950830078,1308.0871124091796,918.6297963058596,577.5033321471874,10,3.4,
freMTPL2sev,TabICLv2-FT-A1-s2,0.0-1.2,3,clip,200.0,1,2000,1000,1.1522299155351141,1.4044580541631588,1,-0.00212323243465964,0.010487400679131792,0.011632273553355955,0.03990981007812722,915.6323242797852,1307.9889296137694,916.0499658322266,580.6004562233593,11,3.4,
freMTPL2sev,TabICLv2,0.0-1.2,4,without_max,0.0,1,2000,1000,1.1512214713087678,1.0092392000176595,0,0.0,0.0,0.0,0.0,651.85128953125,825.596370022949,490.859693487891,153.89654836929694,5,3.0,
freMTPL2sev,TabICLv2,0.0-1.2,4,raw,0.0,1,2000,1000,1.1512214713087678,1.0092392000176595,0,0.00408617064834863,0.028071125231455392,0.09590626055829192,0.11335603067495814,652.5340605395509,825.3293813461914,508.0257407828128,140.5632196935157,5,3.0,
freMTPL2sev,TabICLv2,0.0-1.2,4,clip,200.0,1,2000,1000,1.1512214713087678,1.0092392000176595,3,0.0007099482063093021,-0.023832447246138685,-0.11495141433778,-0.12520631376906532,651.3218749816895,820.8932387460937,471.56315591953154,173.06798337710944,6,3.0,
freMTPL2sev,TabICLv2-FT-A0-s1,0.0-1.2,4,without_max,0.0,1,2000,1000,1.1512214713087678,1.0092392000176595,0,0.0,0.0,0.0,0.0,651.717501899414,813.9470799960936,458.0299323453126,173.75838318375006,7,2.3,
freMTPL2sev,TabICLv2-FT-A0-s1,0.0-1.2,4,raw,0.0,1,2000,1000,1.1512214713087678,1.0092392000176595,0,0.0036472802331783145,0.021856488762157757,0.07654223694391434,0.10174046268043606,651.3379209423829,814.6708465878905,469.9676281265628,168.1614675567969,5,2.3,
freMTPL2sev,TabICLv2-FT-A0-s1,0.0-1.2,4,clip,200.0,1,2000,1000,1.1512214713087678,1.0092392000176595,3,0.002114315375731454,-0.01560645944855225,-0.09164167005853609,-0.11115309560420293,650.8395329418945,814.3039026572264,449.2369930582033,186.36697803531257,8,2.3,
freMTPL2sev,TabICLv2-FT-A1-s1,0.0-1.2,4,without_max,0.0,1,2000,1000,1.1512214713087678,1.0092392000176595,0,0.0,0.0,0.0,0.0,652.475734584961,805.6613631235351,449.125741686133,146.56494963492193,11,2.4,
freMTPL2sev,TabICLv2-FT-A1-s1,0.0-1.2,4,raw,0.0,1,2000,1000,1.1512214713087678,1.0092392000176595,0,-3.674606995291316e-05,0.008588666756550033,0.024378564325048355,0.06571935343920704,652.3170873779296,804.3683360605469,445.8483459244142,142.5282650997657,11,2.4,
freMTPL2sev,TabICLv2-FT-A1-s1,0.0-1.2,4,clip,200.0,1,2000,1000,1.1512214713087678,1.0092392000176595,3,0.005898730382279029,0.01412979353837291,-0.012268360032656887,-0.05845402701745017,651.7809849365235,806.1366647373047,448.86285303867203,163.15730247867194,11,2.4,
freMTPL2sev,TabICLv2-FT-A0-s2,0.0-1.2,4,without_max,0.0,1,2000,1000,1.1512214713087678,1.0092392000176595,0,0.0,0.0,0.0,0.0,652.3993968041993,817.26221728125,463.9460093570314,174.35056561148443,5,2.6,
freMTPL2sev,TabICLv2-FT-A0-s2,0.0-1.2,4,raw,0.0,1,2000,1000,1.1512214713087678,1.0092392000176595,0,-0.002491761964602682,0.014959675542056069,0.08310960046765803,0.1066490274375374,652.3055946557618,818.5430710996094,479.5900859781252,168.0797948829688,5,2.6,
freMTPL2sev,TabICLv2-FT-A0-s2,0.0-1.2,4,clip,200.0,1,2000,1000,1.1512214713087678,1.0092392000176595,3,0.007356191294923889,-0.002775930867637723,-0.09571556370748754,-0.11351420657560124,651.1793099780274,817.0871121372071,450.91926038242207,186.60106789273442,6,2.6,
freMTPL2sev,TabICLv2-FT-A1-s2,0.0-1.2,4,without_max,0.0,1,2000,1000,1.1512214713087678,1.0092392000176595,0,0.0,0.0,0.0,0.0,652.6742920361329,803.883924666504,450.08991119785173,148.83920814859377,11,2.6,
freMTPL2sev,TabICLv2-FT-A1-s2,0.0-1.2,4,raw,0.0,1,2000,1000,1.1512214713087678,1.0092392000176595,0,-0.001492479007563602,0.015410468346220785,0.02781481779605647,0.06870108625106108,652.732424375,803.2402772861328,448.41897453281274,146.2736353282813,10,2.6,
freMTPL2sev,TabICLv2-FT-A1-s2,0.0-1.2,4,clip,200.0,1,2000,1000,1.1512214713087678,1.0092392000176595,3,0.004592005873950335,0.012810109538181201,-0.012601693394506498,-0.054474578037907104,651.8304444995117,804.4657368100586,448.71914073886734,162.89992333414068,11,2.6,
freMTPL2sev,TabICLv2,1.2-2.0,0,without_max,0.0,1,2000,1000,1.2236522039743902,1.0234008276702686,0,0.0,0.0,0.0,0.0,2002.4898966235353,3275.4538191083984,3069.90483880293,2801.0768110477734,12,2.8,
freMTPL2sev,TabICLv2,1.2-2.0,0,raw,0.0,1,2000,1000,1.2236522039743902,1.0234008276702686,0,-0.004928250225992525,-0.012209859208475443,-0.021612242046974664,0.010911719296361476,2003.7527518127442,3278.2642927485354,3064.968987460156,2787.7811750770707,11,2.8,
freMTPL2sev,TabICLv2,1.2-2.0,0,clip,200.0,1,2000,1000,1.2236522039743902,1.0234008276702686,3,0.005111902400225837,0.02474701389929409,0.15213300958457027,0.07844462794601342,2002.8840123986818,3274.727312951172,3079.0211339738285,2794.8894123251166,10,2.8,
freMTPL2sev,TabICLv2-FT-A0-s1,1.2-2.0,0,without_max,0.0,1,2000,1000,1.2236522039743902,1.0234008276702686,0,0.0,0.0,0.0,0.0,2002.6613573828126,3265.3359587470704,3083.0424925578127,2819.837668431562,15,3.7,
freMTPL2sev,TabICLv2-FT-A0-s1,1.2-2.0,0,raw,0.0,1,2000,1000,1.2236522039743902,1.0234008276702686,0,0.0022693343768622064,0.00955640946664061,0.035005373354210056,0.07766626621596931,2002.9482133593754,3267.968402980469,3068.6776410392586,2791.109866667891,15,3.7,
freMTPL2sev,TabICLv2-FT-A0-s1,1.2-2.0,0,clip,200.0,1,2000,1000,1.2236522039743902,1.0234008276702686,3,-0.004150610648734152,-0.005792388464397127,0.0396566507488398,-0.020879722995105453,2002.4774712475587,3265.6665453388673,3105.925882216016,2856.3606852743364,14,3.7,
freMTPL2sev,TabICLv2-FT-A1-s1,1.2-2.0,0,without_max,0.0,1,2000,1000,1.2236522039743902,1.0234008276702686,0,0.0,0.0,0.0,0.0,2002.4238580834963,3260.32055378125,3085.2852859562504,2769.0780842108593,12,2.6,
freMTPL2sev,TabICLv2-FT-A1-s1,1.2-2.0,0,raw,0.0,1,2000,1000,1.2236522039743902,1.0234008276702686,0,-0.0061882919920815465,-0.00021979631043532363,0.02160686824782298,0.08886548828248464,2002.999899786377,3259.853061200684,3081.967053441602,2737.3210171639844,12,2.6,
freMTPL2sev,TabICLv2-FT-A1-s1,1.2-2.0,0,clip,200.0,1,2000,1000,1.2236522039743902,1.0234008276702686,3,0.002563724879834625,0.012826473106126817,0.07097976060120417,-0.021948379184534662,2002.2762940478515,3260.3762082050785,3092.5873997501953,2788.6524543007035,12,2.6,
freMTPL2sev,TabICLv2-FT-A0-s2,1.2-2.0,0,without_max,0.0,1,2000,1000,1.2236522039743902,1.0234008276702686,0,0.0,0.0,0.0,0.0,2003.1703522888185,3270.2143007587892,3075.4757044523435,2811.805778955,15,2.6,
freMTPL2sev,TabICLv2-FT-A0-s2,1.2-2.0,0,raw,0.0,1,2000,1000,1.2236522039743902,1.0234008276702686,0,-0.006328121460154737,0.0053142567095316945,0.04015622489444279,0.07992300946456388,2004.5347873620608,3272.081246840333,3057.4910295109376,2778.7228779051957,13,2.6,
freMTPL2sev,TabICLv2-FT-A0-s2,1.2-2.0,0,clip,200.0,1,2000,1000,1.2236522039743902,1.0234008276702686,3,0.009821605493034298,0.0010707145505068566,0.0247048387689034,-0.03617503972586553,2002.6157556958008,3268.902179347657,3104.3241597257816,2856.3221779657424,15,2.6,
freMTPL2sev,TabICLv2-FT-A1-s2,1.2-2.0,0,without_max,0.0,1,2000,1000,1.2236522039743902,1.0234008276702686,0,0.0,0.0,0.0,0.0,2002.571284865723,3261.369771842773,3085.5803517570307,2777.2117366932816,13,2.8,
freMTPL2sev,TabICLv2-FT-A1-s2,1.2-2.0,0,raw,0.0,1,2000,1000,1.2236522039743902,1.0234008276702686,0,-0.004235549319983345,-0.0043195930608259155,0.008582999396834847,0.0775988410705814,2003.189420737305,3262.1326467084964,3088.863440453321,2756.650426044844,13,2.8,
freMTPL2sev,TabICLv2-FT-A1-s2,1.2-2.0,0,clip,200.0,1,2000,1000,1.2236522039743902,1.0234008276702686,3,0.007116067984484236,0.01291028578012738,0.06968971632897672,-0.022332585975907673,2002.2769209814453,3260.4722561225594,3096.145117093946,2796.5445254100787,13,2.8,
freMTPL2sev,TabICLv2,1.2-2.0,1,without_max,0.0,1,2000,1000,1.5258705963004044,1.8641450542892408,0,0.0,0.0,0.0,0.0,591.5914258776857,721.7645058281249,374.6530387371095,154.9886025573047,10,3.8,
freMTPL2sev,TabICLv2,1.2-2.0,1,raw,0.0,1,2000,1000,1.5258705963004044,1.8641450542892408,0,-0.030187558302420626,-0.007834988563830865,-0.02001855626159399,0.05555298336995394,598.0612477856446,730.4218991533204,397.87343608085945,173.9424764801563,12,3.8,
freMTPL2sev,TabICLv2,1.2-2.0,1,clip,200.0,1,2000,1000,1.5258705963004044,1.8641450542892408,4,0.013307162237763608,0.0011992672539515976,0.14226181485595588,0.0809390042663797,590.2330119494629,720.1145387138671,367.82598671074237,127.97926039226564,9,3.8,
freMTPL2sev,TabICLv2-FT-A0-s1,1.2-2.0,1,without_max,0.0,1,2000,1000,1.5258705963004044,1.8641450542892408,0,0.0,0.0,0.0,0.0,588.9098901550293,712.0345054277344,358.65095528984386,145.97136274382817,10,3.6,
freMTPL2sev,TabICLv2-FT-A0-s1,1.2-2.0,1,raw,0.0,1,2000,1000,1.5258705963004044,1.8641450542892408,0,0.003885908159571935,0.03331895466289518,0.028607744388391792,0.12676430396970528,590.931574489746,718.8296439873047,372.1738180339845,141.7193240367969,10,3.6,
freMTPL2sev,TabICLv2-FT-A0-s1,1.2-2.0,1,clip,200.0,1,2000,1000,1.5258705963004044,1.8641450542892408,4,-0.002772838565475196,-0.03215050642789592,0.030740737286267025,-0.028931772431703154,588.5539417248536,706.6007443876954,357.4138991863283,142.98983005144535,9,3.6,
freMTPL2sev,TabICLv2-FT-A1-s1,1.2-2.0,1,without_max,0.0,1,2000,1000,1.5258705963004044,1.8641450542892408,0,0.0,0.0,0.0,0.0,589.7206511169434,710.6661914140624,358.3097387468752,104.79167932390628,12,3.6,
freMTPL2sev,TabICLv2-FT-A1-s1,1.2-2.0,1,raw,0.0,1,2000,1000,1.5258705963004044,1.8641450542892408,0,-0.01998500126600656,0.017319948342431685,0.0351467904843575,0.20000006842653484,593.0625891943359,710.1140255864258,359.381485729297,85.11970968718752,12,3.6,
freMTPL2sev,TabICLv2-FT-A1-s1,1.2-2.0,1,clip,200.0,1,2000,1000,1.5258705963004044,1.8641450542892408,4,0.004667546732136717,-0.006265904197220947,0.060721856444493315,-0.04257844686306405,588.7895844128418,705.7403027080079,363.53531016777356,111.08948124773441,11,3.6,
freMTPL2sev,TabICLv2-FT-A0-s2,1.2-2.0,1,without_max,0.0,1,2000,1000,1.5258705963004044,1.8641450542892408,0,0.0,0.0,0.0,0.0,591.4613961120605,713.8212782622071,363.330567682422,152.60022942058598,11,3.0,
freMTPL2sev,TabICLv2-FT-A0-s2,1.2-2.0,1,raw,0.0,1,2000,1000,1.5258705963004044,1.8641450542892408,0,-0.010147146033232073,0.032319883761925766,0.03335039226842239,0.12846021879582575,593.6169879956054,721.9801427177733,376.41473479667985,146.55684574382815,11,3.0,
freMTPL2sev,TabICLv2-FT-A0-s2,1.2-2.0,1,clip,200.0,1,2000,1000,1.5258705963004044,1.8641450542892408,4,0.012702978224877183,-0.021321591903475216,0.03006515544804762,-0.029111167226217812,589.2503836132813,709.9456135234374,361.0613773308595,148.79821724968753,9,3.0,
freMTPL2sev,TabICLv2-FT-A1-s2,1.2-2.0,1,without_max,0.0,1,2000,1000,1.5258705963004044,1.8641450542892408,0,0.0,0.0,0.0,0.0,590.4150156347656,709.1838885771484,359.18185873710945,105.99339164421878,13,3.6,
freMTPL2sev,TabICLv2-FT-A1-s2,1.2-2.0,1,raw,0.0,1,2000,1000,1.5258705963004044,1.8641450542892408,0,-0.01309872774078523,0.0036463083918666767,0.013693036999582004,0.17310153971321468,592.9203958740235,709.2928639628906,357.7094152703126,87.7594575114063,13,3.6,
freMTPL2sev,TabICLv2-FT-A1-s2,1.2-2.0,1,clip,200.0,1,2000,1000,1.5258705963004044,1.8641450542892408,4,0.007723613748120982,-0.004294155731190302,0.05536649944632549,-0.04161381140560805,589.2859594470216,705.5169576567382,362.2906944890627,109.7214600211719,11,3.6,
freMTPL2sev,TabICLv2,1.2-2.0,2,without_max,0.0,1,2000,1000,1.2290445769431362,1.5548679166666666,0,0.0,0.0,0.0,0.0,673.5934483227539,916.2893585478516,536.5699078552736,251.7521543875782,10,3.2,
freMTPL2sev,TabICLv2,1.2-2.0,2,raw,0.0,1,2000,1000,1.2290445769431362,1.5548679166666666,0,-0.0038082379833015764,0.006814321160783094,-0.034431017784326584,0.009934909521797056,680.2055838769533,927.9174001567383,545.5710275525392,245.74193646277348,9,3.2,
freMTPL2sev,TabICLv2,1.2-2.0,2,clip,200.0,1,2000,1000,1.2290445769431362,1.5548679166666666,3,-0.0012356923682926995,-0.0011906291645175796,-0.013341581738777,-0.006096560893712496,674.4030015087891,917.5653286259766,534.2906739246096,248.4845697489063,10,3.2,
freMTPL2sev,TabICLv2-FT-A0-s1,1.2-2.0,2,without_max,0.0,1,2000,1000,1.2290445769431362,1.5548679166666666,0,0.0,0.0,0.0,0.0,671.5176680029298,905.0383423002929,540.9490876160158,289.31803297742186,8,2.9,
freMTPL2sev,TabICLv2-FT-A0-s1,1.2-2.0,2,raw,0.0,1,2000,1000,1.2290445769431362,1.5548679166666666,0,0.005963091762795195,0.018990670288202706,0.030519317629760262,0.07809162389776415,672.9480688671874,912.782218274414,546.7680728308595,269.5906795633594,7,2.9,
freMTPL2sev,TabICLv2-FT-A0-s1,1.2-2.0,2,clip,200.0,1,2000,1000,1.2290445769431362,1.5548679166666666,3,-0.000684014205604259,-0.004024040720949226,-0.001539845418976303,0.002046414171836871,671.2654207543947,906.1754966191405,539.567423211719,284.9947132059375,8,2.9,
freMTPL2sev,TabICLv2-FT-A1-s1,1.2-2.0,2,without_max,0.0,1,2000,1000,1.2290445769431362,1.5548679166666666,0,0.0,0.0,0.0,0.0,672.2261769628907,893.357377209961,528.3498727527345,228.1248583426563,10,2.9,
freMTPL2sev,TabICLv2-FT-A1-s1,1.2-2.0,2,raw,0.0,1,2000,1000,1.2290445769431362,1.5548679166666666,0,-0.0017247114614788205,0.00998545525539887,-0.008883703852553805,0.057859592352949296,673.2469885522461,896.4872188676758,523.9717987097658,213.34093343640632,11,2.9,
freMTPL2sev,TabICLv2-FT-A1-s1,1.2-2.0,2,clip,200.0,1,2000,1000,1.2290445769431362,1.5548679166666666,3,-0.00020889976073079373,0.004921327266086106,0.0020782696948012944,0.00788711494592564,672.3367078051758,896.023228040039,527.7552711462891,224.06342089734378,11,2.9,
freMTPL2sev,TabICLv2-FT-A0-s2,1.2-2.0,2,without_max,0.0,1,2000,1000,1.2290445769431362,1.5548679166666666,0,0.0,0.0,0.0,0.0,671.2603268994142,907.0010363041993,541.7397501306643,294.9369562899219,8,3.3,
freMTPL2sev,TabICLv2-FT-A0-s2,1.2-2.0,2,raw,0.0,1,2000,1000,1.2290445769431362,1.5548679166666666,0,-0.003777620255608881,0.01432482679281979,0.02892333756819101,0.07425908123749192,675.9815646215822,916.6443567338866,547.6885894714845,276.5348362967578,7,3.3,
freMTPL2sev,TabICLv2-FT-A0-s2,1.2-2.0,2,clip,200.0,1,2000,1000,1.2290445769431362,1.5548679166666666,3,0.00046069050600998845,-0.0011404215278010763,-0.003796285412967172,0.00020259908673368033,672.5130124536133,909.4909205205078,541.1360467273439,291.57731573816415,8,3.3,
freMTPL2sev,TabICLv2-FT-A1-s2,1.2-2.0,2,without_max,0.0,1,2000,1000,1.2290445769431362,1.5548679166666666,0,0.0,0.0,0.0,0.0,671.483975024414,897.9246157670899,527.2366436414064,225.83498015125002,12,2.8,
freMTPL2sev,TabICLv2-FT-A1-s2,1.2-2.0,2,raw,0.0,1,2000,1000,1.2290445769431362,1.5548679166666666,0,-0.001577762580115321,0.012533019343694574,-0.01707746166739691,0.05001220317006608,672.6551056713867,901.5144132524413,519.7552684753908,210.76486489343753,11,2.8,
freMTPL2sev,TabICLv2-FT-A1-s2,1.2-2.0,2,clip,200.0,1,2000,1000,1.2290445769431362,1.5548679166666666,3,0.0002741626839572909,0.007413506444898543,0.0007895238049344682,0.00616722696651779,671.490045546875,900.7862646367187,525.7561763513673,220.72588581921877,11,2.8,
freMTPL2sev,TabICLv2,1.2-2.0,3,without_max,0.0,1,2000,1000,1.3200845992013304,1.269595762753249,0,0.0,0.0,0.0,0.0,557.6000107568359,715.4288093276366,437.2493959652346,164.42030233480472,6,2.9,
freMTPL2sev,TabICLv2,1.2-2.0,3,raw,0.0,1,2000,1000,1.3200845992013304,1.269595762753249,0,-0.006973352515002199,-0.007979599905159902,-0.08632466050065214,-0.03472676279060602,558.654147158203,713.873286620117,432.75441081386737,154.72143241976568,8,2.9,
freMTPL2sev,TabICLv2,1.2-2.0,3,clip,200.0,1,2000,1000,1.3200845992013304,1.269595762753249,5,0.007383979705671419,-0.013794740972597645,0.04950297206555597,-0.04374558292606948,555.9272192346192,717.1308140566406,437.162387205469,172.7171840516016,5,2.9,
freMTPL2sev,TabICLv2-FT-A0-s1,1.2-2.0,3,without_max,0.0,1,2000,1000,1.3200845992013304,1.269595762753249,0,0.0,0.0,0.0,0.0,556.0548059008789,711.2271627236328,420.35747675625015,175.7406006111719,8,2.7,
freMTPL2sev,TabICLv2-FT-A0-s1,1.2-2.0,3,raw,0.0,1,2000,1000,1.3200845992013304,1.269595762753249,0,0.009261868685049272,0.007145063218781745,-0.030745233358916865,0.03880947473088217,558.7782414331054,705.9982701308592,426.943037176172,167.62207176937503,9,2.7,
freMTPL2sev,TabICLv2-FT-A0-s1,1.2-2.0,3,clip,200.0,1,2000,1000,1.3200845992013304,1.269595762753249,5,-0.006905696538043085,-0.03992289197365369,-0.046328275419837,-0.1390513327995781,555.4940415075685,708.8023318593749,411.6821890902346,192.8693074549219,8,2.7,
freMTPL2sev,TabICLv2-FT-A1-s1,1.2-2.0,3,without_max,0.0,1,2000,1000,1.3200845992013304,1.269595762753249,0,0.0,0.0,0.0,0.0,556.1325077172851,698.4297107875976,397.45947520351575,147.8351080310938,8,2.6,
freMTPL2sev,TabICLv2-FT-A1-s1,1.2-2.0,3,raw,0.0,1,2000,1000,1.3200845992013304,1.269595762753249,0,0.002213364991404668,-0.0032226026988987286,-0.024411254201297562,0.0923956595934721,556.9105952368163,696.7911668764649,400.1801711751955,138.17139085921877,8,2.6,
freMTPL2sev,TabICLv2-FT-A1-s1,1.2-2.0,3,clip,200.0,1,2000,1000,1.3200845992013304,1.269595762753249,5,0.0018555938289399744,0.008084628121479014,0.05632864866969759,-0.10676770785227274,554.7541502233887,701.1365455532226,400.089263269922,154.6255273982813,8,2.6,
freMTPL2sev,TabICLv2-FT-A0-s2,1.2-2.0,3,without_max,0.0,1,2000,1000,1.3200845992013304,1.269595762753249,0,0.0,0.0,0.0,0.0,555.2220863476562,709.2572929628906,420.560681551172,178.3210358611719,7,2.9,
freMTPL2sev,TabICLv2-FT-A0-s2,1.2-2.0,3,raw,0.0,1,2000,1000,1.3200845992013304,1.269595762753249,0,-0.011106270243466818,0.0003022256960989955,-0.021033655327624735,0.046948715117319066,557.3121346020507,702.4945593569337,426.49287627773464,169.13054575765628,8,2.9,
freMTPL2sev,TabICLv2-FT-A0-s2,1.2-2.0,3,clip,200.0,1,2000,1000,1.3200845992013304,1.269595762753249,5,0.019582687800252168,-0.016996484359357453,-0.03853260737499669,-0.1329913949058309,554.6649825463867,708.1592681923828,412.5384037289064,197.7283279275781,7,2.9,
freMTPL2sev,TabICLv2-FT-A1-s2,1.2-2.0,3,without_max,0.0,1,2000,1000,1.3200845992013304,1.269595762753249,0,0.0,0.0,0.0,0.0,555.5800576196289,703.0185756240234,399.32009826992197,148.57496901351567,8,2.8,
freMTPL2sev,TabICLv2-FT-A1-s2,1.2-2.0,3,raw,0.0,1,2000,1000,1.3200845992013304,1.269595762753249,0,0.0025946302731086365,-0.005021919366821682,-0.00377360905451805,0.10761498671126457,556.5068702709962,698.3497250527344,405.1033079720704,138.35058027328128,9,2.8,
freMTPL2sev,TabICLv2-FT-A1-s2,1.2-2.0,3,clip,200.0,1,2000,1000,1.3200845992013304,1.269595762753249,5,0.008584070050568361,0.010121997064761707,0.026975238630417543,-0.12143043921034055,554.6714826147461,704.8576360170897,398.91081975429705,156.1803583767969,8,2.8,
freMTPL2sev,TabICLv2,1.2-2.0,4,without_max,0.0,1,2000,1000,1.716189778401475,1.813200223480616,0,0.0,0.0,0.0,0.0,1091.5265113012695,1625.4208167128907,1245.2303760140626,978.0212789109764,17,2.5,
freMTPL2sev,TabICLv2,1.2-2.0,4,raw,0.0,1,2000,1000,1.716189778401475,1.813200223480616,0,-0.012047214025337965,0.0023503195362189755,-0.12469442439587053,-0.05240024255568694,1094.6569386718747,1637.3358346791993,1266.8597826522462,988.593187988125,20,2.5,
freMTPL2sev,TabICLv2,1.2-2.0,4,clip,200.0,1,2000,1000,1.716189778401475,1.813200223480616,3,0.0011320367918655476,-0.016449218290866135,0.050826321827972726,-0.013865926608509025,1090.6267860461428,1632.6836656875,1243.122437181055,981.3211285808983,17,2.5,
freMTPL2sev,TabICLv2-FT-A0-s1,1.2-2.0,4,without_max,0.0,1,2000,1000,1.716189778401475,1.813200223480616,0,0.0,0.0,0.0,0.0,1090.7170569921877,1615.6712404970704,1245.7428421566408,974.0664040740626,19,2.3,
freMTPL2sev,TabICLv2-FT-A0-s1,1.2-2.0,4,raw,0.0,1,2000,1000,1.716189778401475,1.813200223480616,0,0.009769744282430572,0.025529859090595748,-0.021852582624693414,0.10694374446056314,1093.490111434326,1616.287068807617,1249.3844624251956,949.4896553787501,21,2.3,
freMTPL2sev,TabICLv2-FT-A0-s1,1.2-2.0,4,clip,200.0,1,2000,1000,1.716189778401475,1.813200223480616,3,-0.004014898659040636,-0.02942442604256324,-0.046644422483795696,-0.11778747004049296,1089.7833512231443,1620.4438558095706,1255.1407532259768,1002.1841787146876,22,2.3,
freMTPL2sev,TabICLv2-FT-A1-s1,1.2-2.0,4,without_max,0.0,1,2000,1000,1.716189778401475,1.813200223480616,0,0.0,0.0,0.0,0.0,1090.6055855859374,1612.1413175576172,1246.2903029232423,922.3862160994529,19,2.4,
freMTPL2sev,TabICLv2-FT-A1-s1,1.2-2.0,4,raw,0.0,1,2000,1000,1.716189778401475,1.813200223480616,0,-0.0017267544350590622,-0.012161083766262688,-0.03951968717232947,0.20331530023102667,1091.714012286377,1614.907280572754,1248.0972195394534,875.0120909842187,20,2.4,
freMTPL2sev,TabICLv2-FT-A1-s1,1.2-2.0,4,clip,200.0,1,2000,1000,1.716189778401475,1.813200223480616,3,0.002507441605922518,0.001682344911615056,0.018886622057254963,-0.10010385789989044,1089.6780018017578,1615.3714857827147,1252.5753066781251,953.3895707703515,20,2.4,
freMTPL2sev,TabICLv2-FT-A0-s2,1.2-2.0,4,without_max,0.0,1,2000,1000,1.716189778401475,1.813200223480616,0,0.0,0.0,0.0,0.0,1092.2272231469726,1619.095525367676,1245.3600665804688,980.1229044627345,19,2.5,
freMTPL2sev,TabICLv2-FT-A0-s2,1.2-2.0,4,raw,0.0,1,2000,1000,1.716189778401475,1.813200223480616,0,-0.01061816420859774,0.006876234712279406,-0.029520092726743198,0.0967443843458926,1094.690305628662,1621.4730249257811,1248.0665515365235,954.42664191,20,2.5,
freMTPL2sev,TabICLv2-FT-A0-s2,1.2-2.0,4,clip,200.0,1,2000,1000,1.716189778401475,1.813200223480616,3,0.013353567466047532,-0.014277408428897001,-0.031293485761867496,-0.10318692497167148,1090.0251664648438,1624.999489742676,1256.3209587875,1002.7136216375391,21,2.5,
freMTPL2sev,TabICLv2-FT-A1-s2,1.2-2.0,4,without_max,0.0,1,2000,1000,1.716189778401475,1.813200223480616,0,0.0,0.0,0.0,0.0,1090.5106163964845,1610.256089588867,1249.3641643490237,929.1617996053126,18,3.1,
freMTPL2sev,TabICLv2-FT-A1-s2,1.2-2.0,4,raw,0.0,1,2000,1000,1.716189778401475,1.813200223480616,0,-0.0006750226375126223,-0.015142177044036793,-0.03203536407152657,0.20205388019389625,1090.920755201416,1614.0477286342773,1247.9296299398438,881.0218750076561,19,3.1,
freMTPL2sev,TabICLv2-FT-A1-s2,1.2-2.0,4,clip,200.0,1,2000,1000,1.716189778401475,1.813200223480616,3,0.006530544391552302,-0.0027870375115018717,0.0415340725394478,-0.0780945154593461,1089.3825782373046,1614.636737940918,1251.9349419564455,951.3706689041408,19,3.1,
freMTPL2sev,TabICLv2,2.0-4.0,0,without_max,0.0,1,2000,1000,3.3654973474458685,4.5270301959133405,0,0.0,0.0,0.0,0.0,1470.2615537353518,2331.821969256836,2135.700224094141,1806.9856221398832,8,3.9,
freMTPL2sev,TabICLv2,2.0-4.0,0,raw,0.0,1,2000,1000,3.3654973474458685,4.5270301959133405,0,-0.06789863294788911,0.08522651626514832,-0.16647020677412477,0.022528761958714682,1485.1451852026369,2338.6605101674804,2158.572134650781,1802.3716589807034,9,3.9,
freMTPL2sev,TabICLv2,2.0-4.0,0,clip,200.0,1,2000,1000,3.3654973474458685,4.5270301959133405,5,0.005525910045974605,-0.03598296027132858,-0.01969037632049524,-0.09130678530480678,1469.6529800952148,2324.5436687514657,2107.6375615794927,1811.4289393830468,8,3.9,
freMTPL2sev,TabICLv2-FT-A0-s1,2.0-4.0,0,without_max,0.0,1,2000,1000,3.3654973474458685,4.5270301959133405,0,0.0,0.0,0.0,0.0,1469.7937548974612,2323.9974495302736,2119.2452442503914,1804.7299554963283,9,3.4,
freMTPL2sev,TabICLv2-FT-A0-s1,2.0-4.0,0,raw,0.0,1,2000,1000,3.3654973474458685,4.5270301959133405,0,-0.04311179866076434,0.09658976179017431,-0.06119119701876684,0.2694567279408402,1480.9118467675783,2320.502354945312,2132.5566360863286,1767.3717320666406,8,3.4,
freMTPL2sev,TabICLv2-FT-A0-s1,2.0-4.0,0,clip,200.0,1,2000,1000,3.3654973474458685,4.5270301959133405,5,-0.0011451719204529061,-0.03930160299350351,-0.06749249325354038,-0.13364315648424308,1469.1510907958987,2318.428431292969,2104.6242162621097,1819.3508869592185,10,3.4,
freMTPL2sev,TabICLv2-FT-A1-s1,2.0-4.0,0,without_max,0.0,1,2000,1000,3.3654973474458685,4.5270301959133405,0,0.0,0.0,0.0,0.0,1469.4962970410156,2314.1882578579102,2117.2548163255865,1791.4077214865627,10,3.4,
freMTPL2sev,TabICLv2-FT-A1-s1,2.0-4.0,0,raw,0.0,1,2000,1000,3.3654973474458685,4.5270301959133405,0,-0.07120188555671744,0.04307505652030625,-0.0835670883984054,0.5508218923315721,1483.468722175293,2312.5264803579107,2110.595333835351,1735.0307996506249,11,3.4,
freMTPL2sev,TabICLv2-FT-A1-s1,2.0-4.0,0,clip,200.0,1,2000,1000,3.3654973474458685,4.5270301959133405,5,0.004509750011791455,0.004420864617276725,0.05435756901003975,-0.076117273974182,1469.1710330297851,2312.6372962343753,2107.527838410547,1800.1293414728905,10,3.4,
freMTPL2sev,TabICLv2-FT-A0-s2,2.0-4.0,0,without_max,0.0,1,2000,1000,3.3654973474458685,4.5270301959133405,0,0.0,0.0,0.0,0.0,1471.3447102294922,2323.670575753418,2124.8868607152344,1800.2401386682034,8,3.2,
freMTPL2sev,TabICLv2-FT-A0-s2,2.0-4.0,0,raw,0.0,1,2000,1000,3.3654973474458685,4.5270301959133405,0,-0.10186849486696187,0.07996956154151003,-0.0725390264184303,0.2585818548249832,1490.5630701782227,2320.6412382070316,2151.796973058985,1770.2417120275782,8,3.2,
freMTPL2sev,TabICLv2-FT-A0-s2,2.0-4.0,0,clip,200.0,1,2000,1000,3.3654973474458685,4.5270301959133405,5,0.01473173120009661,-0.015486823207234376,-0.08137743683395805,-0.1438362583057966,1469.4804290625002,2318.2382554580076,2105.2833331371094,1817.9502970920314,9,3.2,
freMTPL2sev,TabICLv2-FT-A1-s2,2.0-4.0,0,without_max,0.0,1,2000,1000,3.3654973474458685,4.5270301959133405,0,0.0,0.0,0.0,0.0,1469.5069670385742,2313.4611179995118,2119.273910934961,1790.4568057014064,10,4.7,
freMTPL2sev,TabICLv2-FT-A1-s2,2.0-4.0,0,raw,0.0,1,2000,1000,3.3654973474458685,4.5270301959133405,0,-0.06021612418423594,0.01706093153356273,-0.04385208006587933,0.5739558158814866,1480.8050693579103,2314.7144968618168,2114.6794795775395,1731.4324590607812,9,4.7,
freMTPL2sev,TabICLv2-FT-A1-s2,2.0-4.0,0,clip,200.0,1,2000,1000,3.3654973474458685,4.5270301959133405,5,0.008971774136064651,0.011604535592074547,0.032159806987893474,-0.09020370758662288,1468.9159929638672,2313.261198148438,2109.4399349193363,1800.8949091682034,10,4.7,
freMTPL2sev,TabICLv2,2.0-4.0,1,without_max,0.0,1,2000,1000,3.0002932967580054,4.885431993960122,0,0.0,0.0,0.0,0.0,890.5191173950195,1283.6551108696287,851.2811210906252,500.47058167742205,10,2.9,
freMTPL2sev,TabICLv2,2.0-4.0,1,raw,0.0,1,2000,1000,3.0002932967580054,4.885431993960122,0,-0.05361771587127055,0.07956135034268096,0.015547619352343053,0.2391722284953235,901.9556729174805,1280.1812502055664,768.3040571111331,366.3808875270313,10,2.9,
freMTPL2sev,TabICLv2,2.0-4.0,1,clip,200.0,1,2000,1000,3.0002932967580054,4.885431993960122,6,0.008813363517807024,-0.010567461812822329,0.08037509780709645,-0.046609593477973846,888.8361411230469,1277.631149229004,833.066657164844,517.6336440905079,9,2.9,
freMTPL2sev,TabICLv2-FT-A0-s1,2.0-4.0,1,without_max,0.0,1,2000,1000,3.0002932967580054,4.885431993960122,0,0.0,0.0,0.0,0.0,890.7148212573242,1273.7688228886718,839.6943989617189,514.2469920543749,10,3.3,
freMTPL2sev,TabICLv2-FT-A0-s1,2.0-4.0,1,raw,0.0,1,2000,1000,3.0002932967580054,4.885431993960122,0,-0.018049293444922624,0.12658567569155543,0.06013387090646848,0.40260998329888087,896.8874907641601,1273.5319847807618,772.2522110808595,356.9120310621874,8,3.3,
freMTPL2sev,TabICLv2-FT-A0-s1,2.0-4.0,1,clip,200.0,1,2000,1000,3.0002932967580054,4.885431993960122,6,-0.012349836249404271,0.005347706552832421,-0.0028210707738700103,-0.13384287330232433,889.4151675317382,1268.6948094902345,834.4658162664066,550.8679853610157,9,3.3,
freMTPL2sev,TabICLv2-FT-A1-s1,2.0-4.0,1,without_max,0.0,1,2000,1000,3.0002932967580054,4.885431993960122,0,0.0,0.0,0.0,0.0,891.1262614111328,1279.1344812724608,874.7690658757815,506.45286100749996,14,2.6,
freMTPL2sev,TabICLv2-FT-A1-s1,2.0-4.0,1,raw,0.0,1,2000,1000,3.0002932967580054,4.885431993960122,0,-0.041551814651042865,0.04016917237879909,-0.023115614080138236,0.5845229937054267,899.9573648266602,1270.6050423833005,819.9458111394534,361.97909285125013,13,2.6,
freMTPL2sev,TabICLv2-FT-A1-s1,2.0-4.0,1,clip,200.0,1,2000,1000,3.0002932967580054,4.885431993960122,6,-0.00032917369311783243,0.032721872432004875,0.10502776114825446,-0.1174258669884772,890.658540979004,1270.4553778862303,836.7242285100588,521.913429474297,11,2.6,
freMTPL2sev,TabICLv2-FT-A0-s2,2.0-4.0,1,without_max,0.0,1,2000,1000,3.0002932967580054,4.885431993960122,0,0.0,0.0,0.0,0.0,892.3928546704102,1277.2365897172851,847.8057002117191,510.17891577117194,10,2.8,
freMTPL2sev,TabICLv2-FT-A0-s2,2.0-4.0,1,raw,0.0,1,2000,1000,3.0002932967580054,4.885431993960122,0,-0.08388790026915274,0.08833175906635046,0.08238870893474745,0.42076008937711556,909.5695509667968,1271.5720485820314,771.1316129753909,367.6239101246876,8,2.8,
freMTPL2sev,TabICLv2-FT-A0-s2,2.0-4.0,1,clip,200.0,1,2000,1000,3.0002932967580054,4.885431993960122,6,0.01460846066390902,0.011581040931468771,-0.019149064793693577,-0.1423111505788589,889.3160892456056,1271.222293660156,837.0340683464846,552.3309483317188,9,2.8,
freMTPL2sev,TabICLv2-FT-A1-s2,2.0-4.0,1,without_max,0.0,1,2000,1000,3.0002932967580054,4.885431993960122,0,0.0,0.0,0.0,0.0,890.529843581543,1283.2908881987305,882.1929927654298,510.5081815153125,13,3.6,
freMTPL2sev,TabICLv2-FT-A1-s2,2.0-4.0,1,raw,0.0,1,2000,1000,3.0002932967580054,4.885431993960122,0,-0.043448044347228126,0.030009986778622065,0.038619302717891824,0.6278598409127365,899.486220715332,1272.268262114746,815.3353342351564,355.67316366375,11,3.6,
freMTPL2sev,TabICLv2-FT-A1-s2,2.0-4.0,1,clip,200.0,1,2000,1000,3.0002932967580054,4.885431993960122,6,-0.0010967994650069772,0.03232839849283091,0.08810248228903358,-0.11582958249672293,889.8803482739257,1271.361971970703,844.2569575725588,522.5563180875781,11,3.6,
freMTPL2sev,TabICLv2,2.0-4.0,2,without_max,0.0,1,2000,1000,3.2407568512466,4.703435836077544,0,0.0,0.0,0.0,0.0,545.5972136328124,681.6298644912109,400.7828624183596,151.49175306507814,2,2.8,
freMTPL2sev,TabICLv2,2.0-4.0,2,raw,0.0,1,2000,1000,3.2407568512466,4.703435836077544,0,-0.04740192558716405,0.07985770535390221,-0.05218834482804252,0.17459534528647003,555.8472066259765,676.1497215541992,410.196935611719,108.98661008363287,5,2.8,
freMTPL2sev,TabICLv2,2.0-4.0,2,clip,200.0,1,2000,1000,3.2407568512466,4.703435836077544,7,0.0002632001590310455,-0.00028061778919546114,0.07405051257566014,-0.028424034349970075,544.8730259619141,679.8397512050781,371.92449567519554,137.75530606800785,2,2.8,
freMTPL2sev,TabICLv2-FT-A0-s1,2.0-4.0,2,without_max,0.0,1,2000,1000,3.2407568512466,4.703435836077544,0,0.0,0.0,0.0,0.0,546.6904334448243,665.5370999355467,360.0105186976564,151.0837126392969,2,2.8,
freMTPL2sev,TabICLv2-FT-A0-s1,2.0-4.0,2,raw,0.0,1,2000,1000,3.2407568512466,4.703435836077544,0,-0.021126224587436883,0.08947267249033206,0.10036171285875947,0.49609834160192046,554.0394899023437,663.6394446181641,400.86689329726585,116.79391088343756,2,2.8,
freMTPL2sev,TabICLv2-FT-A0-s1,2.0-4.0,2,clip,200.0,1,2000,1000,3.2407568512466,4.703435836077544,7,-0.00788474562703147,-0.007522583977967292,-0.006501294381477326,-0.10630744269895051,545.3368608789062,658.5142231899414,332.7935788148439,140.90593046351566,3,2.8,
freMTPL2sev,TabICLv2-FT-A1-s1,2.0-4.0,2,without_max,0.0,1,2000,1000,3.2407568512466,4.703435836077544,0,0.0,0.0,0.0,0.0,546.0892200976563,650.2376951381837,340.69403858535173,151.1184173346094,4,2.5,
freMTPL2sev,TabICLv2-FT-A1-s1,2.0-4.0,2,raw,0.0,1,2000,1000,3.2407568512466,4.703435836077544,0,-0.048451663140890076,0.03441517517205163,0.03580538843894866,0.721812736170689,555.2381605810547,651.2429289541016,344.31640994277365,123.55819780140631,6,2.5,
freMTPL2sev,TabICLv2-FT-A1-s1,2.0-4.0,2,clip,200.0,1,2000,1000,3.2407568512466,4.703435836077544,7,-0.0015120533816734751,0.03595286107027693,0.06624597359125009,-0.10646510655481153,545.1751616503906,650.3846416347656,331.2135331996095,136.08897174476564,2,2.5,
freMTPL2sev,TabICLv2-FT-A0-s2,2.0-4.0,2,without_max,0.0,1,2000,1000,3.2407568512466,4.703435836077544,0,0.0,0.0,0.0,0.0,547.5972543652344,669.4857674550781,366.32151104140644,149.72201620179692,3,2.6,
freMTPL2sev,TabICLv2-FT-A0-s2,2.0-4.0,2,raw,0.0,1,2000,1000,3.2407568512466,4.703435836077544,0,-0.083133766040933,0.0693326244269232,0.1149963897345749,0.4918590743381628,563.1698982153321,663.6372781435547,417.46536479140656,119.05048864906256,1,2.6,
freMTPL2sev,TabICLv2-FT-A0-s2,2.0-4.0,2,clip,200.0,1,2000,1000,3.2407568512466,4.703435836077544,7,0.011089757938598892,0.0072962815463802145,-0.004137100457397096,-0.10146562108124255,545.3493747802734,659.7686509023437,340.16962011367207,141.1092130846094,3,2.6,
freMTPL2sev,TabICLv2-FT-A1-s2,2.0-4.0,2,without_max,0.0,1,2000,1000,3.2407568512466,4.703435836077544,0,0.0,0.0,0.0,0.0,546.139429765625,653.0305451357422,345.94036985976584,155.9568712252344,5,2.5,
freMTPL2sev,TabICLv2-FT-A1-s2,2.0-4.0,2,raw,0.0,1,2000,1000,3.2407568512466,4.703435836077544,0,-0.0497500575463181,0.01893234531927436,0.04202601134007064,0.7191704777906349,554.6551842236328,652.695664227539,346.89470670546893,115.2735179420313,5,2.5,
freMTPL2sev,TabICLv2-FT-A1-s2,2.0-4.0,2,clip,200.0,1,2000,1000,3.2407568512466,4.703435836077544,7,-0.004504360857312348,0.02516398539845613,0.05498912729493934,-0.10731988427037037,545.2344645971681,652.1907996791992,339.08641710585954,143.1536548404688,2,2.5,
freMTPL2sev,TabICLv2,2.0-4.0,3,without_max,0.0,1,2000,1000,3.720029507824978,6.678985896692118,0,0.0,0.0,0.0,0.0,716.2049724707032,961.03258995166,519.1957897634768,142.99151476394536,11,2.5,
freMTPL2sev,TabICLv2,2.0-4.0,3,raw,0.0,1,2000,1000,3.720029507824978,6.678985896692118,0,-0.07033377746200736,0.0719130667232097,-0.2246587621090306,-0.0019509853755719122,728.7931112109375,949.9309046538084,547.5647688650394,168.51957062625004,16,2.5,
freMTPL2sev,TabICLv2,2.0-4.0,3,clip,200.0,1,2000,1000,3.720029507824978,6.678985896692118,6,-4.3048408955095494e-05,-0.03331377953615433,-0.04839936066600865,-0.09580538541152597,715.4907707373048,952.0796471391602,479.4103609500002,134.40872608132818,12,2.5,
freMTPL2sev,TabICLv2-FT-A0-s1,2.0-4.0,3,without_max,0.0,1,2000,1000,3.720029507824978,6.678985896692118,0,0.0,0.0,0.0,0.0,716.6359742065431,933.1763022172852,505.2708631863283,148.57245039382818,10,2.5,
freMTPL2sev,TabICLv2-FT-A0-s1,2.0-4.0,3,raw,0.0,1,2000,1000,3.720029507824978,6.678985896692118,0,-0.03820042977302844,0.11785940299081064,-0.04474328504886567,0.34412579405377386,725.246902541504,929.3838375639648,516.6259255984377,113.96232038015631,12,2.5,
freMTPL2sev,TabICLv2-FT-A0-s1,2.0-4.0,3,clip,200.0,1,2000,1000,3.720029507824978,6.678985896692118,6,-0.0043897163602094145,-0.025623460454465383,-0.08618490229321113,-0.1355532075547727,715.3539646972657,927.4859828886719,468.99526860625025,150.0516835715625,11,2.5,
freMTPL2sev,TabICLv2-FT-A1-s1,2.0-4.0,3,without_max,0.0,1,2000,1000,3.720029507824978,6.678985896692118,0,0.0,0.0,0.0,0.0,716.5105917919923,923.5890066240235,480.54511210234386,105.71534789382818,16,3.2,
freMTPL2sev,TabICLv2-FT-A1-s1,2.0-4.0,3,raw,0.0,1,2000,1000,3.720029507824978,6.678985896692118,0,-0.05997289593664476,0.03147970155957396,-0.08422007588670666,0.6544068253742918,727.0346048217773,926.9312760014649,503.13455164335954,103.51708803250008,18,3.2,
freMTPL2sev,TabICLv2-FT-A1-s1,2.0-4.0,3,clip,200.0,1,2000,1000,3.720029507824978,6.678985896692118,6,0.004665943277171559,0.011109216994410774,-0.0034334551356079634,-0.10011334639767158,715.2409985009766,923.8100181694334,476.421471111133,110.91566977078129,15,3.2,
freMTPL2sev,TabICLv2-FT-A0-s2,2.0-4.0,3,without_max,0.0,1,2000,1000,3.720029507824978,6.678985896692118,0,0.0,0.0,0.0,0.0,716.9560440136719,937.6264068999023,503.3896430984377,148.47488149539063,11,3.0,
freMTPL2sev,TabICLv2-FT-A0-s2,2.0-4.0,3,raw,0.0,1,2000,1000,3.720029507824978,6.678985896692118,0,-0.1251431189398234,0.09007787892539279,-0.05337736481225533,0.3336881937102908,739.8769867236327,937.0292513725585,537.5829010427736,116.48755447000008,13,3.0,
freMTPL2sev,TabICLv2-FT-A0-s2,2.0-4.0,3,clip,200.0,1,2000,1000,3.720029507824978,6.678985896692118,6,0.005928664612498956,-0.008057386994557277,-0.08740822780307958,-0.1384119727330342,715.2251577050781,928.3128128496094,469.7390881814454,155.5760828010547,11,3.0,
freMTPL2sev,TabICLv2-FT-A1-s2,2.0-4.0,3,without_max,0.0,1,2000,1000,3.720029507824978,6.678985896692118,0,0.0,0.0,0.0,0.0,715.9934116406251,923.9790390117188,480.4188008914064,103.49033808132818,14,2.9,
freMTPL2sev,TabICLv2-FT-A1-s2,2.0-4.0,3,raw,0.0,1,2000,1000,3.720029507824978,6.678985896692118,0,-0.047377354538944524,0.012088415743014082,-0.0007702825132156249,0.7198772188123987,724.6681891186523,925.446220256836,509.83042674101586,105.5230171184376,15,2.9,
freMTPL2sev,TabICLv2-FT-A1-s2,2.0-4.0,3,clip,200.0,1,2000,1000,3.720029507824978,6.678985896692118,6,0.0007408435587359429,0.004360167399929969,-0.0115980254261434,-0.10244541699908012,714.6264311987306,924.6574589677733,470.36305343535173,110.97680510183596,14,2.9,
freMTPL2sev,TabICLv2,2.0-4.0,4,without_max,0.0,1,2000,1000,3.142129064684601,4.98119199287656,0,0.0,0.0,0.0,0.0,699.2349657739259,964.9394404438476,706.4958437062502,408.25485921046885,8,2.9,
freMTPL2sev,TabICLv2,2.0-4.0,4,raw,0.0,1,2000,1000,3.142129064684601,4.98119199287656,0,-0.07193546848504367,0.12162362607942823,0.023532136816424715,0.24213826219026857,714.9282304785156,955.7557106123046,717.5672677882815,367.4510374038282,6,2.9,
freMTPL2sev,TabICLv2,2.0-4.0,4,clip,200.0,1,2000,1000,3.142129064684601,4.98119199287656,6,0.0019120990728056573,-0.03455552857359983,0.057798702699699174,-0.0552498175664682,696.652344244385,953.4533481831055,667.5373988283205,387.8480749907422,7,2.9,
freMTPL2sev,TabICLv2-FT-A0-s1,2.0-4.0,4,without_max,0.0,1,2000,1000,3.142129064684601,4.98119199287656,0,0.0,0.0,0.0,0.0,699.6256776342774,943.2143820258789,681.3717375392581,407.0896486049999,8,2.9,
freMTPL2sev,TabICLv2-FT-A0-s1,2.0-4.0,4,raw,0.0,1,2000,1000,3.142129064684601,4.98119199287656,0,-0.0353006419646716,0.1057629986600674,0.12396604892418536,0.5107998509703996,707.172396928711,946.3254769306641,684.3027111281252,361.3037730971876,7,2.9,
freMTPL2sev,TabICLv2-FT-A0-s1,2.0-4.0,4,clip,200.0,1,2000,1000,3.142129064684601,4.98119199287656,6,-0.009048179656548267,-0.03649416021977506,0.007018132584215268,-0.13024732561107707,697.3593141040039,939.4409090888672,664.5455492726563,421.2886310542188,7,2.9,
freMTPL2sev,TabICLv2-FT-A1-s1,2.0-4.0,4,without_max,0.0,1,2000,1000,3.142129064684601,4.98119199287656,0,0.0,0.0,0.0,0.0,698.6378556616211,932.6208064130859,653.4338488283204,374.7880172925,10,2.8,
freMTPL2sev,TabICLv2-FT-A1-s1,2.0-4.0,4,raw,0.0,1,2000,1000,3.142129064684601,4.98119199287656,0,-0.06615500415368217,0.06196445495737582,0.01927351269817234,0.6795363621490846,713.0326873510743,931.5510679707031,639.6503510060548,316.108528308125,9,2.8,
freMTPL2sev,TabICLv2-FT-A1-s1,2.0-4.0,4,clip,200.0,1,2000,1000,3.142129064684601,4.98119199287656,6,0.004221185899414781,0.018977442056289588,0.0885071979723785,-0.13604176236446716,697.6789031945801,930.4053803364258,646.8722897169923,385.20725560890634,9,2.8,
freMTPL2sev,TabICLv2-FT-A0-s2,2.0-4.0,4,without_max,0.0,1,2000,1000,3.142129064684601,4.98119199287656,0,0.0,0.0,0.0,0.0,699.7752843408202,943.1453628071288,678.7000352931642,406.98861686281253,8,3.0,
freMTPL2sev,TabICLv2-FT-A0-s2,2.0-4.0,4,raw,0.0,1,2000,1000,3.142129064684601,4.98119199287656,0,-0.07066160594293308,0.12102345376458506,0.18806433065888953,0.5705577650315186,715.084127751465,944.1180037373047,692.0360874269534,349.95510712648445,6,3.0,
freMTPL2sev,TabICLv2-FT-A0-s2,2.0-4.0,4,clip,200.0,1,2000,1000,3.142129064684601,4.98119199287656,6,0.020212613228602575,-0.017019010100346815,0.01773665075235977,-0.11696880589428604,696.7477682177736,939.0722513081054,664.5115911769532,418.66346010890635,7,3.0,
freMTPL2sev,TabICLv2-FT-A1-s2,2.0-4.0,4,without_max,0.0,1,2000,1000,3.142129064684601,4.98119199287656,0,0.0,0.0,0.0,0.0,697.7414738110352,933.5681361835938,654.8036860451174,376.0516202983593,10,3.2,
freMTPL2sev,TabICLv2-FT-A1-s2,2.0-4.0,4,raw,0.0,1,2000,1000,3.142129064684601,4.98119199287656,0,-0.05205319271690895,0.03585184050211851,0.06589454012199092,0.7197573654791205,708.2942183959962,933.348053114746,643.2057290138672,318.2891053198438,10,3.2,
freMTPL2sev,TabICLv2-FT-A1-s2,2.0-4.0,4,clip,200.0,1,2000,1000,3.142129064684601,4.98119199287656,6,0.002849466122631584,0.017985134050523904,0.1047938261617884,-0.11631580560715161,696.7510999255371,932.737456557129,647.5269108253908,382.37373901125005,8,3.2,
freMTPL2sev,TabICLv2,4.0-inf,0,without_max,0.0,1,2000,1000,4.884899964701051,7.694167232876713,0,0.0,0.0,0.0,0.0,671.1046145349121,881.05471495166,565.6263706218751,277.6525760660938,7,2.6,
freMTPL2sev,TabICLv2,4.0-inf,0,raw,0.0,1,2000,1000,4.884899964701051,7.694167232876713,0,-0.07848123924631019,0.05692692165056786,-0.15412773455259673,0.12175586447051373,689.0797477490233,875.8327455913086,588.7923409832034,290.42095431804694,7,2.6,
freMTPL2sev,TabICLv2,4.0-inf,0,clip,200.0,1,2000,1000,4.884899964701051,7.694167232876713,4,-0.0007522366163981469,-0.010078570109532111,-0.005278750765389502,-0.04102261610118762,675.3607076013184,882.8060464360351,564.3476152507814,285.56423293914065,7,2.6,
freMTPL2sev,TabICLv2-FT-A0-s1,4.0-inf,0,without_max,0.0,1,2000,1000,4.884899964701051,7.694167232876713,0,0.0,0.0,0.0,0.0,669.1052957263183,868.366344241211,555.502076666797,307.1945605250782,8,2.6,
freMTPL2sev,TabICLv2-FT-A0-s1,4.0-inf,0,raw,0.0,1,2000,1000,4.884899964701051,7.694167232876713,0,-0.03047233390839804,0.08912611766725773,0.12329710077077174,0.66736961683025,680.579139543457,873.078739734375,580.0974489519533,255.2377274567188,7,2.6,
freMTPL2sev,TabICLv2-FT-A0-s1,4.0-inf,0,clip,200.0,1,2000,1000,4.884899964701051,7.694167232876713,4,-0.0016872422429838941,-0.01653408495236862,-0.03617806372151079,-0.075247474979492,668.6873499377442,869.6360435893554,555.6589233074221,326.3929319899219,8,2.6,
freMTPL2sev,TabICLv2-FT-A1-s1,4.0-inf,0,without_max,0.0,1,2000,1000,4.884899964701051,7.694167232876713,0,0.0,0.0,0.0,0.0,671.2996901574708,859.7223906254883,541.6216992449221,268.46698014226564,8,2.6,
freMTPL2sev,TabICLv2-FT-A1-s1,4.0-inf,0,raw,0.0,1,2000,1000,4.884899964701051,7.694167232876713,0,-0.06041694905027517,0.015847741300973557,-0.019088521830425476,0.8794476371206991,686.3811244677735,858.1203657573241,557.3678016570312,202.49524720281255,8,2.6,
freMTPL2sev,TabICLv2-FT-A1-s1,4.0-inf,0,clip,200.0,1,2000,1000,4.884899964701051,7.694167232876713,4,0.0023731285047762334,0.007623888659147975,0.013391804535941569,-0.054810608876650665,670.4190401660156,861.496175869629,550.251597633594,280.3856674020313,8,2.6,
freMTPL2sev,TabICLv2-FT-A0-s2,4.0-inf,0,without_max,0.0,1,2000,1000,4.884899964701051,7.694167232876713,0,0.0,0.0,0.0,0.0,669.5620654260254,870.3766686210937,557.3466970964845,305.153656241875,8,2.7,
freMTPL2sev,TabICLv2-FT-A0-s2,4.0-inf,0,raw,0.0,1,2000,1000,4.884899964701051,7.694167232876713,0,-0.09435365878725388,0.05054306179576695,0.11831201268555247,0.6556005792248754,692.3676430810547,871.6715295683593,580.7759811785157,255.21269248796884,6,2.7,
freMTPL2sev,TabICLv2-FT-A0-s2,4.0-inf,0,clip,200.0,1,2000,1000,4.884899964701051,7.694167232876713,4,0.005367781407745794,-0.004458829984696943,-0.03661543795564382,-0.07714880305273458,668.9922469665528,872.470903982422,558.6877391375002,327.0602191754688,8,2.7,
freMTPL2sev,TabICLv2-FT-A1-s2,4.0-inf,0,without_max,0.0,1,2000,1000,4.884899964701051,7.694167232876713,0,0.0,0.0,0.0,0.0,671.2314947424317,861.3830368754882,540.2452373064453,270.5215707633594,8,2.5,
freMTPL2sev,TabICLv2-FT-A1-s2,4.0-inf,0,raw,0.0,1,2000,1000,4.884899964701051,7.694167232876713,0,-0.04809416296301411,-0.020650269509358832,-0.005463867772120828,0.8948734789666501,682.6032003662109,858.454590503418,558.8907954070314,204.03273814031255,9,2.5,
freMTPL2sev,TabICLv2-FT-A1-s2,4.0-inf,0,clip,200.0,1,2000,1000,4.884899964701051,7.694167232876713,4,0.0022539971709277214,0.004683325802503248,0.01730576857969679,-0.049251335039525834,670.3041831286622,863.8543757988282,551.090613673633,281.9022998649219,8,2.5,
freMTPL2sev,TabICLv2,4.0-inf,1,without_max,0.0,1,2000,1000,11.940522827723639,19.384577376649748,0,0.0,0.0,0.0,0.0,1034.9182162524412,1526.9028517651368,1175.314645850586,862.014455194922,11,2.4,
freMTPL2sev,TabICLv2,4.0-inf,1,raw,0.0,1,2000,1000,11.940522827723639,19.384577376649748,0,-0.15475800635699616,0.07993228126115305,-0.144117572252354,0.3711459743071678,1066.8408184326172,1537.7451170751951,1242.6154086826173,825.3015247515626,15,2.4,
freMTPL2sev,TabICLv2,4.0-inf,1,clip,200.0,1,2000,1000,11.940522827723639,19.384577376649748,4,0.0043213002075420375,-0.008642402632651716,0.044480108861956955,-0.030823696323262123,1033.9609747302245,1516.4037040795897,1164.867638423828,865.9798118013671,11,2.4,
freMTPL2sev,TabICLv2-FT-A0-s1,4.0-inf,1,without_max,0.0,1,2000,1000,11.940522827723639,19.384577376649748,0,0.0,0.0,0.0,0.0,1035.7549912329102,1514.3387804541014,1183.3062839414067,873.7078884546877,12,2.8,
freMTPL2sev,TabICLv2-FT-A0-s1,4.0-inf,1,raw,0.0,1,2000,1000,11.940522827723639,19.384577376649748,0,-0.04587969664261564,0.013574780988982564,-0.18357866716363025,1.033291601048886,1059.120310078125,1518.0306936865231,1228.6536702158205,794.5581777828128,15,2.8,
freMTPL2sev,TabICLv2-FT-A0-s1,4.0-inf,1,clip,200.0,1,2000,1000,11.940522827723639,19.384577376649748,4,-0.013640517088489339,-0.008917147755750802,-0.05164879284819872,-0.12113936647669071,1034.7663432714844,1511.3282828076171,1178.918644,904.463161075781,13,2.8,
freMTPL2sev,TabICLv2-FT-A1-s1,4.0-inf,1,without_max,0.0,1,2000,1000,11.940522827723639,19.384577376649748,0,0.0,0.0,0.0,0.0,1035.7284671484374,1510.8867809155272,1175.3038627548829,837.3438185054689,12,3.0,
freMTPL2sev,TabICLv2-FT-A1-s1,4.0-inf,1,raw,0.0,1,2000,1000,11.940522827723639,19.384577376649748,0,-0.12377279235472943,0.04167756800631921,-0.12950859595146746,2.312282186833035,1063.0817662353516,1507.4048102343747,1197.984574776367,768.6387379625003,14,3.0,
freMTPL2sev,TabICLv2-FT-A1-s1,4.0-inf,1,clip,200.0,1,2000,1000,11.940522827723639,19.384577376649748,4,-0.00015167981560544326,0.013802909780040763,0.030915415460658284,-0.0802114918757619,1034.6427814721678,1507.6903763549806,1164.2225715488285,845.5082079976561,12,3.0,
freMTPL2sev,TabICLv2-FT-A0-s2,4.0-inf,1,without_max,0.0,1,2000,1000,11.940522827723639,19.384577376649748,0,0.0,0.0,0.0,0.0,1035.4843020263672,1516.3691230810546,1177.4787526914063,868.9412732046877,13,2.9,
freMTPL2sev,TabICLv2-FT-A0-s2,4.0-inf,1,raw,0.0,1,2000,1000,11.940522827723639,19.384577376649748,0,-0.1519196501621322,0.04374094431586562,-0.1183758155988045,1.0523007580752073,1075.087441796875,1518.7801658935546,1220.0083112363284,792.7658730718749,14,2.9,
freMTPL2sev,TabICLv2-FT-A0-s2,4.0-inf,1,clip,200.0,1,2000,1000,11.940522827723639,19.384577376649748,4,0.0032457912635874674,0.010983686892575052,-0.04431234113535687,-0.11673832707623409,1034.472014765625,1513.149400603027,1172.6168573496095,900.1402787496093,13,2.9,
freMTPL2sev,TabICLv2-FT-A1-s2,4.0-inf,1,without_max,0.0,1,2000,1000,11.940522827723639,19.384577376649748,0,0.0,0.0,0.0,0.0,1034.815326019287,1511.5495494775391,1166.7756432626954,829.9164339976563,12,2.5,
freMTPL2sev,TabICLv2-FT-A1-s2,4.0-inf,1,raw,0.0,1,2000,1000,11.940522827723639,19.384577376649748,0,-0.10065838957801485,0.013641723394898064,-0.04991432125370922,2.329639593174126,1054.1219519726562,1504.88112390625,1177.1695404843754,767.3678565484375,14,2.5,
freMTPL2sev,TabICLv2-FT-A1-s2,4.0-inf,1,clip,200.0,1,2000,1000,11.940522827723639,19.384577376649748,4,0.002618823044465177,0.015711897015397804,0.03487735749506791,-0.07560171469333145,1034.2822098791503,1508.7728584790038,1152.8737289218752,837.1131500210938,12,2.5,
freMTPL2sev,TabICLv2,4.0-inf,2,without_max,0.0,1,2000,1000,5.0044194683674155,6.404290945602741,0,0.0,0.0,0.0,0.0,835.0739032385254,1174.7960405683593,748.9637012843752,464.8648143012891,12,2.9,
freMTPL2sev,TabICLv2,4.0-inf,2,raw,0.0,1,2000,1000,5.0044194683674155,6.404290945602741,0,-0.046321672490268626,0.07232167016005978,-0.19207123091301975,0.05554372875980003,847.1202015039063,1176.700269743164,771.1791147609376,416.91772620753903,14,2.9,
freMTPL2sev,TabICLv2,4.0-inf,2,clip,200.0,1,2000,1000,5.0044194683674155,6.404290945602741,2,0.003948572625765877,0.018861155760215038,0.04157931167018318,-0.003957991890423149,833.9793967382813,1174.004742580078,750.9546170119143,469.23700520363286,12,2.9,
freMTPL2sev,TabICLv2-FT-A0-s1,4.0-inf,2,without_max,0.0,1,2000,1000,5.0044194683674155,6.404290945602741,0,0.0,0.0,0.0,0.0,830.2109530957032,1168.5993222163086,756.6970083546876,477.7169522925001,12,2.8,
freMTPL2sev,TabICLv2-FT-A0-s1,4.0-inf,2,raw,0.0,1,2000,1000,5.0044194683674155,6.404290945602741,0,-0.010187973820906953,0.10749422535573375,-0.10892474465551988,0.3669369451469319,837.5658924511719,1164.5799692695314,741.3341625734375,388.23834544874995,12,2.8,
freMTPL2sev,TabICLv2-FT-A0-s1,4.0-inf,2,clip,200.0,1,2000,1000,5.0044194683674155,6.404290945602741,2,-0.0014706581708369216,0.0008477145882325826,-0.019197984780944026,-0.05896372669747075,830.294224326172,1169.8394421210937,758.823181704297,490.27293706007816,12,2.8,
freMTPL2sev,TabICLv2-FT-A1-s1,4.0-inf,2,without_max,0.0,1,2000,1000,5.0044194683674155,6.404290945602741,0,0.0,0.0,0.0,0.0,833.520481048584,1166.1613689228516,769.8509488185549,446.46878569484386,13,2.7,
freMTPL2sev,TabICLv2-FT-A1-s1,4.0-inf,2,raw,0.0,1,2000,1000,5.0044194683674155,6.404290945602741,0,-0.03422113190679142,0.025928037051825663,-0.17147338231531284,0.7532404993793607,843.3025335375976,1165.7473848188476,761.7248594289064,348.7909997065625,17,2.7,
freMTPL2sev,TabICLv2-FT-A1-s1,4.0-inf,2,clip,200.0,1,2000,1000,5.0044194683674155,6.404290945602741,2,0.002181774221946896,0.01583471764990154,0.024239969134665,-0.032399336792766006,832.8655998693848,1166.724066845215,764.4194023097657,449.9081351655469,14,2.7,
freMTPL2sev,TabICLv2-FT-A0-s2,4.0-inf,2,without_max,0.0,1,2000,1000,5.0044194683674155,6.404290945602741,0,0.0,0.0,0.0,0.0,831.7993971093751,1167.6188285126955,755.1584480714845,477.26402256886723,12,2.7,
freMTPL2sev,TabICLv2-FT-A0-s2,4.0-inf,2,raw,0.0,1,2000,1000,5.0044194683674155,6.404290945602741,0,-0.080660807729661,0.08200583715862095,-0.11253647557225582,0.34955641174305724,849.4839577124023,1162.3513264716798,739.7918198244141,374.4871608901563,12,2.7,
freMTPL2sev,TabICLv2-FT-A0-s2,4.0-inf,2,clip,200.0,1,2000,1000,5.0044194683674155,6.404290945602741,2,0.007453040353888404,0.013152687738098797,-0.030290637003545437,-0.06679866348909203,830.7868738037109,1168.4667885419922,755.8508896730472,489.114332620625,12,2.7,
freMTPL2sev,TabICLv2-FT-A1-s2,4.0-inf,2,without_max,0.0,1,2000,1000,5.0044194683674155,6.404290945602741,0,0.0,0.0,0.0,0.0,833.2162011914062,1166.8210160249025,775.0847997658204,453.5563790425,13,3.1,
freMTPL2sev,TabICLv2-FT-A1-s2,4.0-inf,2,raw,0.0,1,2000,1000,5.0044194683674155,6.404290945602741,0,-0.03927597818516711,0.008973620066022073,-0.11437651175145894,0.7973394305366448,843.1116934790039,1166.8636281660158,762.7235690871096,345.9435622065625,16,3.1,
freMTPL2sev,TabICLv2-FT-A1-s2,4.0-inf,2,clip,200.0,1,2000,1000,5.0044194683674155,6.404290945602741,2,0.0049469087460045705,0.02003971879397015,0.025178530165293284,-0.031032699920290195,832.5069904187012,1167.5212080439453,770.2674707716799,456.38522405812495,14,3.1,
freMTPL2sev,TabICLv2,4.0-inf,3,without_max,0.0,1,2000,1000,13.599161002782575,20.261008526187577,0,0.0,0.0,0.0,0.0,704.730161784668,925.4452567392577,630.769929835547,364.33511046988286,8,2.7,
freMTPL2sev,TabICLv2,4.0-inf,3,raw,0.0,1,2000,1000,13.599161002782575,20.261008526187577,0,-0.16506371655560326,0.0556088721695988,-0.13014236175082244,0.43496425735816613,737.5517872558595,952.9794218735351,657.0887857046878,355.21742211539066,9,2.7,
freMTPL2sev,TabICLv2,4.0-inf,3,clip,200.0,1,2000,1000,13.599161002782575,20.261008526187577,4,0.00332799301083783,-0.0013603855472333992,0.03586795590120739,-0.004837677186794679,704.2519807202149,926.8119768100586,617.7655090542971,355.54275930874996,8,2.7,
freMTPL2sev,TabICLv2-FT-A0-s1,4.0-inf,3,without_max,0.0,1,2000,1000,13.599161002782575,20.261008526187577,0,0.0,0.0,0.0,0.0,706.042943491211,920.5860087900392,601.3454624136718,360.1299340587501,8,2.4,
freMTPL2sev,TabICLv2-FT-A0-s1,4.0-inf,3,raw,0.0,1,2000,1000,13.599161002782575,20.261008526187577,0,-0.08444098637030478,-0.007280440968840764,-0.054341736052305634,1.3484103085328432,733.6124486816407,927.4813824082031,628.2433245083987,305.8965671017188,11,2.4,
freMTPL2sev,TabICLv2-FT-A0-s1,4.0-inf,3,clip,200.0,1,2000,1000,13.599161002782575,20.261008526187577,4,-0.002012233718681239,-0.006385096708008775,0.01509192805302061,-0.02924394890912796,705.5039350891113,920.3965827353516,597.279508976172,359.9133902892188,8,2.4,
freMTPL2sev,TabICLv2-FT-A1-s1,4.0-inf,3,without_max,0.0,1,2000,1000,13.599161002782575,20.261008526187577,0,0.0,0.0,0.0,0.0,705.6652665063476,916.7907668417969,606.1442308169924,352.0642046603125,9,2.5,
freMTPL2sev,TabICLv2-FT-A1-s1,4.0-inf,3,raw,0.0,1,2000,1000,13.599161002782575,20.261008526187577,0,-0.164082796383067,0.03152993684062158,-0.09368804637480033,2.4872428278389505,733.8452007373047,928.0862017246094,625.6464451822266,251.91401501187514,13,2.5,
freMTPL2sev,TabICLv2-FT-A1-s1,4.0-inf,3,clip,200.0,1,2000,1000,13.599161002782575,20.261008526187577,4,0.004561145611770902,0.004745110802531536,0.03435654811651672,-0.026109248765198795,704.7055192138671,915.2562551157226,600.4929286246095,350.32091375601567,10,2.5,
freMTPL2sev,TabICLv2-FT-A0-s2,4.0-inf,3,without_max,0.0,1,2000,1000,13.599161002782575,20.261008526187577,0,0.0,0.0,0.0,0.0,707.8233877575684,918.7590705625,607.7413123941408,363.8734059962501,8,3.2,
freMTPL2sev,TabICLv2-FT-A0-s2,4.0-inf,3,raw,0.0,1,2000,1000,13.599161002782575,20.261008526187577,0,-0.17638518582158233,0.005119626556132165,0.011446454524757458,1.3619347105276502,743.9315809179687,929.692598123535,646.6977643277347,316.9270804689063,10,3.2,
freMTPL2sev,TabICLv2-FT-A0-s2,4.0-inf,3,clip,200.0,1,2000,1000,13.599161002782575,20.261008526187577,4,0.010185492947639752,0.002498219359036268,0.002999535082485365,-0.03802976450120091,706.3302257470702,919.3123215488279,601.5029543863283,362.01396876187505,8,3.2,
freMTPL2sev,TabICLv2-FT-A1-s2,4.0-inf,3,without_max,0.0,1,2000,1000,13.599161002782575,20.261008526187577,0,0.0,0.0,0.0,0.0,706.4337789965821,920.2960859580078,613.3634574625002,351.7496597521093,9,2.8,
freMTPL2sev,TabICLv2-FT-A1-s2,4.0-inf,3,raw,0.0,1,2000,1000,13.599161002782575,20.261008526187577,0,-0.11503372560282353,0.006336008664366793,-0.045754643192319894,2.468469120032683,727.867233125,931.9804762583007,630.6593330435549,262.7943853243751,12,2.8,
freMTPL2sev,TabICLv2-FT-A1-s2,4.0-inf,3,clip,200.0,1,2000,1000,13.599161002782575,20.261008526187577,4,0.008076145658077861,0.008229121981193873,0.026356702336402298,-0.02880984568924725,705.0853338183593,919.3922209189452,607.8742925894533,350.5596539942969,10,2.8,
freMTPL2sev,TabICLv2,4.0-inf,4,without_max,0.0,1,2000,1000,16.40634557041672,20.0588691355108,0,0.0,0.0,0.0,0.0,559.7272611706543,698.3210476611329,326.52411779785166,89.5011938730469,11,2.5,
freMTPL2sev,TabICLv2,4.0-inf,4,raw,0.0,1,2000,1000,16.40634557041672,20.0588691355108,0,-0.1395578930533783,0.09670182987582758,-0.2774817150683384,0.24231237589794427,586.4770910375976,703.7813577416993,338.86892013427746,86.61211125390629,14,2.5,
freMTPL2sev,TabICLv2,4.0-inf,4,clip,200.0,1,2000,1000,16.40634557041672,20.0588691355108,2,-0.0006191246853868978,-0.022185257463312232,-0.034913141312388526,-0.07432811750288709,558.6479297802734,684.385961442871,314.637947138672,95.34583861914065,10,2.5,
freMTPL2sev,TabICLv2-FT-A0-s1,4.0-inf,4,without_max,0.0,1,2000,1000,16.40634557041672,20.0588691355108,0,0.0,0.0,0.0,0.0,559.3694976464844,676.9909995654297,309.94246377929704,99.31476283789065,10,2.7,
freMTPL2sev,TabICLv2-FT-A0-s1,4.0-inf,4,raw,0.0,1,2000,1000,16.40634557041672,20.0588691355108,0,-0.049737326260637205,-0.039190171470918356,-0.2779944102715306,1.1448906191372892,582.3918549194336,673.4199043017578,325.1910095263673,73.35657269140631,13,2.7,
freMTPL2sev,TabICLv2-FT-A0-s1,4.0-inf,4,clip,200.0,1,2000,1000,16.40634557041672,20.0588691355108,2,-0.0031466518636591367,-0.019867941612478512,-0.05059324662268475,-0.09396874365609115,558.6151760571289,672.581268564453,302.4076756640626,104.31015287890628,10,2.7,
freMTPL2sev,TabICLv2-FT-A1-s1,4.0-inf,4,without_max,0.0,1,2000,1000,16.40634557041672,20.0588691355108,0,0.0,0.0,0.0,0.0,559.052145135498,668.5541210546875,300.28200429687513,80.7725285683594,10,3.5,
freMTPL2sev,TabICLv2-FT-A1-s1,4.0-inf,4,raw,0.0,1,2000,1000,16.40634557041672,20.0588691355108,0,-0.13083431103477322,0.020744289373158052,-0.23015140625710645,2.5825288291867077,583.5258492382812,668.5072615185546,313.5202981298829,133.46746225000012,14,3.5,
freMTPL2sev,TabICLv2-FT-A1-s1,4.0-inf,4,clip,200.0,1,2000,1000,16.40634557041672,20.0588691355108,2,0.002276390371846612,-0.005508839006775009,-0.006670105012759078,-0.06751494560587812,558.5925112817383,665.8159447656251,298.9139352148439,83.79649773046877,9,3.5,
freMTPL2sev,TabICLv2-FT-A0-s2,4.0-inf,4,without_max,0.0,1,2000,1000,16.40634557041672,20.0588691355108,0,0.0,0.0,0.0,0.0,559.5042538745117,683.5683292602538,316.8225316601564,101.97777833203129,10,2.9,
freMTPL2sev,TabICLv2-FT-A0-s2,4.0-inf,4,raw,0.0,1,2000,1000,16.40634557041672,20.0588691355108,0,-0.12439328680385997,-0.025533804356761745,-0.17574085777252005,1.2196949564728945,590.6685772290039,679.2679097607421,335.31126482421894,72.53188663281256,12,2.9,
freMTPL2sev,TabICLv2-FT-A0-s2,4.0-inf,4,clip,200.0,1,2000,1000,16.40634557041672,20.0588691355108,2,0.0057208321269453695,-0.012953770632266052,-0.05526045581593148,-0.0969780738384384,558.8634890991211,676.2570954199218,306.82545423828134,106.73643805273439,10,2.9,
freMTPL2sev,TabICLv2-FT-A1-s2,4.0-inf,4,without_max,0.0,1,2000,1000,16.40634557041672,20.0588691355108,0,0.0,0.0,0.0,0.0,559.4570832958984,671.5975500219728,306.30159844238295,80.32981790429692,11,2.7,
freMTPL2sev,TabICLv2-FT-A1-s2,4.0-inf,4,raw,0.0,1,2000,1000,16.40634557041672,20.0588691355108,0,-0.0903920483097919,-0.0039259193467071785,-0.1710397184714877,2.5447990754930156,576.4453933105468,672.4194802880859,317.6591227246095,133.09069416406263,14,2.7,
freMTPL2sev,TabICLv2-FT-A1-s2,4.0-inf,4,clip,200.0,1,2000,1000,16.40634557041672,20.0588691355108,2,0.004704556953784181,-0.007388461555523478,-0.01723001911294754,-0.07243488221129768,558.8513647277832,670.4740568359374,303.32004695312514,85.59523412500003,10,2.7,
