dataset,repeat,n_train,n_test,q99,pb50,pb90,pb99,pb999,seconds,reason
AutoClaims,0,200,1000,8546.471199999989,637.9821200000001,551.2615630000001,154.4955315000002,67.99482041000009,0.0,
AutoClaims,1,200,1000,10087.258099999954,662.479615,591.4891069999999,156.61947830000048,37.82346478000003,0.0,
AutoClaims,2,200,1000,8915.29209999999,645.458585,570.3106849999999,169.0923179000002,84.35408769000001,0.0,
AutoClaims,3,200,1000,11715.680799999998,651.034555,626.748261,190.8409912000001,94.80069181000007,0.0,
AutoClaims,4,200,1000,12274.776499999989,636.0272150000001,563.292456,164.08073080000005,40.51675214000034,0.0,
AutoClaims,5,200,1000,8945.401699999993,656.0979199999999,619.0113930000001,174.46043630000014,81.24334615000024,0.0,
AutoClaims,6,200,1000,11558.218099999956,666.7733300000001,620.416746,186.67970910000022,44.13314705000021,0.0,
AutoClaims,7,200,1000,12733.561999999967,661.1737449999999,620.1290019999999,141.71048260000003,18.900779060000016,0.0,
AutoClaims,8,200,1000,10073.103399999995,594.5257050000001,507.10690099999994,119.80146750000009,32.80205203000009,0.0,
AutoClaims,9,200,1000,10078.418199999998,646.59793,557.114075,157.7750292000001,70.46793251000013,0.0,
AutoClaims,10,200,1000,10420.636499999973,645.3673800000001,558.2161040000001,116.67481600000008,23.45343693000004,0.0,
AutoClaims,11,200,1000,6756.493199999977,640.1281200000001,590.4019350000001,214.2803009000009,51.91265765000025,0.0,
AutoClaims,12,200,1000,9671.147099999996,598.8648149999999,540.913413,146.39770490000006,51.64561571000014,0.0,
AutoClaims,13,200,1000,10136.42789999998,663.44681,585.0180929999999,140.82569120000016,34.66534715000013,0.0,
AutoClaims,14,200,1000,11512.10219999997,607.49306,510.568071,127.15476780000006,21.686736720000045,0.0,
AutoClaims,15,200,1000,7527.115599999997,729.304595,715.3915649999999,330.9067363000001,114.97719496000131,0.0,
AutoClaims,16,200,1000,14489.995399999993,664.3456799999999,673.383663,201.2814652000001,76.68392176000009,0.0,
AutoClaims,17,200,1000,10310.911999999957,630.712615,520.1037279999999,117.02111310000015,21.210836710000013,0.0,
AutoClaims,18,200,1000,9965.0338,630.4186850000001,545.8990499999999,144.51079070000006,60.28937205000014,0.0,
AutoClaims,19,200,1000,11300.07289999999,654.904225,559.2959249999999,143.3118294000001,21.672215760000135,0.0,
ausprivauto0405,0,200,1000,13496.154696019961,777.3897015774098,786.9694913774849,218.4483093070289,66.90298646534292,0.0,
ausprivauto0405,1,200,1000,21708.331355539965,835.2263119576701,840.7802343601489,239.45979583804885,53.89584168378092,0.0,
ausprivauto0405,2,200,1000,13286.95787227999,911.8321881753251,921.545023060563,302.63402965836855,153.97130265803722,0.0,
ausprivauto0405,3,200,1000,14381.996088549966,776.1888310389601,729.5367630995659,181.0546899823968,21.20330008167675,0.0,
ausprivauto0405,4,200,1000,19131.074684709918,782.15366225519,870.3703663443025,213.02002425377012,44.94073651669306,0.0,
ausprivauto0405,5,200,1000,11712.222281499959,859.4440578226549,874.1507725723809,260.98601960737915,44.73951705979612,0.0,
ausprivauto0405,6,200,1000,12916.514144509965,906.30520220681,942.890533938908,273.1527654495896,78.51482574807119,0.0,
ausprivauto0405,7,200,1000,12252.77686332999,869.7054103748801,848.09910520475,294.9717376955373,163.5665271053319,0.0,
ausprivauto0405,8,200,1000,11050.243573859918,879.094743667325,929.6786810245269,358.14685766904427,100.5290497962184,0.0,
ausprivauto0405,9,200,1000,11522.797480199999,768.6648607656301,739.183507755786,216.5923243459087,96.85612966905933,0.0,
ausprivauto0405,10,200,1000,20137.382853779993,917.8272957928199,964.8651037529188,279.9200813860821,77.0582592476547,0.0,
ausprivauto0405,11,200,1000,16623.47821247997,831.398264041805,813.4576507664419,236.3814637439463,44.69594889390888,0.0,
ausprivauto0405,12,200,1000,20142.658754039985,795.7212963141101,821.186059862438,262.871780841184,82.05264722226251,0.0,
ausprivauto0405,13,200,1000,13265.591292439998,830.9916760557451,846.6623213822609,281.3219474792122,174.90407960570127,0.0,
ausprivauto0405,14,200,1000,16362.294265919953,730.6289237301501,705.1464973609098,179.807898757239,25.08333253404792,0.0,
ausprivauto0405,15,200,1000,16341.216866019971,804.712319802375,769.8077541055119,218.0930576353193,44.02465423640618,0.0,
ausprivauto0405,16,200,1000,13898.532758299923,868.232557181285,884.2344883585831,302.2104426555842,102.13048977666843,0.0,
ausprivauto0405,17,200,1000,17186.84425092999,803.9605080720601,801.8043033651619,226.1052190602324,34.05914278095635,0.0,
ausprivauto0405,18,200,1000,20133.547053609993,778.652854946765,783.082985264633,207.90799081065347,29.144289994986188,0.0,
ausprivauto0405,19,200,1000,13893.731495639946,746.9148529609299,738.175066611656,215.20752403539106,44.00704874263115,0.0,
beMTPL97,0,200,1000,10077.749325109846,601.2285479140999,628.4927610959209,400.40189192338124,277.39131586840824,0.0,
beMTPL97,1,200,1000,9314.297754828345,541.04773541002,526.77851064744,265.24254829998756,163.34310014196072,0.0,
beMTPL97,2,200,1000,8688.66804330203,677.4547796763666,747.8988227536508,455.89689129951597,365.6452742950115,0.0,
beMTPL97,3,200,1000,21768.34945054399,551.5424255307195,551.1369448527801,283.0613247471281,89.12764363363985,0.0,
beMTPL97,4,200,1000,11437.039258897486,643.7315784124403,706.3481424925033,381.27042357566603,218.03992322737585,0.0,
beMTPL97,5,200,1000,18598.578826422472,567.9576011178344,549.3088555003856,275.4892208458624,109.74251009546391,0.0,
beMTPL97,6,200,1000,15705.58504111314,624.5661801343088,671.8770700142207,350.7362676903018,181.48747122575955,0.0,
beMTPL97,7,200,1000,18889.257781997476,517.4265222934779,492.5891115248178,254.7295464292179,79.33607611818591,0.0,
beMTPL97,8,200,1000,5490.285672497945,533.1048777595714,512.7698918027396,292.18282488305636,237.61329604394996,0.0,
beMTPL97,9,200,1000,4634.49661501391,590.1907065543874,624.2742830299529,410.67387239432946,296.2609549230421,0.0,
beMTPL97,10,200,1000,8761.089888671007,566.1254531287055,557.8684610852613,266.4791122437092,141.23631265818761,0.0,
beMTPL97,11,200,1000,6657.035218233063,474.2406122722168,432.9677856167219,202.61937715512445,148.00742689619958,0.0,
beMTPL97,12,200,1000,5899.758179866576,627.2192874383261,661.0430826551379,399.72545139345107,275.8682423274896,0.0,
beMTPL97,13,200,1000,15274.535633454674,567.1803092802246,575.1230979336423,264.46720374864583,110.89517780782803,0.0,
beMTPL97,14,200,1000,10738.07396646987,578.8642448295609,572.3927901820944,260.3327027335222,113.95364593119972,0.0,
beMTPL97,15,200,1000,5636.3882905014525,546.664111297582,515.6570872345576,280.00350422286635,174.5575655864299,0.0,
beMTPL97,16,200,1000,8710.945986479881,639.7999530241771,713.3261425619135,443.165954985015,347.9138201569664,0.0,
beMTPL97,17,200,1000,28439.093304643746,547.1050105891851,531.9887939732126,278.5094133847628,33.51999743430204,0.0,
beMTPL97,18,200,1000,6605.63585928571,558.797181367992,543.6534708811871,281.44657254149547,188.19639041825457,0.0,
beMTPL97,19,200,1000,12569.571565621132,666.8879446899967,725.5798353491207,370.8943952926673,212.70358235064282,0.0,
freMTPL2sev,0,200,1000,12387.82619999999,949.8280450000001,1382.753851,1084.7962651,966.0397976300002,0.0,
freMTPL2sev,1,200,1000,23224.94319999998,461.599125,547.126264,273.8234736,73.47245184000008,0.0,
freMTPL2sev,2,200,1000,11215.11999999999,668.066885,907.213805,618.4949525000002,495.6434822500003,0.0,
freMTPL2sev,3,200,1000,13346.998199999998,799.6676050000001,1116.6623150000003,795.7638456999999,663.0229506900005,0.0,
freMTPL2sev,4,200,1000,14855.8956,922.651445,1358.0557589999999,1083.0851894999998,955.5562775100002,0.0,
freMTPL2sev,5,200,1000,9705.25199999998,796.265695,1123.263824,830.2047783000004,713.8287323700001,0.0,
freMTPL2sev,6,200,1000,12043.447899999961,755.029355,1009.976234,660.7571973000006,486.0860785100005,0.0,
freMTPL2sev,7,200,1000,12987.28849999998,1086.76946,1647.8452599999998,1360.4084363000002,1160.2726947800008,0.0,
freMTPL2sev,8,200,1000,8103.869499999999,615.4213000000001,790.201809,458.7024079000001,336.7637624800008,0.0,
freMTPL2sev,9,200,1000,8263.733899999972,616.0473499999999,774.943301,508.2245030000003,408.41511242000007,0.0,
freMTPL2sev,10,200,1000,13257.48189999998,557.9895300000001,732.0173879999998,407.0743309000001,262.32773063000036,0.0,
freMTPL2sev,11,200,1000,8348.323599999983,714.976895,947.505969,603.4734253000005,420.6847562400011,0.0,
freMTPL2sev,12,200,1000,12724.293399999895,1212.2250150000002,1897.4733609999998,1658.3052891000004,1433.5815953500003,0.0,
freMTPL2sev,13,200,1000,12420.525499999942,856.2961750000001,1180.237361,762.6965085000007,563.1732765300002,0.0,
freMTPL2sev,14,200,1000,10024.516099999997,585.136685,728.614324,423.09092930000014,304.5761156300005,0.0,
freMTPL2sev,15,200,1000,9197.575299999991,652.9571950000001,858.045455,510.78881720000027,401.7101316700004,0.0,
freMTPL2sev,16,200,1000,12208.74599999994,1799.1379499999998,2929.9579990000016,2847.7500149000007,2724.17563789,0.0,
freMTPL2sev,17,200,1000,10008.385399999992,524.115185,619.2578570000001,313.4582409000001,225.17622831000006,0.0,
freMTPL2sev,18,200,1000,8931.057799999971,942.73518,1360.273533,1049.2819464000006,855.1766918100009,0.0,
freMTPL2sev,19,200,1000,7472.557999999971,1129.77334,1699.5196809999998,1398.5296850000009,1231.4195693800002,0.0,
norauto,0,200,1000,88991.19999999991,8206.528,7678.493699999999,3256.5620500000036,1124.2784700000088,0.0,
norauto,1,200,1000,109245.65,7488.596,6196.285900000001,1782.1200900000008,752.1764450000012,0.0,
norauto,2,200,1000,126020.98999999998,6996.7645,5951.682,1571.5515700000008,587.3223900000006,0.0,
norauto,3,200,1000,109564.43,7482.7125,6411.839899999998,1762.6176800000007,328.8399400000032,0.0,
norauto,4,200,1000,102048.45999999996,7959.7555,7314.2741000000005,2378.266130000001,712.0971380000076,0.0,
norauto,5,200,1000,137735.4699999991,7009.607,6051.835,1929.5100099999966,677.7355660000001,0.0,
norauto,6,200,1000,90116.3099999999,7439.097,6442.869,2178.388710000003,1212.1213450000014,0.0,
norauto,7,200,1000,127727.48999999966,7354.717,6344.456,1791.1881400000002,533.6028790000016,0.0,
norauto,8,200,1000,201022.2099999997,6953.7025,5775.749699999999,1785.4031099999986,216.52310100000014,0.0,
norauto,9,200,1000,109862.41999999972,7799.0955,6660.533699999999,1944.5547300000042,431.4245270000035,0.0,
norauto,10,200,1000,106896.44999999997,7129.459,6246.288199999999,1553.195270000001,588.2434320000017,0.0,
norauto,11,200,1000,155763.2999999999,7274.286,6149.542399999999,1509.3066400000007,245.72477600000062,0.0,
norauto,12,200,1000,118872.86999999992,7500.78,6202.958199999999,1304.3494700000012,203.10765500000088,0.0,
norauto,13,200,1000,125098.4599999999,7662.041,7010.5508,2301.3925600000016,1179.8032160000012,0.0,
norauto,14,200,1000,91834.71999999986,7487.649,6426.824299999999,2079.5384400000044,864.297169000002,0.0,
norauto,15,200,1000,152290.97999999984,7767.337,6605.125799999999,2196.3771000000006,795.8861440000021,0.0,
norauto,16,200,1000,145607.59999999974,8061.315,7119.482400000001,1664.5515400000015,259.44690000000065,0.0,
norauto,17,200,1000,135218.53999999966,7547.275,6439.103799999999,1767.157760000001,530.5857360000008,0.0,
norauto,18,200,1000,120935.67999999986,7852.3465,6659.326299999999,2049.5161800000014,962.833390000001,0.0,
norauto,19,200,1000,147113.3999999999,7371.0685,6109.6221,1366.5329100000006,177.19585100000015,0.0,
