n_train,n_test,xi,model,variant,seed,uticaj,ratio_truncated,seconds,reason
2000,900,0.5,TabDPT,raw,7000,-1.1504252162911428,1.049442065580921,145.3,
2000,900,0.5,TabDPT,raw,8000,-3.0794695321027397,1.1670977136724299,101.4,
2000,900,0.5,TabDPT,raw,9000,-2.3079065285418174,1.1091034668614488,97.8,
2000,900,0.5,TabDPT,raw,10000,-1.0168388413483687,1.0445527000604256,92.3,
2000,900,0.5,TabDPT,raw,11000,-0.517181012816599,1.0198600051138245,64.1,
2000,900,0.5,TabDPT,winsor,7000,0.0016545692315574167,1.0309858029367303,64.5,
2000,900,0.5,TabDPT,winsor,8000,0.005892520129388742,1.007823133591666,62.6,
2000,900,0.5,TabDPT,winsor,9000,-0.00028316716359215357,0.94570394129591,102.3,
2000,900,0.5,TabDPT,winsor,10000,0.016065456107211558,0.938207503579924,90.7,
2000,900,0.5,TabDPT,winsor,11000,0.0024425950156402973,0.9505361412024924,89.1,
2000,900,0.7,TabDPT,raw,7000,-1.4732752221983172,1.085377161894437,97.4,
2000,900,0.7,TabDPT,raw,8000,-11.801930100023752,1.141777508301007,106.9,
2000,900,0.7,TabDPT,raw,9000,-15.50593005843151,0.8738387973075769,91.8,
2000,900,0.7,TabDPT,raw,10000,-2.1802771849476397,1.1170954550590237,89.2,
2000,900,0.7,TabDPT,raw,11000,-0.758754086047428,1.0730333888609167,85.3,
2000,900,0.7,TabDPT,winsor,7000,0.004510241415893901,0.9567464183367939,98.8,
2000,900,0.7,TabDPT,winsor,8000,0.013030299101080271,0.9210330037928683,99.6,
2000,900,0.7,TabDPT,winsor,9000,0.07425615368974053,0.8233949041908525,79.7,
2000,900,0.7,TabDPT,winsor,10000,0.02399869977663089,0.8521135078497064,86.1,
2000,900,0.7,TabDPT,winsor,11000,0.01700138274318163,0.9054726570765785,85.5,
2000,900,0.9,TabDPT,raw,7000,-2.0025676618540715,1.1853746636714548,98.1,
2000,900,0.9,TabDPT,raw,8000,-108.9905620064359,0.5029959024069398,99.6,
2000,900,0.9,TabDPT,raw,9000,-86.78725062900753,0.6599295066114768,80.5,
2000,900,0.9,TabDPT,raw,10000,-3.605472471796368,1.082044277116635,80.8,
2000,900,0.9,TabDPT,raw,11000,-2.0074662929497977,1.0753407515343605,78.7,
2000,900,0.9,TabDPT,winsor,7000,0.028156881382492227,1.0200009143836375,79.8,
2000,900,0.9,TabDPT,winsor,8000,0.05024325726034749,0.7768578903024185,59.4,
2000,900,0.9,TabDPT,winsor,9000,0.10356802720555516,0.6842694570874422,59.9,
2000,900,0.9,TabDPT,winsor,10000,0.13615880951852558,0.7267589172061513,59.0,
2000,900,0.9,TabDPT,winsor,11000,0.017666747623775306,0.7887474659270022,62.6,
