n_est,dataset,model,dose,variant,seed,pb50,pb90,pb99,pb999,sd_shift,seconds,reason
1,freMTPL2sev,TabICLv2,0.0,raw,7000,535.1954378466797,656.9363144309896,439.56384860651065,174.65910512692716,1.0,10.3,
1,freMTPL2sev,TabICLv2,0.0,raw,8000,606.5507008821615,833.4322148932293,678.6260474502607,390.7068199592188,1.0,2.7,
1,freMTPL2sev,TabICLv2,0.0,raw,9000,601.3768626741536,783.7681711790365,568.8430501664066,254.6367629613021,1.0,2.7,
1,freMTPL2sev,TabICLv2,0.0,raw,10000,681.805022886556,939.3002132740884,644.9106698453128,349.86126514859365,1.0,2.8,
1,freMTPL2sev,TabICLv2,0.0,raw,11000,1020.04047935791,1520.6960523209636,1321.6869431276043,1009.0918607658854,1.0,2.7,
1,freMTPL2sev,TabICLv2,0.0,winsor,7000,522.9678099332682,655.5563418138021,320.15888577447924,180.06635152927083,1.0,2.7,
1,freMTPL2sev,TabICLv2,0.0,winsor,8000,598.8885365275065,822.0093750983073,569.1368928734375,387.4717140998438,1.0,2.7,
1,freMTPL2sev,TabICLv2,0.0,winsor,9000,595.7245534033202,780.1844441217448,504.57035145546894,319.1105861396875,1.0,2.7,
1,freMTPL2sev,TabICLv2,0.0,winsor,10000,677.7116421500651,937.0520220891926,661.5639826317708,500.2351537195573,1.0,2.8,
1,freMTPL2sev,TabICLv2,0.0,winsor,11000,1015.0647198103842,1521.1536760253907,1309.43255603125,1132.2945882697918,1.0,2.7,
1,freMTPL2sev,TabICLv2,10.0,raw,7000,570.3414708398437,651.4731613417968,370.59612671848976,163.53130627796884,8.992946114582093,2.8,
1,freMTPL2sev,TabICLv2,10.0,raw,8000,642.470484798177,823.1747655589193,614.4981156598961,345.5624644409896,7.665119843300209,2.7,
1,freMTPL2sev,TabICLv2,10.0,raw,9000,631.708243421224,781.8561264687501,568.4926677640627,242.4063516501042,6.073478878814819,2.7,
1,freMTPL2sev,TabICLv2,10.0,raw,10000,709.1279041357423,943.9261805185548,701.0754679768231,338.4351560079688,6.846915906888677,2.7,
1,freMTPL2sev,TabICLv2,10.0,raw,11000,1042.3953650130209,1520.5848317203772,1312.3819541302082,996.8371358205728,6.6749571810602815,2.7,
1,freMTPL2sev,TabICLv2,10.0,winsor,7000,523.053821336263,655.5669294244791,319.2905326104168,177.66277878317712,8.992946114582093,2.7,
1,freMTPL2sev,TabICLv2,10.0,winsor,8000,599.1056483260091,822.911219108724,576.4461257835939,386.1557241232813,7.665119843300209,2.8,
1,freMTPL2sev,TabICLv2,10.0,winsor,9000,595.8856568937174,780.380242673177,507.729134066146,315.243918739948,6.073478878814819,2.8,
1,freMTPL2sev,TabICLv2,10.0,winsor,10000,677.8182733968099,937.0765785507812,660.3356912971354,491.69093021630215,6.846915906888677,2.7,
1,freMTPL2sev,TabICLv2,10.0,winsor,11000,1015.1108722485352,1520.9411256673177,1308.866009325521,1128.4823750484377,6.6749571810602815,2.8,
1,freMTPL2sev,TabICLv2,100.0,raw,7000,583.8705035416667,669.40903959375,417.13361535781263,176.66328418161464,89.40183628061109,2.8,
1,freMTPL2sev,TabICLv2,100.0,raw,8000,629.6310381901043,827.1854148802083,564.2805285570314,308.0658128120834,76.04986297133458,2.9,
1,freMTPL2sev,TabICLv2,100.0,raw,9000,632.8154045833334,783.615289079427,496.1319778779949,196.66266175947925,59.95890475408858,2.9,
1,freMTPL2sev,TabICLv2,100.0,raw,10000,709.7139935546875,944.796625998698,694.8507505419271,290.7547761472917,67.792751913674,2.8,
1,freMTPL2sev,TabICLv2,100.0,raw,11000,1052.3346325260416,1524.9139268554684,1321.493806402344,869.1643604494791,66.0569398755752,2.9,
1,freMTPL2sev,TabICLv2,100.0,winsor,7000,523.053821336263,655.5669294244791,319.2905326104168,177.66277878317712,89.40183628061109,2.8,
1,freMTPL2sev,TabICLv2,100.0,winsor,8000,599.1056483260091,822.911219108724,576.4461257835939,386.1557241232813,76.04986297133458,2.8,
1,freMTPL2sev,TabICLv2,100.0,winsor,9000,595.8856568937174,780.380242673177,507.729134066146,315.243918739948,59.95890475408858,2.9,
1,freMTPL2sev,TabICLv2,100.0,winsor,10000,677.8182733968099,937.0765785507812,660.3356912971354,491.69093021630215,67.792751913674,2.8,
1,freMTPL2sev,TabICLv2,100.0,winsor,11000,1015.1108722485352,1520.9411256673177,1308.866009325521,1128.4823750484377,66.0569398755752,2.8,
1,freMTPL2sev,TabPFN-V3,0.0,raw,7000,544.7076143343099,671.3805664329427,329.4467795700522,144.33275587041672,1.0,6.0,
1,freMTPL2sev,TabPFN-V3,0.0,raw,8000,606.829853914388,836.7048062115886,549.2681924177084,310.9661318902084,1.0,5.3,
1,freMTPL2sev,TabPFN-V3,0.0,raw,9000,603.5386027490234,813.6957716673177,501.78415743203135,220.5278556058333,1.0,5.1,
1,freMTPL2sev,TabPFN-V3,0.0,raw,10000,684.2744182389323,967.1861390569662,673.4743782339845,325.42672440901043,1.0,5.5,
1,freMTPL2sev,TabPFN-V3,0.0,raw,11000,1020.1253176090494,1557.9016641308597,1318.9312541269535,992.018813819271,1.0,5.2,
1,freMTPL2sev,TabPFN-V3,0.0,winsor,7000,523.9093422688802,674.9362384674479,323.0229402796876,173.33266715036453,1.0,5.4,
1,freMTPL2sev,TabPFN-V3,0.0,winsor,8000,601.4143068863933,835.9622832851562,549.4536077041668,352.75018305166674,1.0,5.2,
1,freMTPL2sev,TabPFN-V3,0.0,winsor,9000,596.2889025341797,797.7431512050781,499.8553638187501,287.2881516670313,1.0,5.1,
1,freMTPL2sev,TabPFN-V3,0.0,winsor,10000,679.250955678711,958.1913888860676,666.7368156395834,458.3297687423437,1.0,5.1,
1,freMTPL2sev,TabPFN-V3,0.0,winsor,11000,1016.6796167724608,1547.9825639794922,1311.761428700521,1088.1289188609376,1.0,5.2,
1,freMTPL2sev,TabPFN-V3,10.0,raw,7000,551.524313914388,660.0189657265624,458.69699665338544,139.0036221803125,8.992946114582093,5.3,
1,freMTPL2sev,TabPFN-V3,10.0,raw,8000,607.099784354655,817.2220485732422,563.2027494619792,339.5856157873437,7.665119843300209,5.1,
1,freMTPL2sev,TabPFN-V3,10.0,raw,9000,603.5441871606445,784.8478741038413,501.31301942096366,247.82247968135417,6.073478878814819,5.2,
1,freMTPL2sev,TabPFN-V3,10.0,raw,10000,685.9705063500976,946.7101720273436,678.1350747476563,374.0790011082293,6.846915906888677,5.3,
1,freMTPL2sev,TabPFN-V3,10.0,raw,11000,1022.2700995336912,1535.3508008430986,1322.0653471087242,921.5146320992188,6.6749571810602815,5.1,
1,freMTPL2sev,TabPFN-V3,10.0,winsor,7000,524.1852221142578,668.7879629824218,324.1016517315105,169.28810314645838,8.992946114582093,5.1,
1,freMTPL2sev,TabPFN-V3,10.0,winsor,8000,602.4431150032552,839.2234341575522,550.3415958877605,344.01394722875006,7.665119843300209,5.3,
1,freMTPL2sev,TabPFN-V3,10.0,winsor,9000,598.4311629036458,801.8095997597655,498.102851286198,271.2422705003646,6.073478878814819,5.1,
1,freMTPL2sev,TabPFN-V3,10.0,winsor,10000,679.0146412141927,961.0812599554037,665.8754186148439,451.5777796850523,6.846915906888677,5.0,
1,freMTPL2sev,TabPFN-V3,10.0,winsor,11000,1016.6756955094404,1550.3451533935545,1308.7998997519533,1076.8520114494788,6.6749571810602815,5.1,
1,freMTPL2sev,TabPFN-V3,100.0,raw,7000,709.7878618208822,1404.2442390859371,371.03990030572936,155.39074006052087,89.40183628061109,5.1,
1,freMTPL2sev,TabPFN-V3,100.0,raw,8000,715.2945931217448,989.2105223541664,552.3220166104168,436.7401365516666,76.04986297133458,5.3,
1,freMTPL2sev,TabPFN-V3,100.0,raw,9000,697.4444364973959,904.3293210520832,516.2698825654949,403.162705474974,59.95890475408858,5.3,
1,freMTPL2sev,TabPFN-V3,100.0,raw,10000,751.5865354573568,1012.5690543059894,690.7356392821615,585.6840745151303,67.792751913674,5.2,
1,freMTPL2sev,TabPFN-V3,100.0,raw,11000,1095.7871897973632,1589.7272968749996,1319.5385525742188,1131.2182837554687,66.0569398755752,5.3,
1,freMTPL2sev,TabPFN-V3,100.0,winsor,7000,524.1852221142578,668.7879629824218,324.1016517315105,169.28810314645838,89.40183628061109,5.3,
1,freMTPL2sev,TabPFN-V3,100.0,winsor,8000,602.4431150032552,839.2234341575522,550.3415958877605,344.01394722875006,76.04986297133458,5.4,
1,freMTPL2sev,TabPFN-V3,100.0,winsor,9000,598.4311629036458,801.8095997597655,498.102851286198,271.2422705003646,59.95890475408858,5.2,
1,freMTPL2sev,TabPFN-V3,100.0,winsor,10000,679.0146412141927,961.0812599554037,665.8754186148439,451.5777796850523,67.792751913674,5.2,
1,freMTPL2sev,TabPFN-V3,100.0,winsor,11000,1016.6756955094404,1550.3451533935545,1308.7998997519533,1076.8520114494788,66.0569398755752,5.3,
1,freMTPL2sev,GBM,0.0,raw,7000,521.701731804735,658.540996499379,362.67857840881936,181.5974678418228,1.0,2.2,
1,freMTPL2sev,GBM,0.0,raw,8000,598.1011650034031,818.7136997067208,588.5919340374952,329.00538820331934,1.0,2.2,
1,freMTPL2sev,GBM,0.0,raw,9000,595.1598600237542,786.101180632639,483.6986850497746,151.08465869537278,1.0,2.3,
1,freMTPL2sev,GBM,0.0,raw,10000,681.7707646122287,947.8805643832334,677.1875165383391,245.7604445645705,1.0,2.4,
1,freMTPL2sev,GBM,0.0,raw,11000,1013.3642513375838,1525.8224362049243,1315.616277085789,823.4752738507575,1.0,2.3,
1,freMTPL2sev,GBM,0.0,winsor,7000,521.701731804735,658.540996499379,335.2330032711017,177.80477910905051,1.0,2.5,
1,freMTPL2sev,GBM,0.0,winsor,8000,598.1011650034031,818.7136997067208,579.5859578811541,388.7919266086039,1.0,2.1,
1,freMTPL2sev,GBM,0.0,winsor,9000,595.1598600237542,786.101180632639,483.0209445616499,277.3537464709334,1.0,2.5,
1,freMTPL2sev,GBM,0.0,winsor,10000,681.7707646122287,942.444603804932,673.9121099193165,462.24503082265215,1.0,2.5,
1,freMTPL2sev,GBM,0.0,winsor,11000,1013.3642513375838,1525.818719268176,1312.4201794520563,1107.7263063333337,1.0,2.2,
1,freMTPL2sev,GBM,10.0,raw,7000,521.6963378538544,658.4524375032945,649.7398273532782,342.74043218462987,8.992946114582093,2.1,
1,freMTPL2sev,GBM,10.0,raw,8000,598.1011650033336,819.9861382256745,610.1047087514045,465.7419731947526,7.665119843300209,2.1,
1,freMTPL2sev,GBM,10.0,raw,9000,595.1598600237542,785.5405642521291,511.4513572500711,201.788006196104,6.073478878814819,2.4,
1,freMTPL2sev,GBM,10.0,raw,10000,681.7065409991565,940.9122834833366,677.2408573867806,247.9003273673276,6.846915906888677,2.3,
1,freMTPL2sev,GBM,10.0,raw,11000,1013.3642513375838,1525.928521207656,1345.1807596170154,793.061444165024,6.6749571810602815,2.2,
1,freMTPL2sev,GBM,10.0,winsor,7000,521.6963378538544,658.4524375032945,340.300069766628,179.14566976081983,8.992946114582093,2.3,
1,freMTPL2sev,GBM,10.0,winsor,8000,598.1011650033336,819.9861382256745,584.3146312016487,389.7436510079492,7.665119843300209,2.1,
1,freMTPL2sev,GBM,10.0,winsor,9000,595.1598600237542,785.5405642521291,499.1323896226151,270.50375329416977,6.073478878814819,2.3,
1,freMTPL2sev,GBM,10.0,winsor,10000,681.7065409991565,940.2987241500034,674.1660690577177,454.9584102035872,6.846915906888677,2.1,
1,freMTPL2sev,GBM,10.0,winsor,11000,1013.3642513375838,1525.9251797146562,1313.5036647065454,1107.1847155733335,6.6749571810602815,1.9,
1,freMTPL2sev,GBM,100.0,raw,7000,521.6963378538544,658.4524375032945,3298.227157353282,342.74043218462987,89.40183628061109,1.9,
1,freMTPL2sev,GBM,100.0,raw,8000,598.1011650033336,819.9861382256745,763.9216814328954,1772.426914904357,76.04986297133458,1.9,
1,freMTPL2sev,GBM,100.0,raw,9000,595.1598600237542,785.5405642521291,511.4513572500711,201.788006196104,59.95890475408858,1.9,
1,freMTPL2sev,GBM,100.0,raw,10000,681.7065409991565,940.9122834833366,677.2408573867806,247.9003273673276,67.792751913674,1.9,
1,freMTPL2sev,GBM,100.0,raw,11000,1013.3642513375838,1525.928521207656,1596.8158034394849,818.2249485472711,66.0569398755752,1.9,
1,freMTPL2sev,GBM,100.0,winsor,7000,521.6963378538544,658.4524375032945,340.300069766628,179.14566976081983,89.40183628061109,2.0,
1,freMTPL2sev,GBM,100.0,winsor,8000,598.1011650033336,819.9861382256745,584.3146312016487,389.7436510079492,76.04986297133458,1.9,
1,freMTPL2sev,GBM,100.0,winsor,9000,595.1598600237542,785.5405642521291,499.1323896226151,270.50375329416977,59.95890475408858,2.0,
1,freMTPL2sev,GBM,100.0,winsor,10000,681.7065409991565,940.2987241500034,674.1660690577177,454.9584102035872,67.792751913674,2.0,
1,freMTPL2sev,GBM,100.0,winsor,11000,1013.3642513375838,1525.9251797146562,1313.5036647065454,1107.1847155733335,66.0569398755752,1.9,
1,OnlineNewsPopularity,TabICLv2,0.0,raw,7000,1078.9446858317058,1315.3489138020832,613.3865701464846,266.6907854388021,1.0,7.4,
1,OnlineNewsPopularity,TabICLv2,0.0,raw,8000,1221.529345662435,1383.0093151123046,544.441428385417,165.17559387890628,1.0,6.5,
1,OnlineNewsPopularity,TabICLv2,0.0,raw,9000,1345.911430908203,1664.1125350504556,674.1166593522138,287.72578195572925,1.0,6.6,
1,OnlineNewsPopularity,TabICLv2,0.0,raw,10000,1197.9716612141926,1394.6625235107422,539.5435525146487,175.55933601106773,1.0,6.6,
1,OnlineNewsPopularity,TabICLv2,0.0,raw,11000,1193.364874674479,1426.8534039713538,628.7090517024742,248.0627867825521,1.0,6.7,
1,OnlineNewsPopularity,TabICLv2,0.0,winsor,7000,1074.394801228841,1278.2772082519532,600.8806643587242,326.13171282486985,1.0,6.6,
1,OnlineNewsPopularity,TabICLv2,0.0,winsor,8000,1222.421061767578,1377.5888716552734,555.2218469173179,270.77597352083336,1.0,6.7,
1,OnlineNewsPopularity,TabICLv2,0.0,winsor,9000,1336.9063676757812,1618.6978797851566,707.0502639453127,374.8917593867187,1.0,6.8,
1,OnlineNewsPopularity,TabICLv2,0.0,winsor,10000,1197.479548339844,1399.6806174153646,562.4545397428387,250.22967499153648,1.0,7.0,
1,OnlineNewsPopularity,TabICLv2,0.0,winsor,11000,1184.3579225260416,1361.5305441243488,608.6100608593752,305.1690556035157,1.0,7.0,
1,OnlineNewsPopularity,TabICLv2,10.0,raw,7000,1080.8925396321615,1309.1106987955727,616.9985840234377,173.68292658072923,6.944735836944037,6.9,
1,OnlineNewsPopularity,TabICLv2,10.0,raw,8000,1237.5060927734376,1400.5474054036456,566.585366246745,136.01188135416675,9.065734161476689,7.0,
1,OnlineNewsPopularity,TabICLv2,10.0,raw,9000,1325.269652750651,1590.5193460774738,635.743456699219,162.36980533072924,4.276962493085469,7.0,
1,OnlineNewsPopularity,TabICLv2,10.0,raw,10000,1212.304688313802,1414.203711360677,590.2418938411462,156.10320947135426,8.99997176218877,6.9,
1,OnlineNewsPopularity,TabICLv2,10.0,raw,11000,1197.28780069987,1398.1741024088542,621.170009511719,192.72190878515627,7.0235762092919165,6.8,
1,OnlineNewsPopularity,TabICLv2,10.0,winsor,7000,1073.6517004394532,1275.7334242024738,597.2080561295573,319.7815467324219,6.944735836944037,7.0,
1,OnlineNewsPopularity,TabICLv2,10.0,winsor,8000,1222.4308868815103,1378.3375595540365,552.606592184245,265.02621498958337,9.065734161476689,7.0,
1,OnlineNewsPopularity,TabICLv2,10.0,winsor,9000,1337.2134376627605,1618.7770231526692,708.3941235058596,369.8336257669271,4.276962493085469,7.1,
1,OnlineNewsPopularity,TabICLv2,10.0,winsor,10000,1196.2622319742838,1400.3618649820964,564.1875395540367,249.6533519244792,8.99997176218877,7.0,
1,OnlineNewsPopularity,TabICLv2,10.0,winsor,11000,1185.3734706624348,1365.9164873860675,608.8360461263022,296.20290432812504,7.0235762092919165,7.1,
1,OnlineNewsPopularity,TabICLv2,100.0,raw,7000,1125.912599609375,1341.6913701171875,687.3613472981773,144.37553709635426,68.79738668118672,7.5,
1,OnlineNewsPopularity,TabICLv2,100.0,raw,8000,1339.3733170572916,1435.5932252604166,673.8449636328127,147.0582592421876,90.15640157971924,7.5,
1,OnlineNewsPopularity,TabICLv2,100.0,raw,9000,1341.3942563476562,1643.3770854166664,746.1048126106774,117.8107825481772,41.67741309160501,7.1,
1,OnlineNewsPopularity,TabICLv2,100.0,raw,10000,1331.0730807291666,1472.6744986979168,722.9339384765626,216.49382769010427,89.49275260551107,7.2,
1,OnlineNewsPopularity,TabICLv2,100.0,raw,11000,1236.2756168619792,1389.2727072916666,670.7836477083335,179.85794619531262,69.59417440603278,7.1,
1,OnlineNewsPopularity,TabICLv2,100.0,winsor,7000,1073.6517004394532,1275.7334242024738,597.2080561295573,319.7815467324219,68.79738668118672,7.4,
1,OnlineNewsPopularity,TabICLv2,100.0,winsor,8000,1222.4308868815103,1378.3375595540365,552.606592184245,265.02621498958337,90.15640157971924,7.8,
1,OnlineNewsPopularity,TabICLv2,100.0,winsor,9000,1337.2134376627605,1618.7770231526692,708.3941235058596,369.8336257669271,41.67741309160501,7.2,
1,OnlineNewsPopularity,TabICLv2,100.0,winsor,10000,1196.2622319742838,1400.3618649820964,564.1875395540367,249.6533519244792,89.49275260551107,7.1,
1,OnlineNewsPopularity,TabICLv2,100.0,winsor,11000,1185.3734706624348,1365.9164873860675,608.8360461263022,296.20290432812504,69.59417440603278,7.2,
1,OnlineNewsPopularity,TabPFN-V3,0.0,raw,7000,1068.5464887491862,1268.624757861328,654.6778213509116,249.8613641953125,1.0,12.6,
1,OnlineNewsPopularity,TabPFN-V3,0.0,raw,8000,1212.3756398925782,1388.705839457194,526.9598869140626,145.26746580729173,1.0,11.8,
1,OnlineNewsPopularity,TabPFN-V3,0.0,raw,9000,1304.2693379516602,1607.9654593261716,756.4993325260419,186.6362306985677,1.0,11.8,
1,OnlineNewsPopularity,TabPFN-V3,0.0,raw,10000,1191.0392627563476,1415.844901570638,584.260802229818,152.63312852018237,1.0,12.3,
1,OnlineNewsPopularity,TabPFN-V3,0.0,raw,11000,1181.035441426595,1350.9514849527995,585.8433785123699,177.18887313932296,1.0,12.0,
1,OnlineNewsPopularity,TabPFN-V3,0.0,winsor,7000,1071.0845243123372,1268.9365793945312,656.3279217513023,276.43366628450525,1.0,12.0,
1,OnlineNewsPopularity,TabPFN-V3,0.0,winsor,8000,1213.1831426391602,1388.796065966797,531.9533390869142,173.95555655078132,1.0,11.7,
1,OnlineNewsPopularity,TabPFN-V3,0.0,winsor,9000,1304.7610541585286,1602.8075375,754.9138870052084,202.1639051432292,1.0,11.8,
1,OnlineNewsPopularity,TabPFN-V3,0.0,winsor,10000,1188.5399627888996,1404.639003857422,592.8303562825522,219.63442747265628,1.0,12.7,
1,OnlineNewsPopularity,TabPFN-V3,0.0,winsor,11000,1177.2994158121744,1342.3416029785155,592.2324394759116,200.81122885937503,1.0,12.8,
1,OnlineNewsPopularity,TabPFN-V3,10.0,raw,7000,1077.447782430013,1304.079884578451,645.2099695475262,238.3390042083334,6.944735836944037,12.7,
1,OnlineNewsPopularity,TabPFN-V3,10.0,raw,8000,1230.7306071370442,1383.058027685547,578.6775552213543,143.58812411393234,9.065734161476689,11.9,
1,OnlineNewsPopularity,TabPFN-V3,10.0,raw,9000,1308.7297343139649,1597.1165320312498,749.7001524381512,164.78627449609385,4.276962493085469,11.9,
1,OnlineNewsPopularity,TabPFN-V3,10.0,raw,10000,1226.8683887329105,1439.2575209554036,578.0641805175783,186.80623164388024,8.99997176218877,12.2,
1,OnlineNewsPopularity,TabPFN-V3,10.0,raw,11000,1192.5780886230468,1370.558804744466,667.5666037272138,186.9897593307292,7.0235762092919165,13.0,
1,OnlineNewsPopularity,TabPFN-V3,10.0,winsor,7000,1070.8500210164389,1268.0957139811198,652.047729794922,272.52847054557293,6.944735836944037,14.9,
1,OnlineNewsPopularity,TabPFN-V3,10.0,winsor,8000,1212.7467450968425,1390.1264611653646,528.987386238607,172.4685037727865,9.065734161476689,13.4,
1,OnlineNewsPopularity,TabPFN-V3,10.0,winsor,9000,1304.5239306640624,1605.9060263509118,752.6518380110679,200.9284639791667,4.276962493085469,12.3,
1,OnlineNewsPopularity,TabPFN-V3,10.0,winsor,10000,1188.783636739095,1408.1786723388673,592.6185113541669,219.23380131380213,8.99997176218877,12.2,
1,OnlineNewsPopularity,TabPFN-V3,10.0,winsor,11000,1177.7955535481772,1342.250571508789,586.0747166243491,199.7955771432292,7.0235762092919165,12.7,
1,OnlineNewsPopularity,TabPFN-V3,100.0,raw,7000,1219.7849147135416,1343.3318983072916,728.3666460351564,418.1902299029948,68.79738668118672,12.3,
1,OnlineNewsPopularity,TabPFN-V3,100.0,raw,8000,1354.698882446289,1624.9488665364584,736.4220628320314,629.2092695143232,90.15640157971924,13.0,
1,OnlineNewsPopularity,TabPFN-V3,100.0,raw,9000,1401.0430124308268,1655.6104058105468,861.03411101237,265.69123407617195,41.67741309160501,13.0,
1,OnlineNewsPopularity,TabPFN-V3,100.0,raw,10000,1393.2574783528646,1773.6582258463538,725.9925360026043,391.4341697278647,89.49275260551107,12.8,
1,OnlineNewsPopularity,TabPFN-V3,100.0,raw,11000,1347.625809346517,1438.9638064127605,790.2951084635417,440.29301501106784,69.59417440603278,12.4,
1,OnlineNewsPopularity,TabPFN-V3,100.0,winsor,7000,1070.8500210164389,1268.0957139811198,652.047729794922,272.52847054557293,68.79738668118672,12.1,
1,OnlineNewsPopularity,TabPFN-V3,100.0,winsor,8000,1212.7467450968425,1390.1264611653646,528.987386238607,172.4685037727865,90.15640157971924,12.3,
1,OnlineNewsPopularity,TabPFN-V3,100.0,winsor,9000,1304.5239306640624,1605.9060263509118,752.6518380110679,200.9284639791667,41.67741309160501,12.4,
1,OnlineNewsPopularity,TabPFN-V3,100.0,winsor,10000,1188.783636739095,1408.1786723388673,592.6185113541669,219.23380131380213,89.49275260551107,12.1,
1,OnlineNewsPopularity,TabPFN-V3,100.0,winsor,11000,1177.7955535481772,1342.250571508789,586.0747166243491,199.7955771432292,69.59417440603278,12.8,
1,OnlineNewsPopularity,GBM,0.0,raw,7000,1073.1362006539332,1261.18379670578,677.1976805870457,145.86717326798407,1.0,16.3,
1,OnlineNewsPopularity,GBM,0.0,raw,8000,1231.5416281272462,1421.5858045200337,583.0430858120305,231.29278448635984,1.0,17.0,
1,OnlineNewsPopularity,GBM,0.0,raw,9000,1325.096749351727,1629.8509999759656,861.3550956893448,290.1468222840404,1.0,16.2,
1,OnlineNewsPopularity,GBM,0.0,raw,10000,1199.8402806692077,1475.5326763785174,609.5697416515372,230.4076831836719,1.0,14.7,
1,OnlineNewsPopularity,GBM,0.0,raw,11000,1191.2394839116748,1408.5913244223266,642.6147529127712,238.30244815269643,1.0,14.3,
1,OnlineNewsPopularity,GBM,0.0,winsor,7000,1073.1362006539332,1255.7537151403517,664.2797569373264,275.5185962275423,1.0,14.3,
1,OnlineNewsPopularity,GBM,0.0,winsor,8000,1231.5416281272462,1430.966768164927,598.4516131620729,295.32716333333383,1.0,14.2,
1,OnlineNewsPopularity,GBM,0.0,winsor,9000,1324.4137493517271,1614.1727616478522,864.2449488900695,377.7213413333346,1.0,13.7,
1,OnlineNewsPopularity,GBM,0.0,winsor,10000,1199.8402806692077,1446.5709787230976,572.2087082152864,278.4002932241798,1.0,13.4,
1,OnlineNewsPopularity,GBM,0.0,winsor,11000,1191.2394839116748,1400.485507429381,691.8651476752453,271.8921814747097,1.0,13.4,
1,OnlineNewsPopularity,GBM,10.0,raw,7000,1076.3076187857562,1341.1003770033833,754.6325297693429,149.11709723209472,6.944735836944037,13.1,
1,OnlineNewsPopularity,GBM,10.0,raw,8000,1221.3183084054294,1500.5820500085376,781.2579685888942,239.17703239713936,9.065734161476689,14.3,
1,OnlineNewsPopularity,GBM,10.0,raw,9000,1327.533790431352,1631.024758097099,861.2914546775398,266.1611389388988,4.276962493085469,14.3,
1,OnlineNewsPopularity,GBM,10.0,raw,10000,1198.0446294704263,1487.296920512067,671.4906064377866,311.2374643161504,8.99997176218877,14.8,
1,OnlineNewsPopularity,GBM,10.0,raw,11000,1197.3222467866956,1400.9509020395783,656.6525248947206,221.3350228421921,7.0235762092919165,14.4,
1,OnlineNewsPopularity,GBM,10.0,winsor,7000,1076.3076187857562,1262.1789263052278,670.8467467981367,265.02290055707937,6.944735836944037,14.4,
1,OnlineNewsPopularity,GBM,10.0,winsor,8000,1221.3183084054294,1435.7522757233255,607.6170886600798,291.54616333333337,9.065734161476689,13.5,
1,OnlineNewsPopularity,GBM,10.0,winsor,9000,1326.9171237646854,1628.4073550495875,879.8695308723057,367.7713413333334,4.276962493085469,13.3,
1,OnlineNewsPopularity,GBM,10.0,winsor,10000,1198.0446294704263,1455.2061661434589,626.7126466497937,276.4775908252014,8.99997176218877,13.6,
1,OnlineNewsPopularity,GBM,10.0,winsor,11000,1197.3222467866956,1393.1693050473953,693.3000386093016,265.7802129733869,7.0235762092919165,13.7,
1,OnlineNewsPopularity,GBM,100.0,raw,7000,1076.3076187857562,2459.980377003382,1806.5102657693435,174.62368713937565,68.79738668118672,14.1,
1,OnlineNewsPopularity,GBM,100.0,raw,8000,1221.3183084054294,2242.0620500085374,2968.623968588896,603.2765492601497,90.15640157971924,14.2,
1,OnlineNewsPopularity,GBM,100.0,raw,9000,1327.533790431352,1631.024758097099,861.2914546775398,285.33521935862933,41.67741309160501,14.1,
1,OnlineNewsPopularity,GBM,100.0,raw,10000,1198.0446294704263,1487.296920512067,671.4906064377866,1065.9040251528347,89.49275260551107,13.8,
1,OnlineNewsPopularity,GBM,100.0,raw,11000,1197.3222467866956,1400.9509020395783,656.6525248947206,471.4447828870725,69.59417440603278,14.0,
1,OnlineNewsPopularity,GBM,100.0,winsor,7000,1076.3076187857562,1262.1789263052278,670.8467467981367,265.02290055707937,68.79738668118672,13.9,
1,OnlineNewsPopularity,GBM,100.0,winsor,8000,1221.3183084054294,1435.7522757233255,607.6170886600798,291.54616333333337,90.15640157971924,14.3,
1,OnlineNewsPopularity,GBM,100.0,winsor,9000,1326.9171237646854,1628.4073550495875,879.8695308723057,367.7713413333334,41.67741309160501,14.5,
1,OnlineNewsPopularity,GBM,100.0,winsor,10000,1198.0446294704263,1455.2061661434589,626.7126466497937,276.4775908252014,89.49275260551107,14.3,
1,OnlineNewsPopularity,GBM,100.0,winsor,11000,1197.3222467866956,1393.1693050473953,693.3000386093016,265.7802129733869,69.59417440603278,11.5,
1,Allstate_Claims_Severity,TabICLv2,0.0,raw,7000,596.2383156933595,349.1758605449218,77.04801131979173,12.94389134617188,1.0,14.3,
1,Allstate_Claims_Severity,TabICLv2,0.0,raw,8000,642.2312260498047,411.48727684928383,90.3045820259115,19.31602292850261,1.0,10.1,
1,Allstate_Claims_Severity,TabICLv2,0.0,raw,9000,627.8007577620443,379.05077590429687,85.92618063404953,20.68672382984376,1.0,10.3,
1,Allstate_Claims_Severity,TabICLv2,0.0,raw,10000,611.7012497005209,376.74586288216136,101.54288051542972,43.73952733995444,1.0,10.5,
1,Allstate_Claims_Severity,TabICLv2,0.0,raw,11000,602.7511914274089,359.5891743665364,78.21192057792973,18.03789657374349,1.0,10.5,
1,Allstate_Claims_Severity,TabICLv2,0.0,winsor,7000,593.7547678352864,348.0076745504557,80.53324665996098,19.542438544088547,1.0,10.6,
1,Allstate_Claims_Severity,TabICLv2,0.0,winsor,8000,640.8353326855469,407.7773750198567,103.70885322057296,37.33935715311198,1.0,10.6,
1,Allstate_Claims_Severity,TabICLv2,0.0,winsor,9000,627.942106360677,378.9602603834635,96.280303485612,35.58983721054038,1.0,10.3,
1,Allstate_Claims_Severity,TabICLv2,0.0,winsor,10000,611.1290275813802,386.603175585612,125.50911252226568,69.69724658702475,1.0,11.1,
1,Allstate_Claims_Severity,TabICLv2,0.0,winsor,11000,603.4378408040363,365.4266174638672,90.87806015149744,30.493591810722663,1.0,10.4,
1,Allstate_Claims_Severity,TabICLv2,10.0,raw,7000,602.2030209847005,344.84961217740874,74.15576304016932,11.582413070455736,2.304389339363272,10.3,
1,Allstate_Claims_Severity,TabICLv2,10.0,raw,8000,636.8677431233724,419.85987074251295,92.74739769973962,12.977971533971363,2.33501131433461,9.9,
1,Allstate_Claims_Severity,TabICLv2,10.0,raw,9000,622.6556672639974,376.7275050742187,79.35940297779953,16.251118793710944,2.9253970338444546,15.4,
1,Allstate_Claims_Severity,TabICLv2,10.0,raw,10000,610.5654330810547,375.8346448466796,101.09381946725266,33.799137418893245,3.302831276262149,11.6,
1,Allstate_Claims_Severity,TabICLv2,10.0,raw,11000,606.0768264469401,363.98309557910153,76.59559934257817,16.375245646171884,3.6288007326173206,11.5,
1,Allstate_Claims_Severity,TabICLv2,10.0,winsor,7000,596.4857455696615,347.3857246497396,79.84938402324224,17.82612780255209,2.304389339363272,11.9,
1,Allstate_Claims_Severity,TabICLv2,10.0,winsor,8000,640.5320041959635,406.8189789407552,101.84733521764328,35.39294206912761,2.33501131433461,11.9,
1,Allstate_Claims_Severity,TabICLv2,10.0,winsor,9000,628.2619646972657,379.0173833473307,94.70436360117192,33.966977723723964,2.9253970338444546,11.5,
1,Allstate_Claims_Severity,TabICLv2,10.0,winsor,10000,612.3532379248047,385.22282296842445,122.47303261666671,65.76052830951824,3.302831276262149,11.8,
1,Allstate_Claims_Severity,TabICLv2,10.0,winsor,11000,603.7331507307943,364.83184833951816,90.36409383476568,28.86189935011068,3.6288007326173206,11.6,
1,Allstate_Claims_Severity,TabICLv2,100.0,raw,7000,609.5772568229166,357.5457355188802,73.56269068828131,15.05391914434897,20.994667516834763,12.0,
1,Allstate_Claims_Severity,TabICLv2,100.0,raw,8000,643.5545388932292,422.44708714388014,94.44043981074223,15.148844047317723,21.34729994432671,11.4,
1,Allstate_Claims_Severity,TabICLv2,100.0,raw,9000,628.9772379882812,396.8732610312499,85.54512229420577,15.615917216562512,27.73286742349657,11.4,
1,Allstate_Claims_Severity,TabICLv2,100.0,raw,10000,626.9031511295573,402.1955128170573,98.567526941211,30.492369967395856,31.70100858275684,11.5,
1,Allstate_Claims_Severity,TabICLv2,100.0,raw,11000,619.0100208723958,377.2281341940104,73.93993796236984,18.492213756848976,35.10790060322758,11.6,
1,Allstate_Claims_Severity,TabICLv2,100.0,winsor,7000,596.4857455696615,347.3857246497396,79.84938402324224,17.82612780255209,20.994667516834763,11.5,
1,Allstate_Claims_Severity,TabICLv2,100.0,winsor,8000,640.5320041959635,406.8189789407552,101.84733521764328,35.39294206912761,21.34729994432671,11.5,
1,Allstate_Claims_Severity,TabICLv2,100.0,winsor,9000,628.2619646972657,379.0173833473307,94.70436360117192,33.966977723723964,27.73286742349657,11.4,
1,Allstate_Claims_Severity,TabICLv2,100.0,winsor,10000,612.3532379248047,385.22282296842445,122.47303261666671,65.76052830951824,31.70100858275684,11.5,
1,Allstate_Claims_Severity,TabICLv2,100.0,winsor,11000,603.7331507307943,364.83184833951816,90.36409383476568,28.86189935011068,35.10790060322758,11.5,
1,Allstate_Claims_Severity,TabPFN-V3,0.0,raw,7000,594.4295670206706,345.09605894498696,69.46304472799484,14.144383001770844,1.0,19.5,
1,Allstate_Claims_Severity,TabPFN-V3,0.0,raw,8000,636.9045306363932,415.3639995738933,91.2737842492188,14.339844976191417,1.0,19.1,
1,Allstate_Claims_Severity,TabPFN-V3,0.0,raw,9000,627.8208524690755,378.9108922438151,81.98157852467452,16.238383987070325,1.0,18.7,
1,Allstate_Claims_Severity,TabPFN-V3,0.0,raw,10000,618.4720809611003,388.4800015735676,108.71908635690107,32.13727686583335,1.0,19.0,
1,Allstate_Claims_Severity,TabPFN-V3,0.0,raw,11000,600.014327121582,365.0450580823567,83.30082002128911,19.295797608899747,1.0,19.1,
1,Allstate_Claims_Severity,TabPFN-V3,0.0,winsor,7000,592.9635722233073,341.225814890625,67.61031584453129,13.203305963684906,1.0,19.2,
1,Allstate_Claims_Severity,TabPFN-V3,0.0,winsor,8000,636.4749484830728,416.16641564160153,94.64554716588545,14.643324817337248,1.0,19.1,
1,Allstate_Claims_Severity,TabPFN-V3,0.0,winsor,9000,627.9697212076823,379.4051869833984,92.38699249277347,15.539162960052092,1.0,18.9,
1,Allstate_Claims_Severity,TabPFN-V3,0.0,winsor,10000,619.6503499527995,394.5099698759766,118.63590282500004,45.732759740019546,1.0,20.1,
1,Allstate_Claims_Severity,TabPFN-V3,0.0,winsor,11000,599.4036668530273,370.2129799117839,79.35853291354171,17.78134974594402,1.0,19.4,
1,Allstate_Claims_Severity,TabPFN-V3,10.0,raw,7000,593.0357039412436,347.8329990589192,73.12355538717452,14.831547034973967,2.304389339363272,19.3,
1,Allstate_Claims_Severity,TabPFN-V3,10.0,raw,8000,638.0115220239257,412.93075264518217,88.32451233027348,15.005078579707044,2.33501131433461,19.3,
1,Allstate_Claims_Severity,TabPFN-V3,10.0,raw,9000,626.0745505729167,380.27588491308586,86.19208389902347,16.324085434824227,2.9253970338444546,19.1,
1,Allstate_Claims_Severity,TabPFN-V3,10.0,raw,10000,618.780989547526,381.9949896578776,109.34910354195968,38.06630091059247,3.302831276262149,19.1,
1,Allstate_Claims_Severity,TabPFN-V3,10.0,raw,11000,605.2118175976562,368.0835809013671,87.30297167656255,21.23343989307944,3.6288007326173206,19.2,
1,Allstate_Claims_Severity,TabPFN-V3,10.0,winsor,7000,592.6154033024089,342.68504023404944,67.49558171529952,12.883042851054697,2.304389339363272,19.4,
1,Allstate_Claims_Severity,TabPFN-V3,10.0,winsor,8000,636.8437678279622,415.26575576529945,93.20529473750004,14.27183882954428,2.33501131433461,19.4,
1,Allstate_Claims_Severity,TabPFN-V3,10.0,winsor,9000,627.5795492740885,378.9848129046224,90.90144370533858,15.990383585052092,2.9253970338444546,19.8,
1,Allstate_Claims_Severity,TabPFN-V3,10.0,winsor,10000,620.9706266341145,394.9315811227213,116.17525527617192,44.53363981554038,3.302831276262149,19.5,
1,Allstate_Claims_Severity,TabPFN-V3,10.0,winsor,11000,600.7451637955728,369.5796741044921,77.50938538750005,16.938362085299488,3.6288007326173206,19.3,
1,Allstate_Claims_Severity,TabPFN-V3,100.0,raw,7000,597.8736085237631,354.2336048466796,73.78191953186854,12.67383206720053,20.994667516834763,19.1,
1,Allstate_Claims_Severity,TabPFN-V3,100.0,raw,8000,645.2120889274088,421.4280733889974,94.85836061233728,12.524578390904956,21.34729994432671,19.6,
1,Allstate_Claims_Severity,TabPFN-V3,100.0,raw,9000,634.3444964762369,405.89979234798176,97.32001942229822,14.565649440846364,27.73286742349657,19.7,
1,Allstate_Claims_Severity,TabPFN-V3,100.0,raw,10000,627.7088494051106,406.3213378821615,113.4407112804037,23.36864039041017,31.70100858275684,19.8,
1,Allstate_Claims_Severity,TabPFN-V3,100.0,raw,11000,622.3606694791666,385.3593036048176,91.76302561780604,21.343939614270848,35.10790060322758,20.0,
1,Allstate_Claims_Severity,TabPFN-V3,100.0,winsor,7000,592.6154033024089,342.68504023404944,67.49558171529952,12.883042851054697,20.994667516834763,20.4,
1,Allstate_Claims_Severity,TabPFN-V3,100.0,winsor,8000,636.8437678279622,415.26575576529945,93.20529473750004,14.27183882954428,21.34729994432671,20.5,
1,Allstate_Claims_Severity,TabPFN-V3,100.0,winsor,9000,627.5795492740885,378.9848129046224,90.90144370533858,15.990383585052092,27.73286742349657,20.1,
1,Allstate_Claims_Severity,TabPFN-V3,100.0,winsor,10000,620.9706266341145,394.9315811227213,116.17525527617192,44.53363981554038,31.70100858275684,20.3,
1,Allstate_Claims_Severity,TabPFN-V3,100.0,winsor,11000,600.7451637955728,369.5796741044921,77.50938538750005,16.938362085299488,35.10790060322758,19.9,
1,Allstate_Claims_Severity,GBM,0.0,raw,7000,618.3602256318218,395.4649119034701,96.88961530075008,21.53280823945865,1.0,10.5,
1,Allstate_Claims_Severity,GBM,0.0,raw,8000,673.6912017010872,476.2370398084656,164.67021289502588,54.17274065868353,1.0,10.4,
1,Allstate_Claims_Severity,GBM,0.0,raw,9000,637.4005131703843,423.2734852173917,126.89888827002976,34.73919173444205,1.0,10.3,
1,Allstate_Claims_Severity,GBM,0.0,raw,10000,654.963347167564,424.9764880408847,139.78907902844236,58.06936105998833,1.0,10.0,
1,Allstate_Claims_Severity,GBM,0.0,raw,11000,636.4243393319483,417.7630177417638,118.58543641424872,27.463609133295144,1.0,9.0,
1,Allstate_Claims_Severity,GBM,0.0,winsor,7000,618.3602256318218,386.6807320696181,99.55441141900302,24.45864813834828,1.0,9.0,
1,Allstate_Claims_Severity,GBM,0.0,winsor,8000,674.596643063397,471.11352207906265,179.66068377105884,53.70354761183584,1.0,8.8,
1,Allstate_Claims_Severity,GBM,0.0,winsor,9000,637.4005131703843,425.6050960568554,130.8509448774703,40.40608773672294,1.0,8.8,
1,Allstate_Claims_Severity,GBM,0.0,winsor,10000,651.2896204071963,419.7238051406163,164.84757281769438,80.6628500393463,1.0,8.9,
1,Allstate_Claims_Severity,GBM,0.0,winsor,11000,636.4243393319483,420.7972938434837,129.2880358887278,37.51351476223625,1.0,9.1,
1,Allstate_Claims_Severity,GBM,10.0,raw,7000,616.4243860737486,400.6693753193102,98.05464221642244,27.39889548228684,2.304389339363272,8.8,
1,Allstate_Claims_Severity,GBM,10.0,raw,8000,679.5733790113983,478.2823562165885,163.54717508640667,56.2646387437004,2.33501131433461,8.8,
1,Allstate_Claims_Severity,GBM,10.0,raw,9000,635.9733115626393,425.6596701033269,157.25642681267462,42.016162510034505,2.9253970338444546,8.9,
1,Allstate_Claims_Severity,GBM,10.0,raw,10000,651.5051604766911,407.4991311808516,145.1834116498035,63.67634728067264,3.302831276262149,8.9,
1,Allstate_Claims_Severity,GBM,10.0,raw,11000,636.9286233246731,428.354797206016,128.93925570478586,40.34403600769188,3.6288007326173206,9.0,
1,Allstate_Claims_Severity,GBM,10.0,winsor,7000,616.4243860737486,381.9947627171435,100.18068116668664,22.887376553351803,2.304389339363272,9.2,
1,Allstate_Claims_Severity,GBM,10.0,winsor,8000,679.5733790113983,473.0478897851677,174.85260541969146,52.580198397968665,2.33501131433461,9.8,
1,Allstate_Claims_Severity,GBM,10.0,winsor,9000,635.9733115626393,423.6145557035789,130.0402882351603,48.85817339242703,2.9253970338444546,9.7,
1,Allstate_Claims_Severity,GBM,10.0,winsor,10000,649.5787867104602,420.0671084315845,165.17144127941862,76.81210680678608,3.302831276262149,10.0,
1,Allstate_Claims_Severity,GBM,10.0,winsor,11000,637.2500603246732,410.91152204126905,132.17278274556455,36.391295315235794,3.6288007326173206,9.9,
1,Allstate_Claims_Severity,GBM,100.0,raw,7000,616.4243860737486,400.6693753193102,98.05464221642244,86.97865171461397,20.994667516834763,9.8,
1,Allstate_Claims_Severity,GBM,100.0,raw,8000,679.5733790113983,478.2823562165885,163.54717508640667,151.85925036834402,21.34729994432671,10.1,
1,Allstate_Claims_Severity,GBM,100.0,raw,9000,635.9733115626393,425.6596701033269,298.3991908126748,113.18366455546376,27.73286742349657,10.2,
1,Allstate_Claims_Severity,GBM,100.0,raw,10000,651.5051604766911,407.4991311808516,145.1834116498035,132.63037038511902,31.70100858275684,9.8,
1,Allstate_Claims_Severity,GBM,100.0,raw,11000,636.9286233246731,428.354797206016,128.93925570478586,181.91805764864097,35.10790060322758,9.9,
1,Allstate_Claims_Severity,GBM,100.0,winsor,7000,616.4243860737486,381.9947627171435,100.18068116668664,22.887376553351803,20.994667516834763,9.8,
1,Allstate_Claims_Severity,GBM,100.0,winsor,8000,679.5733790113983,473.0478897851677,174.85260541969146,52.580198397968665,21.34729994432671,9.7,
1,Allstate_Claims_Severity,GBM,100.0,winsor,9000,635.9733115626393,423.6145557035789,130.0402882351603,48.85817339242703,27.73286742349657,9.8,
1,Allstate_Claims_Severity,GBM,100.0,winsor,10000,649.5787867104602,420.0671084315845,165.17144127941862,76.81210680678608,31.70100858275684,10.1,
1,Allstate_Claims_Severity,GBM,100.0,winsor,11000,637.2500603246732,410.91152204126905,132.17278274556455,36.391295315235794,35.10790060322758,9.9,
