utc,output,script,git_sha,git_dirty,python,platform,venv,v_numpy,v_pandas,v_scipy,v_scikit_learn,v_torch,v_tabpfn,v_tabicl,v_tabdpt,v_tabfm,v_exaone_tabular,v_xgboost,v_catboost,env_MODELS,env_MODEL,env_SEEDS,env_N_EST,env_XI,env_DOSES,env_DOSE_MODE,env_SD_SHIFTS,env_DATASETS,env_POSITION,env_VARIANTS,env_LEVELS,env_MEMBERS,env_N_GROUPS,env_N_TRAIN,env_OUTPUT,env_TFM_STRICT,env_ARM,env_D,env_PARTS,env_DOSE,env_FAMILIES,env_GENERATOR,env_K,env_N_PER_BIN,env_K_SHARE,env_LOG_SCALE,env_MAX_ATTEMPTS,env_MASS,env_N_BOOT,env_N_FIT,env_N_GRID,env_N_PERM,env_N_PER_GROUP,env_N_TEST,env_OUTPUT1,env_OUTPUT2,env_N_REPEATS,env_TRANSFORMS,env_N_SUBSAMPLES,env_DTYPE,env_PER_LEVEL,env_SELECTED,env_TABPFN_MODEL_VERSION
2026-09-07T21:17:49Z,reference_instrument.csv,reference_instrument.py,01d471d,yes,3.11.0,Windows-AMD64,Python311,1.26.4,2.2.2,1.16.1,1.5.1,,,,,,,,,,,3.0,,,,,,,,,,,,,,,,,,,,,,,,,,,,,,,,,,,,,,,,,
2026-09-07T21:21:43Z,slope_smoke.csv,dissociation_real_slope.py,01d471d,yes,3.11.0,Windows-AMD64,Python311,1.26.4,2.2.2,1.16.1,1.5.1,,,,,,,,,GBM,,1.0,,,,,,houses,,,,,,,slope_smoke.csv,,,,,,,,,,,,,,,,,,,,,,,,,,,,
2026-09-07T21:22:17Z,dissociation_real_slope.csv,dissociation_real_slope.py,01d471d,yes,3.11.0,Windows-AMD64,Python311,1.26.4,2.2.2,1.16.1,1.5.1,,,,,,,,,GBM,,3.0,,,,,,,,,,,,,,,,,,,,,,,,,,,,,,,,,,,,,,,,,
2026-09-07T22:38:37Z,dissociation_real_slope.csv,dissociation_real_slope.py,c1d6377,yes,3.11.0,Windows-AMD64,venv-tfm,2.4.6,3.0.5,1.17.1,1.9.0,2.14.0+cpu,8.4.0,2.1.1,,,,3.2.0,,"TabICLv2,GBM",,3.0,4.0,,,,,,,,,,,,dissociation_real_slope.csv,,,,,,,,,,,,,,,,,,,,,,,,,,,,
2026-09-08T10:23:57Z,dissociation_real_slope.csv,dissociation_real_slope.py,f84bf25,yes,3.11.0,Windows-AMD64,venv-tfm,2.4.6,3.0.5,1.17.1,1.9.0,2.14.0+cpu,8.4.0,2.1.1,,,,3.2.0,,"TabICLv2,GBM",,3.0,4.0,,,,,,,,,,,,dissociation_real_slope.csv,,,,,,,,,,,,,,,,,,,,,,,,,,,,
2026-09-08T11:18:39Z,influence_sd.csv,influence.py,e26837e,yes,3.11.0,Windows-AMD64,venv-tfm,2.4.6,3.0.5,1.17.1,1.9.0,2.14.0+cpu,8.4.0,2.1.1,,,,3.2.0,,"TabICLv2,GBM",,5.0,1.0,"0.3,0.7","2,4,10,20,50",sd,,,,,,,,,influence_sd.csv,,,,,,,,,,,,,,,,,,,,,,,,,,,,
2026-09-08T11:25:32Z,coverage.csv,coverage.py,e26837e,yes,3.11.0,Windows-AMD64,venv-tfm,2.4.6,3.0.5,1.17.1,1.9.0,2.14.0+cpu,8.4.0,2.1.1,,,,3.2.0,,"GBM,XGB,TabICLv2",,3.0,1.0,,"0,100",,,"freMTPL2sev,OnlineNewsPopularity,diamonds,particulate-matter-ukair-2017,Buzzinsocialmedia_Twitter,CPS1988,218_house_8L,superconduct,houses,house_16H",,,,,,,coverage.csv,,,,,,,,,,,,,,,,,,,,,,,,,,,,
2026-09-08T12:13:14Z,dissociation_real_slope.csv,dissociation_real_slope.py,21f2649,no,3.11.0,Windows-AMD64,venv-tfm,2.4.6,3.0.5,1.17.1,1.9.0,2.14.0+cpu,8.4.0,2.1.1,,,,3.2.0,,"TabICLv2,TabPFN-V3,GBM",,3.0,4.0,,,,,,,,,,,,dissociation_real_slope.csv,,,,,,,,,,,,,,,,,,,,,,,,,,,,
2026-09-08T13:10:25Z,influence_sd.csv,influence.py,21f2649,yes,3.11.0,Windows-AMD64,venv-tfm,2.4.6,3.0.5,1.17.1,1.9.0,2.14.0+cpu,8.4.0,2.1.1,,,,3.2.0,,"TabICLv2,TabPFN-V3,GBM",,5.0,1.0,"0.3,0.7","2,4,10,20,50",sd,,,,,,,,,influence_sd.csv,,,,,,,,,,,,,,,,,,,,,,,,,,,,
2026-09-08T13:14:34Z,coverage.csv,coverage.py,21f2649,yes,3.11.0,Windows-AMD64,venv-tfm,2.4.6,3.0.5,1.17.1,1.9.0,2.14.0+cpu,8.4.0,2.1.1,,,,3.2.0,,"GBM,XGB,TabICLv2,TabPFN-V3",,3.0,1.0,,"0,100",,,"freMTPL2sev,OnlineNewsPopularity,diamonds,particulate-matter-ukair-2017,Buzzinsocialmedia_Twitter,CPS1988,218_house_8L,superconduct,houses,house_16H",,,,,,,coverage.csv,,,,,,,,,,,,,,,,,,,,,,,,,,,,
2026-09-08T14:22:15Z,reference_instrument_k0.05.csv,reference_instrument.py,7c07711,no,3.11.0,Windows-AMD64,venv-tfm,2.4.6,3.0.5,1.17.1,1.9.0,2.14.0+cpu,8.4.0,2.1.1,,,,3.2.0,,,,,,,,,,,,,,,,,reference_instrument_k0.05.csv,,,,,,,,,,,,,,,,,,,,,,,,,,,,
2026-09-08T14:23:05Z,reference_instrument_k0.20.csv,reference_instrument.py,7c07711,yes,3.11.0,Windows-AMD64,venv-tfm,2.4.6,3.0.5,1.17.1,1.9.0,2.14.0+cpu,8.4.0,2.1.1,,,,3.2.0,,,,,,,,,,,,,,,,,reference_instrument_k0.20.csv,,,,,,,,,,,,,,,,,,,,,,,,,,,,
2026-09-08T14:25:47Z,prevalence_models_wide.csv,prevalence_models.py,7c07711,yes,3.11.0,Windows-AMD64,venv-tfm,2.4.6,3.0.5,1.17.1,1.9.0,2.14.0+cpu,8.4.0,2.1.1,,,,3.2.0,1.2.10,"GBM,XGB,TabICLv2,TabPFN-V3",,,1.0,,,,,"freMTPL2sev,Brazilian_houses,OnlineNewsPopularity,nyc-taxi-green-dec-2016,Job_Profitability,stock_fardamento02,Buzzinsocialmedia_Twitter,Airlines_DepDelay_10M,particulate-matter-ukair-2017",,,,,,,prevalence_models_wide.csv,,,,,,,,,,,,,,,,,,,,,,,,,,,,
2026-09-08T17:21:14Z,head_tail_family.csv,head_tail_family.py,b1ada56,yes,3.11.0,Windows-AMD64,venv-tfm,2.4.6,3.0.5,1.17.1,1.9.0,2.14.0+cpu,8.4.0,2.1.1,,,,3.2.0,1.2.10,,,,,,,,,,,,,,,,,,,,,,,,,,,,,,,,,,,,,,,,,,,,
2026-09-08T17:22:45Z,head_tail_family.csv,head_tail_family.py,b1ada56,yes,3.11.0,Windows-AMD64,venv-tfm,2.4.6,3.0.5,1.17.1,1.9.0,2.14.0+cpu,8.4.0,2.1.1,,,,3.2.0,1.2.10,,,,,,,,,,,,,,,,,,,,,,,,,,,,,,,,,,,,,,,,,,,,
2026-09-08T17:24:38Z,head_tail_family.csv,head_tail_family.py,b1ada56,yes,3.11.0,Windows-AMD64,venv-tfm,2.4.6,3.0.5,1.17.1,1.9.0,2.14.0+cpu,8.4.0,2.1.1,,,,3.2.0,1.2.10,,,,,,,,,,,,,,,,,,,,,,,,,,,,,,,,,,,,,,,,,,,,
2026-09-08T17:25:08Z,head_tail_family.csv,head_tail_family.py,b1ada56,yes,3.11.0,Windows-AMD64,venv-tfm,2.4.6,3.0.5,1.17.1,1.9.0,2.14.0+cpu,8.4.0,2.1.1,,,,3.2.0,1.2.10,,,,,,,,,,,,,,,,,,,,,,,,,,,,,,,,,,,,,,,,,,,,
2026-09-08T17:25:35Z,head_tail_family.csv,head_tail_family.py,b1ada56,yes,3.11.0,Windows-AMD64,venv-tfm,2.4.6,3.0.5,1.17.1,1.9.0,2.14.0+cpu,8.4.0,2.1.1,,,,3.2.0,1.2.10,,,,,,,,,,,,,,,,,,,,,,,,,,,,,,,,,,,,,,,,,,,,
2026-09-08T17:50:45Z,grid_occupancy.csv,grid_occupancy.py,962ab98,yes,3.11.0,Windows-AMD64,venv-tfm,2.4.6,3.0.5,1.17.1,1.9.0,2.14.0+cpu,8.4.0,2.1.1,,,,3.2.0,1.2.10,TabPFN-V3,,5.0,,0.7,,,"1,2,4,10,20,50",,,,,,,,,,,,,,,,,,,,,,,,,,,,,,,,,,,,
2026-09-08T17:56:12Z,grid_occupancy.csv,grid_occupancy.py,962ab98,yes,3.11.0,Windows-AMD64,venv-tfm,2.4.6,3.0.5,1.17.1,1.9.0,2.14.0+cpu,8.4.0,2.1.1,,,,3.2.0,1.2.10,TabPFN-V3,,5.0,,0.7,,,"1,2,4,10,20,50",,,,,,,,,,,,,,,,,,,,,,,,,,,,,,,,,,,,
2026-09-08T18:18:16Z,head_tail_tabicl.csv,head_tail_tabicl.py,1ce97ce,yes,3.11.0,Windows-AMD64,venv-tfm,2.4.6,3.0.5,1.17.1,1.9.0,2.14.0+cpu,8.4.0,2.1.1,,,,3.2.0,1.2.10,,,1.0,,0.8,,,,,,,,,,,,,,,,,,,,,,,,,,,,,,,,,,,,,,,
2026-09-08T18:18:42Z,head_tail_tabicl.csv,head_tail_tabicl.py,1ce97ce,yes,3.11.0,Windows-AMD64,venv-tfm,2.4.6,3.0.5,1.17.1,1.9.0,2.14.0+cpu,8.4.0,2.1.1,,,,3.2.0,1.2.10,,,3.0,,"0.0,0.2,0.5,0.8",,,,,,,,,,,,,,,,,,,,,,,,,,,,,,,,,,,,,,,
2026-09-08T18:26:51Z,vincentization_10seeds.csv,vincentization.py,100647e,no,3.11.0,Windows-AMD64,venv-tfm,2.4.6,3.0.5,1.17.1,1.9.0,2.14.0+cpu,8.4.0,2.1.1,,,,3.2.0,1.2.10,"TabICLv2,TabPFN-V3",,10.0,,"0.3,0.7,0.9",,,,,,,,,,,vincentization_10seeds.csv,,,,,,,,,,,,,,,,,,,,,,,,,,,,
2026-09-08T18:26:52Z,shape_of_x_catboost.csv,shape_of_x.py,100647e,yes,3.11.0,Windows-AMD64,venv-tfm,2.4.6,3.0.5,1.17.1,1.9.0,2.14.0+cpu,8.4.0,2.1.1,,,,3.2.0,1.2.10,CB,,20.0,1.0,,,,,,,,,,,,shape_of_x_catboost.csv,,,,,,,,,,,,,,,,,,,,,,,,,,,,
2026-09-08T18:28:58Z,influence_catboost.csv,influence.py,100647e,yes,3.11.0,Windows-AMD64,venv-tfm,2.4.6,3.0.5,1.17.1,1.9.0,2.14.0+cpu,8.4.0,2.1.1,,,,3.2.0,1.2.10,CB,,5.0,1.0,"0.3,0.7,0.9","1,5,10,100",,,,,,,,,,influence_catboost.csv,,,,,,,,,,,,,,,,,,,,,,,,,,,,
2026-09-08T19:46:34Z,repair_mean_tabdpt.csv,repair_mean.py,81b5841,yes,3.11.0,Windows-AMD64,venv-tabdpt,2.4.6,3.0.5,1.17.1,1.9.0,2.14.0+cpu,,,1.2.0,,,,,,TabDPT,5.0,,"0.5,0.7,0.9",,,,,,,,,,,repair_mean_tabdpt.csv,,,,,,,,,,,,,,,,,,,,,,,,,,,,
2026-09-09T10:11:40Z,prevalence_models_wide.csv,prevalence_models.py,50cd361,no,3.11.0,Windows-AMD64,venv-tfm,2.4.6,3.0.5,1.17.1,1.9.0,2.14.0+cpu,8.4.0,2.1.1,,,,3.2.0,1.2.10,"GBM,XGB,TabICLv2,TabPFN-V3",,,1.0,,,,,"freMTPL2sev,nyc-taxi-green-dec-2016,Job_Profitability,stock_fardamento02,Brazilian_houses",,,,,,,prevalence_models_wide.csv,,,,,,,,,,,,,,,,,,,,,,,,,,,,
2026-09-09T10:14:49Z,prevalence_models_wide.csv,prevalence_models.py,b1914ef,no,3.11.0,Windows-AMD64,venv-tfm,2.4.6,3.0.5,1.17.1,1.9.0,2.14.0+cpu,8.4.0,2.1.1,,,,3.2.0,1.2.10,"GBM,XGB,TabICLv2,TabPFN-V3",,,1.0,,,,,"freMTPL2sev,nyc-taxi-green-dec-2016,Job_Profitability,stock_fardamento02,Brazilian_houses",,,,,,,prevalence_models_wide.csv,,,,,,,,,,,,,,,,,,,,,,,,,,,,
2026-09-09T10:28:01Z,prevalence_models_wide.csv,prevalence_models.py,f5712d7,no,3.11.0,Windows-AMD64,venv-tfm,2.4.6,3.0.5,1.17.1,1.9.0,2.14.0+cpu,8.4.0,2.1.1,,,,3.2.0,1.2.10,"GBM,XGB,TabICLv2,TabPFN-V3",,,1.0,,,,,"freMTPL2sev,nyc-taxi-green-dec-2016,Job_Profitability,stock_fardamento02,Brazilian_houses",,,,,,,prevalence_models_wide.csv,,,,,,,,,,,,,,,,,,,,,,,,,,,,
2026-09-09T12:55:09Z,instrument_ceiling.csv,instrument_ceiling.py,87f59ff,yes,3.12.8,Windows-AMD64,Python312,2.4.6,2.2.2,1.16.0,1.9.0,2.12.1,8.4.0,2.1.1,,,,3.4.1,,,,,,,,,,,,,,,,,,,,,,,,,,,,,,,,,,,,,,,,,,,,,
2026-09-09T16:39:52Z,sample_complexity.csv,sample_complexity.py,d7f49f8,no,3.12.8,Windows-AMD64,Python312,2.4.6,2.2.2,1.16.0,1.9.0,2.12.1,8.4.0,2.1.1,,,,3.4.1,,,,,4.0,,,,,,,,,,,,sample_complexity_remeasured.csv,,,,,,,,,,,,,,,,,,,,,,,,,,,,
2026-09-09T16:43:43Z,sample_complexity.csv,sample_complexity.py,d7f49f8,yes,3.12.8,Windows-AMD64,Python312,2.4.6,2.2.2,1.16.0,1.9.0,2.12.1,8.4.0,2.1.1,,,,3.4.1,,,,,4.0,,,,,,,,,,,,sample_complexity_remeasured.csv,,,,,,,,,,,,,,,,,,,,,,,,,,,,
2026-09-09T16:55:43Z,dissociation_real.csv,dissociation_real.py,d7f49f8,yes,3.12.8,Windows-AMD64,Python312,2.4.6,2.2.2,1.16.0,1.9.0,2.12.1,8.4.0,2.1.1,,,,3.4.1,,,,,4.0,,,,,,,,,,,,dissociation_real_remeasured.csv,,,,,,,,,,,,,,,,,,,,,,,,,,,,
2026-09-09T22:23:48Z,sample_complexity.csv,sample_complexity.py,f791ae4,yes,3.12.8,Windows-AMD64,venv-tfm,2.4.6,3.0.5,1.17.1,1.9.0,2.14.0+cpu,8.4.0,2.1.1,,,,3.2.0,,,,,4.0,,,,,,,,,,,,sample_complexity_remeasured.csv,,,,,,,,,,,,,,,,"500,1000,2000,4000,8000",,,,,,,,,,,,
2026-09-09T22:47:53Z,architecture_tabdpt.csv,architecture_tabdpt.py,8b0943f,yes,3.12.8,Windows-AMD64,venv-tabdpt,2.5.2,3.0.5,1.18.1,1.9.0,2.13.0,,,1.2.0,,,,,,,,,,,,,,,,,,,,architecture_tabdpt_remeasured.csv,,,,,,,,,,,,,,,,,,,,,,,,,,,,
2026-09-09T22:50:56Z,dissociation_real.csv,dissociation_real.py,8b0943f,yes,3.12.8,Windows-AMD64,venv-tfm,2.4.6,3.0.5,1.17.1,1.9.0,2.14.0+cpu,8.4.0,2.1.1,,,,3.2.0,,,,,4.0,,,,,,,,,,,,dissociation_real_remeasured.csv,,,,,,,,,,,,,,,,,,,,,,,,,,,,
2026-09-10T01:16:07Z,mean_correction.csv,mean_correction.py,8b0943f,yes,3.12.8,Windows-AMD64,venv-tfm,2.4.6,3.0.5,1.17.1,1.9.0,2.14.0+cpu,8.4.0,2.1.1,,,,3.2.0,,,TabPFN-v2.5,,,,,,,,,,,,,,mean_correction_remeasured.csv,,,,,,,,,,,,,,,,,,,,,,,,,,,,
2026-09-10T02:19:08Z,mean_correction.csv,mean_correction.py,8b0943f,yes,3.12.8,Windows-AMD64,venv-tfm,2.4.6,3.0.5,1.17.1,1.9.0,2.14.0+cpu,8.4.0,2.1.1,,,,3.2.0,,,TabPFN-v2.6,,,,,,,,,,,,,,mean_correction_remeasured.csv,,,,,,,,,,,,,,,,,,,,,,,,,,,,
2026-09-10T09:16:41Z,architecture_tabdpt.csv,architecture_tabdpt.py,fa48984,yes,3.12.8,Windows-AMD64,venv-tabdpt,2.5.2,3.0.5,1.18.1,1.9.0,2.13.0,,,1.2.0,,,,,,,5.0,,,,,,,,,,,,,architecture_tabdpt_remeasured.csv,,,,,,,,,,,,,,,,,,,,,,,,,,,,
2026-09-10T09:18:37Z,prevalence_data.csv,prevalence_data.py,fa48984,yes,3.12.8,Windows-AMD64,venv-tfm,2.4.6,3.0.5,1.17.1,1.9.0,2.14.0+cpu,8.4.0,2.1.1,,,,3.2.0,,,,,,,,,,,,,,,,,prevalence_data_rm.csv,,,,,,,,,,,,,,,,,,,,,,,,,,,,
2026-09-10T09:21:46Z,scoringbench_survey.csv,scoringbench_survey.py,fa48984,yes,3.12.8,Windows-AMD64,venv-tfm,2.4.6,3.0.5,1.17.1,1.9.0,2.14.0+cpu,8.4.0,2.1.1,,,,3.2.0,,,,,,,,,,,,,,,,,scoringbench_survey_rm.csv,,,,,,,,,,,,,,,,,,,,,,,,,,,,
2026-09-10T09:26:18Z,mean_correction.csv,mean_correction.py,fa48984,yes,3.12.8,Windows-AMD64,venv-tfm,2.4.6,3.0.5,1.17.1,1.9.0,2.14.0+cpu,8.4.0,2.1.1,,,,3.2.0,,,TabPFN-v2.6,,,,,,,,,,,,,,mean_correction_remeasured.csv,,,,,,,,,,,,,,,,,,,,,,,,,,,,
2026-09-10T10:40:48Z,shape_of_x_20.csv,shape_of_x.py,fa48984,yes,3.12.8,Windows-AMD64,venv-tfm,2.4.6,3.0.5,1.17.1,1.9.0,2.14.0+cpu,8.4.0,2.1.1,,,,3.2.0,,,,20.0,4.0,,,,,,,,,,,,shape_of_x_20_rm.csv,,,,,,,,,,,,,,,,,,,,,,,,,,,,
2026-09-10T11:31:12Z,shape_of_x_nest1.csv,shape_of_x.py,fa48984,yes,3.12.8,Windows-AMD64,venv-tfm,2.4.6,3.0.5,1.17.1,1.9.0,2.14.0+cpu,8.4.0,2.1.1,,,,3.2.0,,,,20.0,1.0,,,,,,,,,,,,shape_of_x_nest1_rm.csv,,,,,,,,,,,,,,,,,,,,,,,,,,,,
2026-09-10T12:32:52Z,tail_families.csv,tail_families.py,fa48984,yes,3.12.8,Windows-AMD64,venv-tfm,2.4.6,3.0.5,1.17.1,1.9.0,2.14.0+cpu,8.4.0,2.1.1,,,,3.2.0,,,,,,,,,,,,,,,,,tail_families_rm.csv,,,,,,,,,,,,,,,,,,,,,,,,,,,,
2026-09-10T12:48:03Z,vincentization.csv,vincentization.py,fa48984,yes,3.12.8,Windows-AMD64,venv-tfm,2.4.6,3.0.5,1.17.1,1.9.0,2.14.0+cpu,8.4.0,2.1.1,,,,3.2.0,,,,,,,,,,,,,,,,,vincentization_rm.csv,,,,,,,,,,,,,,,,,,,,,,,,,,,,
2026-09-10T13:11:01Z,mean_correction.csv,mean_correction.py,fa48984,yes,3.12.8,Windows-AMD64,venv-tfm,2.4.6,3.0.5,1.17.1,1.9.0,2.14.0+cpu,8.4.0,2.1.1,,,,3.2.0,,,GBM,,,,,,,,,,,,,,mean_correction_remeasured.csv,,,,,,,,,,,,,,,,,,,,,,,,,,,,
2026-09-10T13:14:29Z,mean_correction.csv,mean_correction.py,fa48984,yes,3.12.8,Windows-AMD64,venv-tfm,2.4.6,3.0.5,1.17.1,1.9.0,2.14.0+cpu,8.4.0,2.1.1,,,,3.2.0,,,TabICLv2,,,,,,,,,,,,,,mean_correction_remeasured.csv,,,,,,,,,,,,,,,,,,,,,,,,,,,,
2026-09-10T13:24:30Z,repair.csv,repair.py,fa48984,yes,3.12.8,Windows-AMD64,venv-tfm,2.4.6,3.0.5,1.17.1,1.9.0,2.14.0+cpu,8.4.0,2.1.1,,,,3.2.0,,,,,,,,,,,,,,,,,repair_rm.csv,,,,,,,,,,,,,,,,,,,,,,,,,,,,
2026-09-10T13:35:59Z,influence.csv,influence.py,fa48984,yes,3.12.8,Windows-AMD64,venv-tfm,2.4.6,3.0.5,1.17.1,1.9.0,2.14.0+cpu,8.4.0,2.1.1,,,,3.2.0,,,,,,,,,,,,,,,,,influence_rm.csv,,,,,,,,,,,,,,,,,,,,,,,,,,,,
2026-09-10T13:38:42Z,mean_correction.csv,mean_correction.py,fa48984,yes,3.12.8,Windows-AMD64,venv-tfm,2.4.6,3.0.5,1.17.1,1.9.0,2.14.0+cpu,8.4.0,2.1.1,,,,3.2.0,,,TabPFN-V3,,,,,,,,,,,,,,mean_correction_remeasured.csv,,,,,,,,,,,,,,,,,,,,,,,,,,,,
2026-09-10T13:50:56Z,repair.csv,repair.py,fa48984,yes,3.12.8,Windows-AMD64,venv-tfm,2.4.6,3.0.5,1.17.1,1.9.0,2.14.0+cpu,8.4.0,2.1.1,,,,3.2.0,,,,,,,,,,,,,,,,,repair_rm.csv,,,,,,,,,,,,,,,,,,,,,,,,,,,,
2026-09-10T14:17:17Z,mean_correction.csv,mean_correction.py,bdc603b,yes,3.12.8,Windows-AMD64,venv-tabdpt,2.5.2,3.0.5,1.18.1,1.9.0,2.13.0,,,1.2.0,,,,,,TabDPT,,,,,,,,,,,,,,mean_correction_remeasured.csv,,,,,,,,,,,,,,,,,,,,,,,,,,,,
2026-09-10T14:42:32Z,mean_correction.csv,mean_correction.py,bdc603b,yes,3.12.8,Windows-AMD64,venv-tabfm,2.5.2,3.0.5,1.18.1,1.9.0,2.13.0+cpu,,,,1.0.1,,,,,EXAONE,,,,,,,,,,,,,,mean_correction_remeasured.csv,,,,,,,,,,,,,,,,,,,,,,,,,,,,
2026-09-10T23:03:14Z,clip_context.csv,clip_context.py,d51d379,yes,3.12.8,Windows-AMD64,venv-tfm,2.4.6,3.0.5,1.17.1,1.9.0,2.14.0+cpu,8.4.0,2.1.1,,,,3.2.0,,,,,,,,,,,,,,,,,,,,,,,,,,,,,,,,,,,,,,,,,,,,,
2026-09-10T23:14:39Z,mean_correction.csv,mean_correction.py,d51d379,yes,3.12.8,Windows-AMD64,venv-tabfm,2.5.2,3.0.5,1.18.1,1.9.0,2.13.0+cpu,,,,1.0.1,,,,,TabFM,,,,,,,,,,,,,,mean_correction_remeasured.csv,,,,,,,,,,,,,,,,,,,,,,,,,,,,
2026-09-10T23:55:51Z,mean_correction.csv,mean_correction.py,ae9d5c6,yes,3.12.8,Windows-AMD64,venv-tabfm,2.5.2,3.0.5,1.18.1,1.9.0,2.13.0+cpu,,,,1.0.1,,,,,TabFM,,,,,,,,,,,,,,mean_correction_remeasured.csv,,,,,,,,,,,,,,,,,,,,,,,,,,,,
2026-09-11T00:09:49Z,prevalence_data.csv,prevalence_data.py,ae9d5c6,yes,3.12.8,Windows-AMD64,venv-tfm,2.4.6,3.0.5,1.17.1,1.9.0,2.14.0+cpu,8.4.0,2.1.1,,,,3.2.0,,,,,,,,,,,,,,,,,prevalence_data_rm.csv,,,,,,,,,,,,,,,,,,,,,,,,,,,,
2026-09-11T00:09:55Z,architecture_tabdpt_probe.csv,architecture_tabdpt.py,ae9d5c6,yes,3.12.8,Windows-AMD64,venv-tabdpt,2.5.2,3.0.5,1.18.1,1.9.0,2.13.0,,,1.2.0,,,,,,,1.0,,,,,,,,,,,,,architecture_tabdpt_probe.csv,,,,,,,,,,,,,,,,,,,,,,,,,,,,
2026-09-11T00:18:25Z,scoringbench_survey.csv,scoringbench_survey.py,07a833d,yes,3.12.8,Windows-AMD64,venv-tfm,2.4.6,3.0.5,1.17.1,1.9.0,2.14.0+cpu,8.4.0,2.1.1,,,,3.2.0,,,,,,,,,,,,,,,,,scoringbench_survey_rm.csv,,,,,,,,,,,,,,,,,,,,,,,,,,,,
2026-09-11T00:24:56Z,prevalence_data.csv,prevalence_data.py,07a833d,yes,3.12.8,Windows-AMD64,venv-tfm,2.4.6,3.0.5,1.17.1,1.9.0,2.14.0+cpu,8.4.0,2.1.1,,,,3.2.0,,,,,,,,,,freMTPL2sev,,,,,,,prevalence_data_rm.csv,,,,,,,,,,,,,,,,,,,,,,,,,,,,
2026-09-11T00:29:36Z,vincentization.csv,vincentization.py,f6a9437,yes,3.12.8,Windows-AMD64,venv-tfm,2.4.6,3.0.5,1.17.1,1.9.0,2.14.0+cpu,8.4.0,2.1.1,,,,3.2.0,,GBM,,,,,,,,,,,,,,,vincentization_rm.csv,,,,,,,,,,,,,,,,,,,,,,,,,,,,
2026-09-11T04:27:50Z,mean_correction.csv,mean_correction.py,a661051,yes,3.12.8,Windows-AMD64,venv-tabfm,2.5.2,3.0.5,1.18.1,1.9.0,2.13.0+cpu,,,,1.0.1,,,,,EXAONE,,,,,,,,,,,,,,mean_correction_remeasured.csv,,,,,,,,,,,,,,,,,,,,,,,,,,,,
