utc,output,script,git_sha,git_dirty,python,platform,venv,v_numpy,v_pandas,v_scipy,v_scikit_learn,v_torch,v_tabpfn,v_tabicl,v_tabdpt,v_tabfm,v_exaone_tabular,v_xgboost,v_catboost,v_causilo,v_limix,env_MODELS,env_MODEL,env_SEEDS,env_N_EST,env_XI,env_DOSES,env_DOSE_MODE,env_SD_SHIFTS,env_DATASETS,env_POSITION,env_VARIANTS,env_LEVELS,env_MEMBERS,env_N_GROUPS,env_N_TRAIN,env_OUTPUT,env_TFM_STRICT,env_ARM,env_D,env_PARTS,env_DOSE,env_FAMILIES,env_GENERATOR,env_K,env_N_PER_BIN,env_K_SHARE,env_LOG_SCALE,env_MAX_ATTEMPTS,env_MASS,env_N_BOOT,env_N_FIT,env_N_GRID,env_N_PERM,env_N_PER_GROUP,env_N_TEST,env_OUTPUT1,env_OUTPUT2,env_N_REPEATS,env_TRANSFORMS,env_N_SUBSAMPLES,env_DTYPE,env_PER_LEVEL,env_SELECTED,env_CATEGORICAL,env_TABPFN_MODEL_VERSION,env_CLIP_C,env_U_SHARES,env_REPEATS,env_N_CALIB,env_OMP_NUM_THREADS,env_MKL_NUM_THREADS,env_TFMP_DEVICE,env_LIMIX_DEVICE
2026-09-15T14:02:17Z,shape_of_x_gbm_n768.csv,shape_of_x.py,58fd13c,no,3.12.10,Windows-AMD64,venv-tfmp,2.5.3,3.0.5,1.18.1,1.9.1,2.9.1+cu126,,2.2.0,,,,3.4.1,,,,GBM,,20,1,,,,,,,,,,,768,shape_of_x_gbm_n768.csv,,,,,,,,,,,,,,,,,,,,,,,,,,,,,,,,,,2,2,,
2026-09-15T14:02:56Z,scale_of_x_gbm_n768.csv,scale_of_x.py,58fd13c,yes,3.12.10,Windows-AMD64,venv-tfmp,2.5.3,3.0.5,1.18.1,1.9.1,2.9.1+cu126,,2.2.0,,,,3.4.1,,,,GBM,,20,1,,,,,,,,,,,768,scale_of_x_gbm_n768.csv,,,,,,,,,,,,,,,,,,,,,,,,,,,,,,,,,,2,2,,
2026-09-15T16:34:15Z,prior_pretraining_eval.csv,prior_pretraining_eval.py,7cf94cb,no,3.12.10,Windows-AMD64,venv-tfmp,2.5.3,3.0.5,1.18.1,1.9.1,2.9.1+cu126,,2.2.0,,,,3.4.1,,,,nanoTabPFN-A0B0-s1,,,,,,,,,,,,,,,,,,,,,,,,,,,,,,,,,,,,,,,,,,,,,,,,,4,4,cpu,
2026-09-15T16:51:43Z,shape_of_x_nanotabpfn_n768.csv,shape_of_x.py,b589659,yes,3.12.10,Windows-AMD64,venv-tfmp,2.5.3,3.0.5,1.18.1,1.9.1,2.9.1+cu126,,2.2.0,,,,3.4.1,,,,nanoTabPFN-A0B0-s1,,20,1,,,,,,,,,,,768,shape_of_x_nanotabpfn_n768.csv,,,,,,,,,,,,,,,,,,,,,,,,,,,,,,,,,,4,4,cpu,
2026-09-15T16:52:44Z,scale_of_x_nanotabpfn_n768.csv,scale_of_x.py,b589659,yes,3.12.10,Windows-AMD64,venv-tfmp,2.5.3,3.0.5,1.18.1,1.9.1,2.9.1+cu126,,2.2.0,,,,3.4.1,,,,nanoTabPFN-A0B0-s1,,20,1,,,,,,,,,,,768,scale_of_x_nanotabpfn_n768.csv,,,,,,,,,,,,,,,,,,,,,,,,,,,,,,,,,,4,4,cpu,
2026-09-15T19:57:41Z,prior_pretraining_eval.csv,prior_pretraining_eval.py,4460bfc,yes,3.12.10,Windows-AMD64,venv-tfmp,2.5.3,3.0.5,1.18.1,1.9.1,2.9.1+cu126,,2.2.0,,,,3.4.1,,,,nanoTabPFN-A0B0-s2,,,,,,,,,,,,,,,,,,,,,,,,,,,,,,,,,,,,,,,,,,,,,,,,,4,4,cuda,
2026-09-15T19:57:41Z,shape_of_x_nanotabpfn_n768.csv,shape_of_x.py,4460bfc,yes,3.12.10,Windows-AMD64,venv-tfmp,2.5.3,3.0.5,1.18.1,1.9.1,2.9.1+cu126,,2.2.0,,,,3.4.1,,,,nanoTabPFN-A0B0-s2,,20,1,,,,,,,,,,,768,shape_of_x_nanotabpfn_n768.csv,,,,,,,,,,,,,,,,,,,,,,,,,,,,,,,,,,4,4,cuda,
2026-09-15T19:57:52Z,scale_of_x_nanotabpfn_n768.csv,scale_of_x.py,4460bfc,yes,3.12.10,Windows-AMD64,venv-tfmp,2.5.3,3.0.5,1.18.1,1.9.1,2.9.1+cu126,,2.2.0,,,,3.4.1,,,,nanoTabPFN-A0B0-s2,,20,1,,,,,,,,,,,768,scale_of_x_nanotabpfn_n768.csv,,,,,,,,,,,,,,,,,,,,,,,,,,,,,,,,,,4,4,cuda,
2026-09-16T02:59:07Z,prior_pretraining_eval.csv,prior_pretraining_eval.py,9776c7b,no,3.12.10,Windows-AMD64,venv-tfmp,2.5.3,3.0.5,1.18.1,1.9.1,2.9.1+cu126,,2.2.0,,,,3.4.1,,,,nanoTabPFN-A0B0-s11,,,,,,,,,,,,,,200,,,,,,,,,,,,,,,,,,,,,,,,,,,,,,,,,,,3,3,cuda,
2026-09-16T03:00:50Z,shape_of_x_nanotabpfn_n200.csv,shape_of_x.py,9776c7b,yes,3.12.10,Windows-AMD64,venv-tfmp,2.5.3,3.0.5,1.18.1,1.9.1,2.9.1+cu126,,2.2.0,,,,3.4.1,,,,nanoTabPFN-A0B0-s11,,20,1,,,,,,,,,,,200,shape_of_x_nanotabpfn_n200.csv,,,,,,,,,,,,,,,,,,,,,,,,,,,,,,,,,,3,3,cuda,
2026-09-16T03:01:04Z,scale_of_x_nanotabpfn_n200.csv,scale_of_x.py,9776c7b,yes,3.12.10,Windows-AMD64,venv-tfmp,2.5.3,3.0.5,1.18.1,1.9.1,2.9.1+cu126,,2.2.0,,,,3.4.1,,,,nanoTabPFN-A0B0-s11,,20,1,,,,,,,,,,,200,scale_of_x_nanotabpfn_n200.csv,,,,,,,,,,,,,,,,,,,,,,,,,,,,,,,,,,3,3,cuda,
2026-09-16T06:10:20Z,prior_pretraining_eval.csv,prior_pretraining_eval.py,045c0ca,no,3.12.10,Windows-AMD64,venv-tfmp,2.5.3,3.0.5,1.18.1,1.9.1,2.9.1+cu126,,2.2.0,,,,3.4.1,,,,"nanoTabPFN-A0B0-s41,nanoTabPFN-A0B1-s41,nanoTabPFN-A1B0-s41,nanoTabPFN-A1B1-s41,nanoTabPFN-A0B0-s42,nanoTabPFN-A0B1-s42,nanoTabPFN-A1B0-s42,nanoTabPFN-A1B1-s42",,,,,,,,,,,,,,35,,,,,,,,,,,,,,,,,,,,900,,,,,,,,,,,,,,,3,,cuda,
2026-09-16T15:16:55Z,prior_pretraining_eval.csv,prior_pretraining_eval.py,65abf15,no,3.12.10,Windows-AMD64,venv-tfmp,2.5.3,3.0.5,1.18.1,1.9.1,2.9.1+cu126,,2.2.0,,,,3.4.1,,,,nanoTabPFN-A0B0-s91,,,,,,,,,,,,,,35,,,,,,,,,,,,,,,,,,,,,,,,,,,,,,,,,,,3,3,cpu,
2026-09-16T16:34:24Z,prior_pretraining_eval.csv,prior_pretraining_eval.py,2995bc3,no,3.12.10,Windows-AMD64,venv-tfmp,2.5.3,3.0.5,1.18.1,1.9.1,2.9.1+cu126,,2.2.0,,,,3.4.1,,,,nanoTabPFN-A0B0-s92,,,,,,,,,,,,,,200,,,,,,,,,,,,,,,,,,,,,,,,,,,,,,,,,,,3,3,cuda,
2026-09-16T18:43:24Z,clip_context_real_tabicl_ft.csv,clip_context_real.py,9b0f44d,yes,3.12.10,Windows-AMD64,venv-tfmp,2.5.3,3.0.5,1.18.1,1.9.1,2.9.1+cu126,,2.2.0,,,,3.4.1,,,,"TabICLv2,TabICLv2-FT-A0-s1,TabICLv2-FT-A1-s1,TabICLv2-FT-A0-s2,TabICLv2-FT-A1-s2",,,,,,,,freMTPL2sev,,"without_max,raw,clip_200",,,,,clip_context_real_tabicl_ft.csv,,,,,,,,,,,,,,,,,,,,,,,,,,,,,,,,,,6,6,,
2026-09-16T20:09:00Z,prior_pretraining_eval_curriculum_2.csv,prior_pretraining_eval.py,d0eec62,yes,3.12.10,Windows-AMD64,venv-tfmp,2.5.3,3.0.5,1.18.1,1.9.1,2.9.1+cu126,,2.2.0,,,,3.4.1,,,,nanoTabPFN-A0B0-s93,,,,,,,,,,,,,,200,prior_pretraining_eval_curriculum_2.csv,,,,,,,,,,,,,,,,,,,,,,,,,,,,,,,,,,2,2,cuda,
2026-09-16T20:09:00Z,prior_pretraining_eval_curriculum_1.csv,prior_pretraining_eval.py,d0eec62,yes,3.12.10,Windows-AMD64,venv-tfmp,2.5.3,3.0.5,1.18.1,1.9.1,2.9.1+cu126,,2.2.0,,,,3.4.1,,,,nanoTabPFN-A1B0-s92,,,,,,,,,,,,,,200,prior_pretraining_eval_curriculum_1.csv,,,,,,,,,,,,,,,,,,,,,,,,,,,,,,,,,,2,2,cuda,
2026-09-16T21:38:04Z,prior_pretraining_eval_curriculum_2.csv,prior_pretraining_eval.py,d0eec62,yes,3.12.10,Windows-AMD64,venv-tfmp,2.5.3,3.0.5,1.18.1,1.9.1,2.9.1+cu126,,2.2.0,,,,3.4.1,,,,nanoTabPFN-A1B1-s92,,,,,,,,,,,,,,200,prior_pretraining_eval_curriculum_2.csv,,,,,,,,,,,,,,,,,,,,,,,,,,,,,,,,,,2,2,cuda,
2026-09-16T21:38:04Z,prior_pretraining_eval_curriculum_1.csv,prior_pretraining_eval.py,d0eec62,yes,3.12.10,Windows-AMD64,venv-tfmp,2.5.3,3.0.5,1.18.1,1.9.1,2.9.1+cu126,,2.2.0,,,,3.4.1,,,,nanoTabPFN-A0B1-s92,,,,,,,,,,,,,,200,prior_pretraining_eval_curriculum_1.csv,,,,,,,,,,,,,,,,,,,,,,,,,,,,,,,,,,2,2,cuda,
2026-09-16T23:23:15Z,shape_of_x_nanotabpfn_n200_curriculum.csv,shape_of_x.py,d0eec62,yes,3.12.10,Windows-AMD64,venv-tfmp,2.5.3,3.0.5,1.18.1,1.9.1,2.9.1+cu126,,2.2.0,,,,3.4.1,,,,"nanoTabPFN-A0B0-s92,nanoTabPFN-A1B0-s92,nanoTabPFN-A0B0-s93,nanoTabPFN-A1B0-s93",,20,1,,,,,,,,,,,200,shape_of_x_nanotabpfn_n200_curriculum.csv,,,,,,,,,,,,,,,,,,,,,,,,,,,,,,,,,,3,3,cuda,
2026-09-16T23:23:29Z,scale_of_x_nanotabpfn_n200_curriculum.csv,scale_of_x.py,d0eec62,yes,3.12.10,Windows-AMD64,venv-tfmp,2.5.3,3.0.5,1.18.1,1.9.1,2.9.1+cu126,,2.2.0,,,,3.4.1,,,,"nanoTabPFN-A0B0-s92,nanoTabPFN-A1B0-s92,nanoTabPFN-A0B0-s93,nanoTabPFN-A1B0-s93",,20,1,,,,,,,,,,,200,scale_of_x_nanotabpfn_n200_curriculum.csv,,,,,,,,,,,,,,,,,,,,,,,,,,,,,,,,,,3,3,cuda,
2026-09-16T23:23:44Z,shape_of_x_gbm_n200.csv,shape_of_x.py,d0eec62,yes,3.12.10,Windows-AMD64,venv-tfmp,2.5.3,3.0.5,1.18.1,1.9.1,2.9.1+cu126,,2.2.0,,,,3.4.1,,,,GBM,,20,1,,,,,,,,,,,200,shape_of_x_gbm_n200.csv,,,,,,,,,,,,,,,,,,,,,,,,,,,,,,,,,,4,3,,
2026-09-16T23:24:16Z,scale_of_x_gbm_n200.csv,scale_of_x.py,d0eec62,yes,3.12.10,Windows-AMD64,venv-tfmp,2.5.3,3.0.5,1.18.1,1.9.1,2.9.1+cu126,,2.2.0,,,,3.4.1,,,,GBM,,20,1,,,,,,,,,,,200,scale_of_x_gbm_n200.csv,,,,,,,,,,,,,,,,,,,,,,,,,,,,,,,,,,4,3,,
2026-09-16T23:26:10Z,shape_of_x_nanotabpfn_n200_curriculum.csv,shape_of_x.py,d0eec62,yes,3.12.10,Windows-AMD64,venv-tfmp,2.5.3,3.0.5,1.18.1,1.9.1,2.9.1+cu126,,2.2.0,,,,3.4.1,,,,"nanoTabPFN-A0B0-s92,nanoTabPFN-A1B0-s92,nanoTabPFN-A0B0-s93",,20,1,,,,,,,,,,,200,shape_of_x_nanotabpfn_n200_curriculum.csv,,,,,,,,,,,,,,,,,,,,,,,,,,,,,,,,,,3,3,cuda,
2026-09-16T23:26:29Z,scale_of_x_nanotabpfn_n200_curriculum.csv,scale_of_x.py,d0eec62,yes,3.12.10,Windows-AMD64,venv-tfmp,2.5.3,3.0.5,1.18.1,1.9.1,2.9.1+cu126,,2.2.0,,,,3.4.1,,,,"nanoTabPFN-A0B0-s92,nanoTabPFN-A1B0-s92,nanoTabPFN-A0B0-s93",,20,1,,,,,,,,,,,200,scale_of_x_nanotabpfn_n200_curriculum.csv,,,,,,,,,,,,,,,,,,,,,,,,,,,,,,,,,,3,3,cuda,
2026-09-16T23:55:56Z,prior_pretraining_eval_curriculum_2.csv,prior_pretraining_eval.py,d0eec62,yes,3.12.10,Windows-AMD64,venv-tfmp,2.5.3,3.0.5,1.18.1,1.9.1,2.9.1+cu126,,2.2.0,,,,3.4.1,,,,nanoTabPFN-A1B0-s93,,,,,,,,,,,,,,200,prior_pretraining_eval_curriculum_2.csv,,,,,,,,,,,,,,,,,,,,,,,,,,,,,,,,,,2,2,cuda,
2026-09-16T23:58:20Z,shape_of_x_nanotabpfn_n200_curriculum.csv,shape_of_x.py,d0eec62,yes,3.12.10,Windows-AMD64,venv-tfmp,2.5.3,3.0.5,1.18.1,1.9.1,2.9.1+cu126,,2.2.0,,,,3.4.1,,,,nanoTabPFN-A1B0-s93,,20,1,,,,,,,,,,,200,shape_of_x_nanotabpfn_n200_curriculum.csv,,,,,,,,,,,,,,,,,,,,,,,,,,,,,,,,,,3,3,cuda,
2026-09-16T23:58:27Z,scale_of_x_nanotabpfn_n200_curriculum.csv,scale_of_x.py,d0eec62,yes,3.12.10,Windows-AMD64,venv-tfmp,2.5.3,3.0.5,1.18.1,1.9.1,2.9.1+cu126,,2.2.0,,,,3.4.1,,,,nanoTabPFN-A1B0-s93,,20,1,,,,,,,,,,,200,scale_of_x_nanotabpfn_n200_curriculum.csv,,,,,,,,,,,,,,,,,,,,,,,,,,,,,,,,,,3,3,cuda,
2026-09-17T09:11:47Z,prior_pretraining_eval_curriculum_4.csv,prior_pretraining_eval.py,e7b763e,yes,3.12.10,Windows-AMD64,venv-tfmp,2.5.3,3.0.5,1.18.1,1.9.1,2.9.1+cu126,,2.2.0,,,,3.4.1,,,,nanoTabPFN-ACB0-s92,,,,,,,,,,,,,,200,prior_pretraining_eval_curriculum_4.csv,,,,,,,,,,,,,,,,,,,,,,,,,,,,,,,,,,2,2,cuda,
2026-09-17T09:11:47Z,prior_pretraining_eval_curriculum_3.csv,prior_pretraining_eval.py,e7b763e,yes,3.12.10,Windows-AMD64,venv-tfmp,2.5.3,3.0.5,1.18.1,1.9.1,2.9.1+cu126,,2.2.0,,,,3.4.1,,,,nanoTabPFN-ATB0-s92,,,,,,,,,,,,,,200,prior_pretraining_eval_curriculum_3.csv,,,,,,,,,,,,,,,,,,,,,,,,,,,,,,,,,,2,2,cuda,
2026-09-17T09:19:16Z,shape_of_x_nanotabpfn_n200_curriculum.csv,shape_of_x.py,e7b763e,yes,3.12.10,Windows-AMD64,venv-tfmp,2.5.3,3.0.5,1.18.1,1.9.1,2.9.1+cu126,,2.2.0,,,,3.4.1,,,,"nanoTabPFN-ATB0-s92,nanoTabPFN-ACB0-s92",,20,1,,,,,,,,,,,200,shape_of_x_nanotabpfn_n200_curriculum.csv,,,,,,,,,,,,,,,,,,,,,,,,,,,,,,,,,,3,3,cuda,
2026-09-17T09:19:35Z,scale_of_x_nanotabpfn_n200_curriculum.csv,scale_of_x.py,e7b763e,yes,3.12.10,Windows-AMD64,venv-tfmp,2.5.3,3.0.5,1.18.1,1.9.1,2.9.1+cu126,,2.2.0,,,,3.4.1,,,,"nanoTabPFN-ATB0-s92,nanoTabPFN-ACB0-s92",,20,1,,,,,,,,,,,200,scale_of_x_nanotabpfn_n200_curriculum.csv,,,,,,,,,,,,,,,,,,,,,,,,,,,,,,,,,,3,3,cuda,
2026-09-17T10:45:36Z,prior_pretraining_eval_curriculum_4.csv,prior_pretraining_eval.py,e7b763e,yes,3.12.10,Windows-AMD64,venv-tfmp,2.5.3,3.0.5,1.18.1,1.9.1,2.9.1+cu126,,2.2.0,,,,3.4.1,,,,nanoTabPFN-ATB0-s93,,,,,,,,,,,,,,200,prior_pretraining_eval_curriculum_4.csv,,,,,,,,,,,,,,,,,,,,,,,,,,,,,,,,,,2,2,cuda,
2026-09-17T10:45:36Z,prior_pretraining_eval_curriculum_3.csv,prior_pretraining_eval.py,e7b763e,yes,3.12.10,Windows-AMD64,venv-tfmp,2.5.3,3.0.5,1.18.1,1.9.1,2.9.1+cu126,,2.2.0,,,,3.4.1,,,,nanoTabPFN-ACB0-s93,,,,,,,,,,,,,,200,prior_pretraining_eval_curriculum_3.csv,,,,,,,,,,,,,,,,,,,,,,,,,,,,,,,,,,2,2,cuda,
2026-09-17T10:46:05Z,shape_of_x_nanotabpfn_n200_curriculum.csv,shape_of_x.py,e7b763e,yes,3.12.10,Windows-AMD64,venv-tfmp,2.5.3,3.0.5,1.18.1,1.9.1,2.9.1+cu126,,2.2.0,,,,3.4.1,,,,"nanoTabPFN-ATB0-s93,nanoTabPFN-ACB0-s93",,20,1,,,,,,,,,,,200,shape_of_x_nanotabpfn_n200_curriculum.csv,,,,,,,,,,,,,,,,,,,,,,,,,,,,,,,,,,3,3,cuda,
2026-09-17T10:46:15Z,scale_of_x_nanotabpfn_n200_curriculum.csv,scale_of_x.py,e7b763e,yes,3.12.10,Windows-AMD64,venv-tfmp,2.5.3,3.0.5,1.18.1,1.9.1,2.9.1+cu126,,2.2.0,,,,3.4.1,,,,"nanoTabPFN-ATB0-s93,nanoTabPFN-ACB0-s93",,20,1,,,,,,,,,,,200,scale_of_x_nanotabpfn_n200_curriculum.csv,,,,,,,,,,,,,,,,,,,,,,,,,,,,,,,,,,3,3,cuda,
2026-09-17T11:04:29Z,prior_pretraining_eval_families.csv,prior_pretraining_eval.py,77f3176,yes,3.12.10,Windows-AMD64,venv-tfmp,2.5.3,3.0.5,1.18.1,1.9.1,2.9.1+cu126,,2.2.0,,,,3.4.1,,,,"nanoTabPFN-A0B0-s92,nanoTabPFN-A1B0-s92,nanoTabPFN-ATB0-s92,nanoTabPFN-ACB0-s92,nanoTabPFN-A0B0-s93,nanoTabPFN-A1B0-s93,nanoTabPFN-ATB0-s93,nanoTabPFN-ACB0-s93",,,,,,,,,,,,,,200,prior_pretraining_eval_families.csv,,,,,,"frechet,burr,studentt",,,,,,,,,,,,,,,,,,,,,,,,,,,,3,3,cuda,
2026-09-17T11:06:32Z,prior_pretraining_real.csv,prior_pretraining_real.py,77f3176,yes,3.12.10,Windows-AMD64,venv-tfmp,2.5.3,3.0.5,1.18.1,1.9.1,2.9.1+cu126,,2.2.0,,,,3.4.1,,,,"nanoTabPFN-A0B0-s92,nanoTabPFN-A1B0-s92,nanoTabPFN-ATB0-s92,nanoTabPFN-ACB0-s92,nanoTabPFN-A0B0-s93,nanoTabPFN-A1B0-s93,nanoTabPFN-ATB0-s93,nanoTabPFN-ACB0-s93",,,,,,,,,,,,,,,,,,,,,,,,,,,,,,,,,,,,,,,,,,,,,,,,,3,3,cuda,
2026-09-17T13:22:32Z,pinball_oracle.csv,pinball_reference.py,aa65e61,yes,3.12.10,Windows-AMD64,venv-tfmp,2.5.3,3.0.5,1.18.1,1.9.1,2.9.1+cu126,,2.2.0,,,,3.4.1,,,,,,,,,,,,,,,,,,,,,,,,,,,,,,,,,,,,,,,,,,,,,,,,,,,,,3,3,,
2026-09-17T13:22:42Z,pinball_reference_real.csv,pinball_reference.py,aa65e61,yes,3.12.10,Windows-AMD64,venv-tfmp,2.5.3,3.0.5,1.18.1,1.9.1,2.9.1+cu126,,2.2.0,,,,3.4.1,,,,,,,,,,,,,,,,,,,,,,,,,,,,,,,,,,,,,,,,,,,,,,,,,,,,,3,3,,
2026-09-29T11:11:05Z,clip_context_real_causilo.csv,clip_context_real.py,2f3b9b2,yes,3.11.0,Windows-AMD64,venv-tfm9,2.4.6,3.0.6,1.17.1,1.9.1,2.14.0+cpu,9.0.0,,,,,,,1.0.3,,Causilo,,,1,,,,,,,,,,,,clip_context_real_causilo.csv,,,,,,,,,,,,,,,,,,,,,,,,,,,,,,,,,,6,6,,
2026-09-29T11:18:36Z,clip_context_real_limix2.csv,clip_context_real.py,2f3b9b2,yes,3.12.10,Windows-AMD64,venv-limix,2.5.3,3.0.6,1.18.1,1.9.1,2.9.1+cu126,,,,,,,,,2.0.0,LimiX-2,,,1,,,,,,,,,,,,clip_context_real_limix2.csv,,,,,,,,,,,,,,,,,,,,,,,,,,,,,,,,,,6,6,,
2026-09-29T11:27:31Z,influence_sd_causilo.csv,influence.py,2f3b9b2,yes,3.11.0,Windows-AMD64,venv-tfm9,2.4.6,3.0.6,1.17.1,1.9.1,2.14.0+cpu,9.0.0,,,,,,,1.0.3,,Causilo,,5,1,"0.3,0.7","2,4,10,20,50",sd,,,,,,,,,influence_sd_causilo.csv,,,,,,,,,,,,,,,,,,,,,,,,,,,,,,,,,,6,6,,
2026-09-29T11:30:59Z,influence_causilo.csv,influence.py,2f3b9b2,yes,3.11.0,Windows-AMD64,venv-tfm9,2.4.6,3.0.6,1.17.1,1.9.1,2.14.0+cpu,9.0.0,,,,,,,1.0.3,,Causilo,,5,1,"0.3,0.7","1,3,10,100",,,,,,,,,,influence_causilo.csv,,,,,,,,,,,,,,,,,,,,,,,,,,,,,,,,,,6,6,,
2026-09-29T11:33:57Z,shape_of_x_causilo.csv,shape_of_x.py,2f3b9b2,yes,3.11.0,Windows-AMD64,venv-tfm9,2.4.6,3.0.6,1.17.1,1.9.1,2.14.0+cpu,9.0.0,,,,,,,1.0.3,,Causilo,,20,1,,,,,,,,,,,,shape_of_x_causilo.csv,,,,,,,,,,,,,,,,,,,,,,,,,,,,,,,,,,6,6,,
2026-09-29T11:35:31Z,scale_of_x_causilo.csv,scale_of_x.py,2f3b9b2,yes,3.11.0,Windows-AMD64,venv-tfm9,2.4.6,3.0.6,1.17.1,1.9.1,2.14.0+cpu,9.0.0,,,,,,,1.0.3,,Causilo,,20,1,,,,,,,,,,,,scale_of_x_causilo.csv,,,,,,,,,,,,,,,,,,,,,,,,,,,,,,,,,,6,6,,
2026-09-29T11:37:04Z,unit_error_real_causilo.csv,unit_error_real.py,2f3b9b2,yes,3.11.0,Windows-AMD64,venv-tfm9,2.4.6,3.0.6,1.17.1,1.9.1,2.14.0+cpu,9.0.0,,,,,,,1.0.3,,Causilo,,,1,,,,,,,"raw,clip_50,clip_200,sd_cap",,,,,unit_error_real_causilo.csv,,,,,,,,,,,,,,,,,,,,,,,,,,,,,,,,,,6,6,,
2026-09-29T12:02:49Z,influence_sd_limix2.csv,influence.py,2f3b9b2,yes,3.12.10,Windows-AMD64,venv-limix,2.5.3,3.0.6,1.18.1,1.9.1,2.9.1+cu126,,,,,,,,,2.0.0,LimiX-2,,5,1,"0.3,0.7","2,4,10,20,50",sd,,,,,,,,,influence_sd_limix2.csv,,,,,,,,,,,,,,,,,,,,,,,,,,,,,,,,,,6,6,,
2026-09-29T12:15:03Z,unit_error_real_causilo.csv,unit_error_real.py,2f3b9b2,yes,3.11.0,Windows-AMD64,venv-tfm9,2.4.6,3.0.6,1.17.1,1.9.1,2.14.0+cpu,9.0.0,,,,,,,1.0.3,,Causilo,,,1,,,,,,,"raw,clip_50,clip_200,sd_cap",,,,,unit_error_real_causilo.csv,,,,,,,,,,,,,,,,,,,,,,,,,,,,,,,,,,6,6,,
2026-09-29T12:22:18Z,influence_limix2.csv,influence.py,2f3b9b2,yes,3.12.10,Windows-AMD64,venv-limix,2.5.3,3.0.6,1.18.1,1.9.1,2.9.1+cu126,,,,,,,,,2.0.0,LimiX-2,,5,1,"0.3,0.7","1,3,10,100",,,,,,,,,,influence_limix2.csv,,,,,,,,,,,,,,,,,,,,,,,,,,,,,,,,,,6,6,,
2026-09-29T12:33:04Z,shape_of_x_limix2.csv,shape_of_x.py,2f3b9b2,yes,3.12.10,Windows-AMD64,venv-limix,2.5.3,3.0.6,1.18.1,1.9.1,2.9.1+cu126,,,,,,,,,2.0.0,LimiX-2,,20,1,,,,,,,,,,,,shape_of_x_limix2.csv,,,,,,,,,,,,,,,,,,,,,,,,,,,,,,,,,,6,6,,
2026-09-29T12:37:39Z,scale_of_x_limix2.csv,scale_of_x.py,2f3b9b2,yes,3.12.10,Windows-AMD64,venv-limix,2.5.3,3.0.6,1.18.1,1.9.1,2.9.1+cu126,,,,,,,,,2.0.0,LimiX-2,,20,1,,,,,,,,,,,,scale_of_x_limix2.csv,,,,,,,,,,,,,,,,,,,,,,,,,,,,,,,,,,6,6,,
2026-09-29T12:39:47Z,unit_error_real_limix2.csv,unit_error_real.py,2f3b9b2,yes,3.12.10,Windows-AMD64,venv-limix,2.5.3,3.0.6,1.18.1,1.9.1,2.9.1+cu126,,,,,,,,,2.0.0,LimiX-2,,,1,,,,,,,"raw,clip_50,clip_200,sd_cap",,,,,unit_error_real_limix2.csv,,,,,,,,,,,,,,,,,,,,,,,,,,,,,,,,,,6,6,,
2026-09-29T12:43:18Z,head_grid_limix2.csv,head_grid_limix.py,2f3b9b2,yes,3.12.10,Windows-AMD64,venv-limix,2.5.3,3.0.6,1.18.1,1.9.1,2.9.1+cu126,,,,,,,,,2.0.0,,,,,,,,,,,,,,,,,,,,,,,,,,,,,,,,,,,,,,,,,,,,,,,,,,,,,
2026-10-01T16:37:49Z,unit_error_real_limix2.csv,unit_error_real.py,2f3b9b2,yes,3.12.10,Windows-AMD64,venv-limix,2.5.3,3.0.6,1.18.1,1.9.1,2.9.1+cu126,,,,,,,,,2.0.0,LimiX-2,,,1,,,,,BlogFeedback,,"raw,clip_50,clip_200,sd_cap",,,,,unit_error_real_limix2.csv,,,,,,,,,,,,,,,,,,,,,,,,,,,,,,,,,,6,6,,
2026-10-01T17:15:23Z,influence_sd_dose15.csv,influence.py,f1edf82,yes,3.11.0,Windows-AMD64,venv-tfm,2.4.6,3.0.5,1.17.1,1.9.0,2.14.0+cpu,8.4.0,2.1.1,,,,3.2.0,1.2.10,,,TabPFN-V3,,5,1,"0.3,0.7","10,15,20",sd,,,,,,,,,influence_sd_dose15.csv,,,,,,,,,,,,,,,,,,,,,,,,,,,,,,,,,,6,6,,
